filename,reference,prediction,cer
test_000000.png,"assuredness "" Bella Bella Marie "" ( Parlophone ) , a lively song that changes tempo mid-way .","xssuredness ""Bella Bella Narie” ( Rarlophone ), o lively song that chonge tempo mid-way.",0.11827956989247312
test_000001.png,"I don't think he will storm the charts with this one , but it 's a good start .",} dont thinu he will Storm the charts with this one bat is a good Sart.,0.16455696202531644
test_000002.png,"CHRIS CHARLES , 39 , who lives in Stockton-on-Tees , is an accountant .","CHRIS CHARLES, 33, who lives in Stocuton-on - Tees isan accountant.",0.14084507042253522
test_000003.png,Become a success with a disc and hey presto ! You 're a star ... . Rolly sings with,Become o success with a dise and hey presto: You're a star... Rolly Sings wl th,0.13253012048192772
test_000004.png,"Tolch , as he is known in Tin Pan Alley , likes songs with a month in the title . He wrote","lolch, as he is unown in Tin Pan Alley, lines songs with a month in the tile, He wrote",0.08888888888888889
test_000005.png,""" My September Love , "" the big David Whitfield hit of 1956 .","yKy Sep temoty love”, lhe big David Wwhilgieid hop 1956.",0.3442622950819672
test_000006.png,He is also a director of a couple of garages . And he finds time as well to be a lyric,He is also a director of a couple of garages. And he ginds time as well bo bea lyric,0.046511627906976744
test_000007.png,"writer . He writes with Tolchard Evans , composer of "" Lady of Spain "" and other big hits .","writer. He wrikes with Tolchard Evans, COMPOSE FOF N Lady of Spain’ and olher big hits.",0.2087912087912088
test_000008.png,"The numbers include "" Scotland the Brave , "" "" Men of Harlech , """,he yumb ers ine Lu ole etbiadl Lhe Brave” “Mey of Har leh”,0.47692307692307695
test_000009.png,"Fay Compton stars in "" No Hiding Place "" (I T V , 9.35 p.m. ) .","ray Comp toy stows 4 = Wo Hi diveg Chace ” (17 Y, 1.35 pu.) ‘",0.3968253968253968
test_000010.png,She plays the possessive mother of a man whose hobby revolves,She p/4s he pessexive wanbbee of A way ideale hobby rew Lye,0.4262295081967213
test_000011.png,round a doll's house .,round A loll s lone .,0.2727272727272727
test_000012.png,"THREE people will be hypnotised in tonight's "" Lifeline """,FUREE people will he heyg yodseal 4 fog sth's ” Lite Liye”,0.45614035087719296
test_000013.png,"( B B C , 10.15 ) .","BBE, 0.18).",0.5263157894736842
test_000014.png,""" McNamara's Band , "" "" Greensleeves "" and "" English Rose . ""","‘"" VYawara’s Pant, -% dreeys Leeves” and ” bag bh bose,”",0.47540983606557374
test_000015.png,of Rhodesia and Nyasaland ( 10.30 p.m. ) .,"iS Ehode3,a aud phy asa bond (10.309.m.).",0.40476190476190477
test_000016.png,They will be asked to comment on the design of everyday articles,they gall be asled le commen ey oY He design of every olay ontiles,0.28125
test_000017.png,"playwright Arnold Wesker . "" Instead , Muggeridge's appointment",,1.0
test_000018.png,such as a chair and a motor-car . The idea is to see what happens when,Such a3 a phair au ol a wuoter = tar The idea iS ke See what Lappegs wha,0.34285714285714286
test_000019.png,will be with Sir Roy Welensky the Premier of the Federation,wy Lf be math Ke hoy welen shy Ye freu jer sf ber 4e der abfoy,0.4915254237288136
test_000020.png,parts of the mind not normally available without hypnosis are used .,pares ot He vcashinal sais notpelly avai La ble es ee h fpqosi' of @ us col.,0.5882352941176471
test_000021.png,"I T V have postponed Malcolm Muggeridge's "" Appointment with",1 Tv ae pot poqed Malto Aa Musser dge’s “A py org tia cad wilh,0.5166666666666667
test_000022.png,"success last night in I T V's "" Private Potter , "" his","SUCEZES Qoeck sagt \~ (TV Is Rooke Rother, Ls",0.6851851851851852
test_000023.png,man could only be regarded as a machine .,,1.0
test_000024.png,"date . "" ACTOR Tom Courtenay was an outstanding","Joke AGIOR Tou, eee ont, Gu oukstiondbens",0.6382978723404256
test_000025.png,the switch because of the topicality of African,the SON dh acount of +e LqoaKity ot Abeer.,0.5319148936170213
test_000026.png,essay on soldiering which stated that a fighting,"CBB Ou side dus ube clakel, dlaakee Aha",0.7708333333333334
test_000027.png,"Say Granada T V , the producers : "" We decided to make",Say Gravobaty the poeduers' “We decrbed to. wake,0.37037037037037035
test_000028.png,first big T V part . The play was a brilliantly-written,AN ves big TW yok The (Wey Woy a IA Ua Dy -wwhe,0.6363636363636364
test_000029.png,affairs . The Wesker interview will be seen at a later,od dorve. The Wesker futewvien Git Ge secu ok a Koke,0.42592592592592593
test_000030.png,"craggy face , and obstinate , baffled eyes . They stripped",,1.0
test_000031.png,claimed he had seen a vision of God - only the padre and his,"bined \e lrodk Seeuy & Vistou or Grd, -ouly Whe Rodve. cad Lis",0.48333333333333334
test_000032.png,"Potter screamed during an action , and was arrested . He",Fees Scy-eomsedh dorn on acklou oud waxes ovpestend. We,0.5357142857142857
test_000033.png,"him of his ugly battle-dress , to leave him for",,1.0
test_000034.png,vision .,ORO,1.0
test_000035.png,"what he was - Potter , a frightened boy who had a",,1.0
test_000036.png,"C O believed him . Courtenay played the part with a gawky ,",Co lnc Rered \Wuur - Couvtenory plowed the pot wt a qosey,0.4915254237288136
test_000037.png,Northern defiance . The cameras played continuously on his,Bsc uens Be ie CarsreyoK ployed covd\auousty Ou lus,0.5862068965517241
test_000038.png,to the European Common Market .,= Mao Cuvopeon bse Mor yo eee,0.6774193548387096
test_000039.png,"scene , ranging from pubs , the Eton wall game ,","S Cone , yang \ng Prom pulp - the Eton wd A Qing",0.4166666666666667
test_000040.png,"Dennis Brogan , Shelagh Delaney , and Alan Sillitoe .","Dennis Byogan Shelagh Delaney, — Avon SWite.",0.2641509433962264
test_000041.png,"The film replaced "" What 's My Line ? "" and "" Be My","The Alm replaced ""What's Mz Line! ""amd i Be Mg",0.21568627450980393
test_000042.png,British personalities . Among them - Professor,"B xi fish peYsona ities, Among them ~ Pro fessor",0.21739130434782608
test_000043.png,The film covered a wide aspect of the British,Tes Donn Conser@uk eile aspec lye Ryidish,0.5333333333333333
test_000044.png,"Guest "" programmes because of an electricians'",ack pyoqvammes Qecause- of an eke ckvicians,0.3695652173913043
test_000045.png,"of an American T V reporter , Eric Sevareid , and","wk Qn dienes Can TV vepoy ter , Eri a Sgwayeis sand",0.4489795918367347
test_000046.png,strike . It showed Britain today through the eyes,"styine, It show enh By, toan today through the eyes",0.24489795918367346
test_000047.png,Britain was slipping behind ... .,,1.0
test_000048.png,to make the strongest criticisms . He said,te make ee Strongest it CSS. LHe Ses,0.42857142857142855
test_000049.png,Shelagh Delaney and Alan Sillitoe attacked,"Shelagh De Loner, omd KWo. Sillitee atte Coe]",0.40476190476190477
test_000050.png,"that in the race of the modern nations ,","thet im the Ye.ce ot the modern nations,",0.175
test_000051.png,education . It was left to reporter Sevareid,edu cation. \ Was LeP de veporter Se vari,0.3181818181818182
test_000052.png,other chums sniffing the wind and,fuel Huu daifiug The tuihe! alos,0.6363636363636364
test_000053.png,offering to drop by for a chat .,offenng ro rap by for 4 chal.,0.25
test_000054.png,arrived two hours earlier by appointment,anmived Two houn 2arher by sepouhtuer7,0.375
test_000055.png,to talk to the author of Borstal Boy and,% *~/ & Ae auttor of Beri-a/ Soy ALo/,0.5
test_000056.png,"The Hostage about his new work , if any ,","/he tashage ekhout AV Aon Work | sf Abn ,",0.4634146341463415
test_000057.png,and who is now being pluckily convivial,ahd Who Wt acow being [OCuckily Coy unvia/,0.38461538461538464
test_000058.png,"has rung a couple of times , calls from",hav tug a CotyoCe. f Ares | Calf [Oe,0.5384615384615384
test_000059.png,to fight off the frustration . The telephone,"% Aght f Le ~rnttrahon, (ta RapPhoue",0.5454545454545454
test_000060.png,ALSO present is a London journalist who,Also jererend B® 9 Louden journal? nko,0.4358974358974359
test_000061.png,the Synoptics can be reasonably solved by paying due regard to the time and,Vi Synaphies eonn he porecondly Ue fs PPG whee pegeared. & VA dius coil,0.64
test_000062.png,"plan and to the different public for which , or against which , the author wrote .","peor ae 4 hb ft Abkkeal pol hy whiel, wee agernel colih, A ae wnod.",0.6341463414634146
test_000063.png,The third article excluded any allegorical interpretation of the Gospel .,thee Holl saliah armdcahel cozy cthagucica! ielegwehen ind Ihe Gagul,0.6986301369863014
test_000064.png,The second said that the problems which arise from the comparisons with,He PEE fo fd te. poblmes upbiaih once hes A Com per isenF cor,0.6619718309859155
test_000065.png,Fourth Gospel by explanations based on assumed textual dislocations . The,,1.0
test_000066.png,There is a whole group of theories which attempt to explain the problems of the,here Is oe i grep aes oem lid idheed fo oxphen He probleme wwe,0.5443037974683544
test_000067.png,"could of the chaos by placing the fragments , or sheets , or pages , in order .","onl ee, 0 ae b ploaing fa Payne ly or hak or feges,” pee ©",0.5822784810126582
test_000068.png,present state of the Gospel is the result of an accident-prone history . The,galled of Me bogeel cM well han soatdee!- pune hiclegy Gl,0.631578947368421
test_000069.png,"accidentally damaged . An editor , who was not the author , made what he","secihedale Aah A aller, ole cutinel Ucuthar, wail sibel de",0.6527777777777778
test_000070.png,"original was written on a roll , or codex , which fell into disorder or was","tripled staat cathe on ro , or cacbx F solid Wl iL eee ae oe",0.6133333333333333
test_000071.png,showing that such changes are part of a,Showing Val Such Changes are part of Qa,0.1794871794871795
test_000072.png,how this enlargement was effected nor has he,Yous this enlarge ment WAS eftckA Yor has he,0.29545454545454547
test_000073.png,The one real weakness of the Commentator's,The one real uraluess of the Qumenhjo--'s,0.2857142857142857
test_000074.png,this is possible it is necessary to examine the,lis is possi ble itis pa cessary bo £xawme the,0.2553191489361702
test_000075.png,"he has not , until now , been able to exhibit exactly","he has nol / unhl, NOU , been able lo exh bil exacHy",0.24528301886792453
test_000076.png,been able to explain the textual movements by,heen able b explain bh 1ex hal mo yemouts by,0.26666666666666666
test_000077.png,"case is that , in common with all his colleagues ,","case is that, in common with all lus caleaques",0.16
test_000078.png,text of the Gospel .,lex of fhe Gospel,0.25
test_000079.png,simple and coherent plan . To understand how,Simple and coherent plan. To understnd how,0.06818181818181818
test_000080.png,wording . It is not possible to establish any one,Wording . Lis nol possi ble fo eslablish any ond,0.1836734693877551
test_000081.png,THE Fourth Gospel was almost certainly,THE Foucd Gogel vas alutast cerlainly,0.2631578947368421
test_000082.png,Gospel represents the work of generations of,Gospel represeuls the worlg o } generalions ° L,0.22727272727272727
test_000083.png,scholars who have compared the many manu-,sch olacs who hae Compared the many Man —,0.17073170731707318
test_000084.png,written in Greek . A modern text of the,writin in Greek. A moolern fext of he,0.1794871794871795
test_000085.png,which is most likely to have been the original,which is most likly bo lqut heen phe anginal,0.2391304347826087
test_000086.png,text with absolute precision .,"lext with absolele PeESION,",0.43333333333333335
test_000087.png,scripts of John and worked out the version,Scripls of John and worked out he version,0.07142857142857142
test_000088.png,paragraphos markings were omitted . C. H. Roberts is of,COTGALAGLS WHRANGS WET Ouunthe: CAr. Ces AS OH,0.7818181818181819
test_000089.png,"The bar was the commonest marking , but others","Wo SOF WAS LA COMMONESE WOALING, Kau ONS",0.8260869565217391
test_000090.png,"some markings would be used , although which , it is","SOW WONUARS WOKO LE WA, ugha Whidhy Av AS",0.7307692307692307
test_000091.png,impossible to say .,WAPOA ee,0.9473684210526315
test_000092.png,were also used . Dots sometimes served in place of the,WHEEL USO USed . OKS Mtrehinad Served uv) PG Gre,0.6481481481481481
test_000093.png,"bar , and there are cases where spacing is used as","OS, Gud Nee Ose COSAS Wok SPAGN AS USCA OS",0.72
test_000094.png,the opinion that in the original of the Fourth Gospel,LQ OPINION Ack ip re Ongina. ltre Tui GOS—,0.660377358490566
test_000095.png,it is now used to mark a paragraph ending . Frequently,"he AS TOS VR KO WOR O PTAAOPA Roy, Hepuarry",0.7777777777777778
test_000096.png,the original of the Gospel would be unmarked . The,THQ OnNo\nas GAL GOSH \WOuhe We WAWOread “Tha,0.7
test_000097.png,Professor E. G. Turner is inclined to take the view that,(OKSsar =. GL \W Mar AS WchiNed cOLARE ily Cack,0.6785714285714286
test_000098.png,about one third of a page of Souter's print .,Ook Ove ach OO (OK. Ok COVA EAE.,0.7777777777777778
test_000099.png,manuscripts . A common size of column would hold,WONUSCHGS - A COMMON S23 A COtiwer WOUlA WAC,0.8125
test_000100.png,columns . This is the invariable practice of ancient,COWS . WAS AS UR Wvanclle MOdnce Gr Cia,0.6923076923076923
test_000101.png,"whether paragraphed or not , would be laid out in","Wiorhar PATAAWOPKEA OC MNO’, WOWA ise LGIG_ Ob UN",0.7959183673469388
test_000102.png,"original of the Gospel , whether written on a roll or codex ,","OMPICGS Cr the GOSeA, whertar writen On a YA OF CAdox,",0.4918032786885246
test_000103.png,a simple and serviceable book . It was robust - the number,A Simple Cunak cain ceeble hook . (ft LI) rolaat — Van eres ee,0.5344827586206896
test_000104.png,an easy form of book in which to find a,"OU cot torus of book [wn ualusche = to ae, a",0.5897435897435898
test_000105.png,reference .,,1.0
test_000106.png,The edge of this sheet was attached to a wooden dowel,"“the ackag of His clack Loe otta hed to GQ weotkdy, clo",0.5849056603773585
test_000107.png,this - and it was easily stored . It had two disadvantages . It,"a ee ee easily Showed. (E Lect two disacvontoges, I+",0.47619047619047616
test_000108.png,and the sheet wound round this central pin . The roll made,,1.0
test_000109.png,which have survived the centuries is ample evidence of,"mld, (eve Survived Ub, coutuaar is aun ple gun hen ee ot",0.5185185185185185
test_000110.png,"was generally a single-sided form of book , and it was not",pe Gone rally a Sivyle ~sided Foran of beole ard UC Sak,0.46551724137931033
test_000111.png,"overwhelmed Herculaneum and Pompeii in A.D. 79 , his","pvereshelueck derculoucum ark ‘wpe = A.D.75, us",0.46153846153846156
test_000112.png,the elder Pliny tells of the use of papyrus in roll-making .,ths okdes “Pliny Jells of Re uit of peye I Colt Woe Saw.,0.45
test_000113.png,The other form of book was the codex . In this the,,1.0
test_000114.png,they are in modern books .,Wey OW (hn wo ATa Yooky,0.6153846153846154
test_000115.png,sheets were bound together down one edge much as,Clee Xs Weer became too Hes AOLse Ouc CA wank as,0.6875
test_000116.png,information is contemporaneous with the New Testament .,,1.0
test_000117.png,"ecclesiastical circles . In his Natural History , 13 . 11-12 ,","eaiesiashcol circles . a ee Wedurel story , #3 fA At. )",0.41935483870967744
test_000118.png,As Pliny was killed in the eruption of Vesuvius which,"As Pliwy tos lellod i, erupko~ of Vesuvius eae &",0.3584905660377358
test_000119.png,This last objection might have had some weight in,“tHass Gal ob jectou ur ght lave kek Some uerclt in,0.46938775510204084
test_000120.png,"the roll , a sheet could easily be glued on .","He oth, & dheel could sagily be glued! om.",0.3111111111111111
test_000121.png,whether or not a particular text was written on,phalbur or mot a poor liceler Mert wag wthen om,0.40425531914893614
test_000122.png,might be bulky . It is sometimes possible to tell,prnight be blag Ut 4s domehints prcaaille Ao tll,0.42857142857142855
test_000123.png,Against these advantages the codex was fragile and,Agaxhat Aust aduen tages Mee codtx oa frayile ancl,0.36
test_000124.png,"writing , but any papyrus left unused at the",,1.0
test_000125.png,a roll or a codex . Rolls were prepared for,a woll or a codex. Kotla mere pttpand for,0.23255813953488372
test_000126.png,end could be cut off . If the text was longer than,tcl coulel fe cut off Y te tet wea Longer Mon,0.36
test_000127.png,The codex form was not so accommodating . Even,"Ue Cocley form hla wot go accommodahing, Coun",0.3695652173913043
test_000128.png,while one whole side of his roll was unused .,Whale one arholk aile of hua roll peg Mayireel,0.4444444444444444
test_000129.png,"over the binding , or the whole codex rebound .",,1.0
test_000130.png,"The verso of the roll was blank , and one","Aa wea0 of Me roll was Mhank, ancl on",0.36585365853658536
test_000131.png,"in the case of the single-sheet quire , an extra","un He Cae of Mat sng dhert quire, An LrcfO",0.4375
test_000132.png,"sending out his Gospel lacking the ending ,",dinching oul hes Geapal lacking Mie Lacing,0.37209302325581395
test_000133.png,"cannot think of an author , Mark for example ,","cawmol Hunk of au author, Mark for 2 auyple,",0.2826086956521739
test_000134.png,sheet glued on might have to be gummed on,hut glue on pri get Arawe Ao he gummucl on,0.3902439024390244
test_000135.png,in it the reservoir ... and I made both the,tn pe [lesa ... BG ualle Od Ke,0.6511627906976745
test_000136.png,"construction in lines 9 , 23-25 of the Moabite Stone ,","caret Ul tn Liwn 4 3-18 g/ te Markie Hive,",0.5925925925925926
test_000137.png,which read : And I built Baal-meon and made,"Ape tl, prt WHA AI Bail —cwrppe, Bd tele",0.7441860465116279
test_000138.png,A natural transition from gardens and,"4 vrasmdl trapad(o fron gach, and",0.5135135135135135
test_000139.png,reservoirs for water inside the town .,,1.0
test_000140.png,the rock . King Mesha of Moab boasts of their,Ho Lee beg Hala of Het heals of Meir,0.5777777777777777
test_000141.png,supply . The pools are probably natural springs,Lipply Te fo°A apr prouhy bklligf forego,0.574468085106383
test_000142.png,enlarged to become reservoirs or cisterns in,LV (ngs do het br veerutlin ob <4fptiuw 1,0.7045454545454546
test_000143.png,orchards to the vital question of water,oy cltuctn fo Va va georalite 4/ LIaey,0.7435897435897436
test_000144.png,"the Shmah , loves the Lord God with",he Sh mah. aees We aig ee aoe,0.5714285714285714
test_000145.png,is the Shamir and such a man fulfils,a Ne Ce ee Spell ices ae tal ae,0.7777777777777778
test_000146.png,"prayer says : "" What am I ? A worm "" , he",ee Sas al om =e f WO Fe he,0.6341463414634146
test_000147.png,"all his heart , and with all his soul and",oi b ae oa wo Mh a (I ‘i. a. 1. oe,0.7317073170731707
test_000148.png,"word "" SHAMIR "" means guarded or preser-","ace “SHAMIR"" MEANS auerded or preser-",0.35
test_000149.png,"ved . Therefore , the real man , who",ved There tere the ree. k ee a w ho,0.4166666666666667
test_000150.png,with all his might and studies the,"BS) Y, oll h Ss s opt ca ee Shun: 23 H., e",0.8235294117647058
test_000151.png,"regards himself as insignificant , as the",reqerds Coc aS bnsigni Ficom b 7S he,0.4878048780487805
test_000152.png,word of God .,ae a God,0.6153846153846154
test_000153.png,The word Shamir was used as a,"The wor d S hem ""a word isan QS oa.",0.5517241379310345
test_000154.png,personal name ( Git. 68a ) . The Hebrew,personel name CGit. 68 ). The Hebven,0.1794871794871795
test_000155.png,us earthly creatures to build an Altar,"WS earthhy crea tures te bus kd an MUAa,",0.3157894736842105
test_000156.png,"This man is the worm , the creature that",This mon 15 Ve Worm the eg ee ar,0.425
test_000157.png,"to mould our character , to melt our",bo See oa ee . es OuYy,0.7222222222222222
test_000158.png,Such a Shamir possesses the real acid,ars o eae Pess esses Woe Cen | oe,0.5945945945945946
test_000159.png,self against all the irrelevant pleasures .,tok} cee okt a wee le vant p Lea Su res.,0.5813953488372093
test_000160.png,for God to come nearer to God .,"oe God iL, Come nearer 4. Gg",0.3870967741935484
test_000161.png,a man is the Shamir that guards him-,A new ‘8 the ae YA querd eae,0.6111111111111112
test_000162.png,cuts and polishes Altar-Stones . Such,"ete eek polishes Ne. $i nes , ONE",0.5405405405405406
test_000163.png,heart of stone . This Shamir helps,Keach = ical This Some helps,0.47058823529411764
test_000164.png,facts . And these creatures existed from the,facts. And these creatures existed from the,0.022727272727272728
test_000165.png,"beginning . It is "" the stone , which the builders","begivmma . Ie 3s *Lhe Skome, which the bui tders",0.32
test_000166.png,"of the corner "" . ( Ps. 118 , 22 . ) And the stone shall",nt tle corner” (Ps. 8 29.) And the Stone Share,0.3392857142857143
test_000167.png,tell !,1 epg!,0.8333333333333334
test_000168.png,The action of the Shamir writes books and their,Che metieam we ihe ohoudt Ctries doeis ce tie,0.5531914893617021
test_000169.png,"diamond that incises the hardest rock , the hardest","diawond that imcises the hardest Cock, tie hardest",0.09803921568627451
test_000170.png,books are readable . This Shamir is indeed a rare,bea ks ore teadabde . Chis Shauic In nee cA cate,0.3673469387755102
test_000171.png,"refused , but it is to become the head-stone","refuseal , but it is to become the head- stone",0.06818181818181818
test_000172.png,"crushing our soul "" ( see Hab. 2 , 10-11 ) . And it is","Efaneied our soug” 6 ane Nab. 2, lo-u). ee 4.1%",0.5370370370370371
test_000173.png,"Lord , as the waters cover the sea . "" ( Hab. 2 , 14 . )",Lord as dhe waters cover He sea” CWab. Q 14),0.32142857142857145
test_000174.png,""" For the stone shall cry out of the wall "" , like",ee ite Some Shall ary out of the wate” ke,0.4
test_000175.png,filled with the knowledge of the Glory of the,+i Med with the L mow fed @ of the Glory of the,0.2222222222222222
test_000176.png,"creak in answer "" "" if the roof of our security is",Cieak im answer” i+ the roof of out Security is,0.2
test_000177.png,"through the Shamir : "" That the earth shall be",through the Dhowic: That +he earth shall be,0.17391304347826086
test_000178.png,"Baalam's ass , "" and the purlin of timber shall",Boolou's ass” and the purfin of tiuber shad,0.2553191489361702
test_000179.png,the Light which can be read in every,the Light which coy be read ty every,0.1111111111111111
test_000180.png,They make us the Altar for God to emit,Shay ayake US lhe Ktbere for God ho el +,0.42105263157894735
test_000181.png,a deep impression on our feelings and senses .,"Q deep hy pressloy oy our FeeLinas aud Seyses,",0.32608695652173914
test_000182.png,"of life , and all facts are "" one "" . We have all","pf ite, ayd all facts ave ‘oye. Wo have all",0.2653061224489796
test_000183.png,"most important creature , that was created on","yas Ver hay creatuve, that wos croated ay",0.37777777777777777
test_000184.png,"Sabbath , real peace to the whole world .","Sabbath, real peace \o \ho whole world.",0.12195121951219512
test_000185.png,"language . The Shamir is the "" seventh "" and",lavage. Ve S\hauy\r ts Vhe “seventh” ayd,0.38636363636363635
test_000186.png,"which is written on two plates , the hard facts",which hs wa Tey oy 4Wwo plates the hard hele,0.3404255319148936
test_000187.png,"the eve of the Sabbath , to bring the","the eve «04 the Sabbath, +o brigg the",0.16216216216216217
test_000188.png,"The Shamir's daily life writes the Decalogue ,",The Shauy I's dolly lite writes the Decaloyue,0.21739130434782608
test_000189.png,come across human Shamirs and they leave,ue OCyaSs haw a Shoupirs ay (om loave,0.55
test_000190.png,"diligently unto my commandments , which I command",Ailey uy fo my cour yay by eft which J coupyouyd,0.5918367346938775
test_000191.png,"shall come to pass , if 1ye shall 1hearken",spall cOufe to pass IF he shall Lhearkey,0.2857142857142857
test_000192.png,"your soul . "" This may seem very good , but there","Your sou.” “his pay fa ey 3rd, bud there",0.3673469387755102
test_000193.png,is something deficient .,,1.0
test_000194.png,serve Him with all your heart and with all,swe Fig with all your heart agd with ah,0.19047619047619047
test_000195.png,"you this day , to love the Lord your God , and to","You this doy, 1) low the Lord your bod, ay d hy",0.2653061224489796
test_000196.png,"Then the whole earth will be His Altar . "" And it",Sheu the whole eawth will be His Aelar. Jud Hf,0.24489795918367346
test_000197.png,"Lord God with all their visionary power ,",Lerd God with all their Visionary PIwesr |,0.14634146341463414
test_000198.png,"summons of destiny , to solve the economic",SUMMONS of seshny | te. salve the e€conem ca,0.42857142857142855
test_000199.png,the work will have to be done by each,the week wiJd have +6 be done by each,0.16216216216216217
test_000200.png,mind together we cannot solve the further,mind toaether Wwe cannot salve the fPucther,0.12195121951219512
test_000201.png,"Jochai ( Tanis 6a ) "" if Israel does not fulfil",Socheas CTanis Ga)’ if \Iscael does nat Lu lfu),0.3404255319148936
test_000202.png,"the wish of the Lord , failing to serve the","The wiSh Of dhe Lerd, Flag te serve the",0.27906976744186046
test_000203.png,Under such conditions without putting your,Under such conditions without Putting your,0.023809523809523808
test_000204.png,problems . Hence says Rabbi Simeon ben,problems. Hence says Rabbi Simeon den,0.05263157894736842
test_000205.png,"individual "" .",mdividual 7,0.35714285714285715
test_000206.png,"gratify selfish aims , then each man will gather-in","Areriby, selfish ams, then each man ui {| Kathet- in",0.27450980392156865
test_000207.png,"for himself only , instead of all to help to gather your","foc hi wa ott only , instead at. edt $0 hal p to aathet ie",0.42857142857142855
test_000208.png,"and visionary power is not united , man will remain in his heart",and yistenany power iS not united. man willremoin in his heatt,0.15625
test_000209.png,"They will not work in union . If physical power , spiritual power","They will not work In union. if physi cal powet , Spi ritual powet",0.12307692307692308
test_000210.png,"corn , your wine and your oil .",a gout Wink and mae o} |,0.5483870967741935
test_000211.png,selfish and think only of one's personal advantage to,Selfish and think onl of one's personal advanl ose te,0.1320754716981132
test_000212.png,our duty ) . Of course the individual will,"Cur duty), OF course the individual wilf",0.14285714285714285
test_000213.png,"freedom from fear , fear of starvation in the",+re edam from Leary of stanwatoan jn tbe,0.37777777777777777
test_000214.png,"the yourself is thy greatest enemy , the self-","the woursed ? Ww tho, Creodest ememy , wre self —",0.34782608695652173
test_000215.png,seeking self .,"seeing, sit’,",0.5
test_000216.png,Freedom from want cannot be fulfilled nor,freedom fram want cannot Fulli ted nor,0.21951219512195122
test_000217.png,coming for the people in need . They will,corm iN for dhe eecple in need » They w\ JI,0.2926829268292683
test_000218.png,"aside , and serve other gods , and worship them "" ,","aside prneol sere cthes acts ,and wocship them”",0.35294117647058826
test_000219.png,think of the animals first ( which is of course,think of dhe animals first (which iS of course,0.06382978723404255
test_000220.png,"eat and be full but : "" Take heed to yourself ,",eat and be Pull bud: Take heed 4a yourself,0.19148936170212766
test_000221.png,"that your heart be not deceived , and 1ye turn",thed wour heart be nct deceived ) and Awe +urn,0.17391304347826086
test_000222.png,midst of plenty . Help will not be easily forth-,MAEBT of plenty: Helo will not be casi dy focdh-,0.2708333333333333
test_000223.png,"good land which the Lord 1giveth you . """,yet lend tyuich the Loca Lgrvell ve ae,0.5
test_000224.png,"two masters , and you worship self-interest , isolating","hwo wasters, oun aA You WtHIP se) F - indeces4 isd obing",0.5454545454545454
test_000225.png,""" And then the Lord's wrath be kindled against you , and he",Aud dheu the betds woth be Kindled ogounsh Spy aud le,0.3898305084745763
test_000226.png,"shut up the heavens , that there is no rain , and that the land",Shuts uo the h eowens that there iy no wan aud thah the land,0.23809523809523808
test_000227.png,"yourself , under such conditions the goods are your gods .",your selF Uuuder such conditions the Roa ate sont oe,0.3103448275862069
test_000228.png,And you serve Mammon and God . And you cannot serve,wn Shoat setve hhammen oud God. And ypu Canned secve,0.35294117647058826
test_000229.png,yield not her fruit and lest 1ye perish quickly from off the,4i eld hot Lec Furit oud Jost Aye peush qua Kl y Feam of F the,0.4
test_000230.png,"adds and in your soul , searching your soul .","Kaos aud im Pe ea sou}, Seatdung aah jun ¥",0.5555555555555556
test_000231.png,For without the vision to serve the Lord your God with all,Kot without the vision to serve the Lord nee co ae eee,0.25862068965517243
test_000232.png,"up these my words in your heart and in your soul . "" The text","AP \nese m4 urd % im ao heack oud in goes, or eee tert",0.4918032786885246
test_000233.png,"the problem of life cannot be solved . "" Therefore shall 1ye lay",Ine probs em oF UFe cComnot be solved. therd&ore se) dye lau,0.359375
test_000234.png,your heart and with all your soul and with all your might,ees heath out with os your sous aud widh oJ) youre migud,0.3684210526315789
test_000235.png,"in the first part of the Shmah , we have first "" and","in the Firs} part of the slumali, we Lave First ”auol",0.2692307692307692
test_000236.png,to the children any more diligently and the,bo the children auy wore dibigeutly aud tke,0.16279069767441862
test_000237.png,"shall teach them to your children . "" And as we have go-",shall leach thew to il cuitden” Aud as we luawe go-,0.30357142857142855
test_000238.png,"they may be as frontlets between your eyes . "" First to",they may be as trontlets between “er ope First fo,0.21818181818181817
test_000239.png,them without visionary power .,the ewe witlout visio mary power.,0.26666666666666666
test_000240.png,"to bind them for a sign upon your hand , that","the bind. thew rer Ou “2 Upon eg laud, te",0.5111111111111111
test_000241.png,"ne through the mill , we need not teach them","Me through the ull, we need wot teach theux",0.1590909090909091
test_000242.png,children will grasp now what will befall,children will Gee mow what will betabl,0.2
test_000243.png,"bind them to have the vision and then "" And 1ye",Lindl thew to lave the visio) aud thea Bind. dye,0.2553191489361702
test_000244.png,And the sequence in the text is different than,Bad lhe Sequence in the text is different thow,0.13043478260869565
test_000245.png,And they are ( 1 ) Matzo ; ( 2 ) Bitter Herbs ; ( 3 ) Salt-water and,Hind they are (1) Meat20; 2) Bitter Herbs (3) Soft - water and,0.27941176470588236
test_000246.png,just as there is a message sealed in the four emblems which,dust as there isa WESSO.9E sealed wdihe four Cwbhlkews whch,0.3389830508474576
test_000247.png,back .,back -,0.16666666666666666
test_000248.png,And the tsitsits had a message sealed inside the knots,And the +sits4s hod a Mmessoge seated inside the knok,0.16666666666666666
test_000249.png,Charauses ( a kind of fruit mixture in likeness of the,C harauses (a kind ak Frid Wiyturce in Vikeness of dhe,0.2222222222222222
test_000250.png,appearance of mortar ) ; and ( 4 ) an attitude to lean,olp pearance of worlac); and (4) an attitude to VYean,0.2222222222222222
test_000251.png,"are used on Passover , to depict the "" time of our freedom "" .",are used on Passover jo depict the ~twue of our Freedow”.,0.1935483870967742
test_000252.png,symbolises the bitterness that is hurled against us .,Su w boli ses dhe bidermmess thot is hurled angus} US.,0.37735849056603776
test_000253.png,"( 1 ) Matzos is deficient bread , ( LECHEM ANJO in Hebrew ) ,",Qa) Mo42os 1s deficient bread ¢€ LECHEN ANT in \lebrew),0.3114754098360656
test_000254.png,and that God dwells within us .,and thod Grod dwells cvoidhin us.,0.25806451612903225
test_000255.png,"We eat it . We accept it , to show we have self-control","We Cat 4 We accest id, to stow we nove selt-corffol",0.2727272727272727
test_000256.png,to learn . Education is always the most important task .,"fo learn. € ducasion, \S o Loss the wos} it portand dosk.",0.375
test_000257.png,"so are we deficient without spiritual knowledge , and to","So are we deficient without spiri tuo krodledse, and +o",0.16071428571428573
test_000258.png,Education gives : Freedom of Speech . ( 2 ) Bitter Herbs,~ ducod ion ogee Freedowu of Seeech. ) Biller Werbs,0.39285714285714285
test_000259.png,cure our mental incapacity we should be willing,Ore our wemlal NICO pacity we shou Vd be willing,0.2553191489361702
test_000260.png,"facts "" together and explains them , represents the Oral","Spats” Lo RMnee nd eKMaind Anew, (eoteade the Oral",0.5
test_000261.png,the salt-water at the Seder-Table represents the Covenant of the Torah,The Sollh - wales at Ahe Seder lable teotKads the Genot A the Totah,0.4
test_000262.png,Self-control gives us : Freedom to worship God . ( 3 ) Salt Water and Charauses :,Sel coed Qwes WS: KReedows Ag wotsinap God. G) Cok Noker and Chakauyn:,0.49382716049382713
test_000263.png,ourselves and have peace with one-another . And the sweet,OuUk@lyers ard \rorr Remce wrth one- anstrag. find the Sweet,0.42105263157894735
test_000264.png,"Mortar ( the CHARAUSES in Hebrew ) that binds all the "" hard-",Kotor Gre CARRAUES iy Helofew) trek binds al) the & hod-,0.36065573770491804
test_000265.png,"( MELACH BRITH ELOHECHO in Hebrew , Salt is the covenant of 1thy God ,","DELAY BRUTE, ELOKE ALO Vy Web ays, Solk Ws Ake covenat ol Wy, God ,",0.42857142857142855
test_000266.png,Tradition .,cc ae,1.0
test_000267.png,"Levit. 2 , 13 . ) Salt preserves and we should have this salt in","er, 2 ‘A. ) Solt efeseruey and woe Should Wave MiSs sol in",0.359375
test_000268.png,11 ) . That gives us freedom from want .,WY Onekit Quen Ws \eedour Kou W wank.,0.625
test_000269.png,"meek : "" But the meek shall inherit the earth ; and shall",mney. Bak Mae meen Mall dros She Rak Od Sot,0.5789473684210527
test_000270.png,"Living the life of the Torah ( "" dipping-in "" ) makes us",eee) Wa “We \ie dh Ane BONCAN Cs HQC ue WRaXke QDs,0.7678571428571429
test_000271.png,"delight themselves in the abundance of Peace "" ( Psalm 37 ,","Sola vat Weacdloes [Ae aly UPoMnce ALR gare CPoglur XW,",0.6949152542372882
test_000272.png,"We dip into both , at the Seder . And we want to understand",We Sie isto lah ak Ale Sedel And we Gd To urrelfoud,0.4406779661016949
test_000273.png,"more of the Torah and the Oral Tradition , our inheritance .",moe dave Lote au The Owed Chadian OS OXWAP MH OUC |,0.65
test_000274.png,( This is the PARDUS . ) Matzo represents,Ctuis is the PAQDVS).Makz0 reeresodr,0.4146341463414634
test_000275.png,Derush ; ( 4 ) Leaning-back represents Saud .,Devas j cy) Leauiug-batk vee yeseuar Saud.,0.4222222222222222
test_000276.png,how to live and accept all the bitterness,— i. Qive oud accee A OQ de & (dAex ne Se,0.6341463414634146
test_000277.png,and the sweet Mortar in which we dip-in represents,and £ne sweck WorYar in whith we Gig- iw repre Seuks,0.3
test_000278.png,is called : The Feast of Matzos . The,(ys CaQfled- The Leask of Wokeos The,0.40540540540540543
test_000279.png,"principle and this gives us "" a wink "" ( Remez )","eriucioele. mie dias givet uf ""a wiuk (Renee)",0.4375
test_000280.png,represents Remez ; ( 3 ) Dipping-in represents,reereSeury ; (3) Pleeiwaq-u rveeresevks,0.5652173913043478
test_000281.png,that is hurled against us . The Salt-water,Dod tS huy Qed Qaainsa ey The Sal —woter,0.4523809523809524
test_000282.png,the literal meaning of Pesach which,fhe Lteralkd MAUI G oF Pecach which,0.4
test_000283.png,( 1 ) Matzo represents Peshat ; ( 2 ) Moraur,"d) Mot2o v~ eer ecseut f Vechak, (2) WMorour",0.5454545454545454
test_000284.png,Bitter-Herbs represent the spiritual,"* bee - Hey, Gr te ereseut dhe SE wi KaQ",0.6388888888888888
test_000285.png,the richness of the Law and that we should,fine videnost of £6@ baw and bees we Siguola,0.5
test_000286.png,"freedoms "" which are Divine . There are four ways of","Ryeedours whic ore Bane. Mare ate Roox WARS, ol",0.5
test_000287.png,burdens of Egypt . ( 2 ) I will rid you of their bondage .,bur dems o} Saag . (9) \ wi\h nb or of \nvie konkase.,0.46551724137931033
test_000288.png,redemption : ( 1 ) I will bring you out from under the,"CedeuaQrenr Aa) \ yl bring, YO aot Qcou wey lhe",0.5555555555555556
test_000289.png,"And we answer , that the Lord our God gave us "" four freedoms ""","And we answer, thek the Lord wr Gd aawe vs lox treedows",0.2857142857142857
test_000290.png,without which Society cannot make progress . And we drink,"wi hook which Secidky, cCaniok Nake gloyess . And we drinc",0.2807017543859649
test_000291.png,""" four cups "" to thank the Lord our God for the "" four",“Qasr aes’ So Mews Me lord oor God for the “fovr,0.42592592592592593
test_000292.png,burdens of Egypt : How was it that Israel was,burdens o) Caveh . Hou was it dha \srach wos,0.3111111111111111
test_000293.png,"Because , they kept the Passover and they were","BHecavse Arey, reel Yae Passovoey and hen WME",0.43478260869565216
test_000294.png,people . ( 1 ) I will bring you out from under the,people ° (.) \ wilh bring a ouk Ko onder \ne,0.32
test_000295.png,( 3 ) I will redeem you . ( 4 ) I will take you to me for a,3) Vill redeeu Yoo. (ul \ will fate Ye lo me or a,0.3728813559322034
test_000296.png,was known even to Abraham and Lot .,nk  <pevwun teen vo Wotkeus amd Lok.,0.6
test_000297.png,brought out from under the burdens of Egypt ?,"br oval, b ovk Veous under the burdens ok Equek %",0.4222222222222222
test_000298.png,"eating Matzos in Egypt and the "" Feast of Matzos ""","CAL nay Wakz20$ Laniek aad We * geos\ o8 Katzos""",0.58
test_000299.png,derived little comfort from it .,,1.0
test_000300.png,"James had grown up in Presbyterian Scotland ,",,1.0
test_000301.png,The new century opened with James 1 ascending,,1.0
test_000302.png,Book was issued in 1604 but the Puritans,Bok yas csteed th Moy bb He Purifiers,0.475
test_000303.png,the throne . He was quite prepared to be,fhe thre. be way quate flrepared fo be,0.25
test_000304.png,"spoiled that . The Puritans had high hopes , for","Spoiled Hat. The funtans bad tigh bopes, br",0.2708333333333333
test_000305.png,tolerant towards Rome though the Gunpowder Plot,fetrank ovards Kowme Hog h Me Oourpoyer (No t-,0.5106382978723404
test_000306.png,"but those hopes were dashed . True , a new Prayer","byt frase hopes Were alasled. Trae, a now frayer",0.2653061224489796
test_000307.png,remained . Other changes in the Book were equally,ae Olly deny he Bek ee equal,0.5714285714285714
test_000308.png,They objected to the word Confirmation . So the phrase,"ty dyed , Wa word bene © he phrase",0.5555555555555556
test_000309.png,' or the laying on of hands upon children baptized and,4 le lary On 4 bed — dln Legh yd weal,0.7037037037037037
test_000310.png,They objected to the word Absolution . So the phrase ' or,Mey ince) Le Mee cred Asolo. SS Le phrae ‘or,0.47368421052631576
test_000311.png,the remission of sins ' was added . But Absolution remained .,"Le Hnusclon, a ia ota sdved. Bu Dekel. sonia",0.639344262295082
test_000312.png,added to the Catechism .,44 Co,0.9166666666666666
test_000313.png,minor except for the new section on the Sacraments,,1.0
test_000314.png,to the Catechism following ' were added . But Confirmation,iy Cline [iy we id. Bal (din,0.7241379310344828
test_000315.png,able to render an account of their faith according,tl. Loa am acto | Yue in) ace ondiv,0.62
test_000316.png,This indicated how ephemeral in the Church had,Ths indicate hew ephement in He Church had,0.17391304347826086
test_000317.png,verily and indeed taken and received by the,,1.0
test_000318.png,( which was never actually authorized ! ) .,,1.0
test_000319.png,"been the mood which produced the Black Rubric , for","Neen, the meron ith preduced fle Blac Rubric, for",0.2549019607843137
test_000320.png,himself immortal by becoming associated with,,1.0
test_000321.png,"it says that ' the Body and Blood of Christ , which are",At Aags Hat “Me Body and blood of Chath whith ere,0.3090909090909091
test_000322.png,faithful in the Lord's Supper . ' It could hardly be more,ips in tee Lori's Supper.’ It catd lantly he mere,0.3508771929824561
test_000323.png,a Bible translation - the Authorized Version,,1.0
test_000324.png,"definite . It was at this time , too , that King James made",,1.0
test_000325.png,a deliberate return to the Book of 1549 and,RK Aebibeale rehim t He Soo le of AS4§ aud,0.4883720930232558
test_000326.png,In that year Shakespeare had just turned,,1.0
test_000327.png,just learning to read . James was followed by,,1.0
test_000328.png,before . Bacon was at work and Milton was,,1.0
test_000329.png,important Prayer Books in the Anglican,,1.0
test_000330.png,"Charles , in whose reign came the Scottish",,1.0
test_000331.png,became the foster mother of some of the most,,1.0
test_000332.png,Prayer Book in 1637 . Significantly this made,"Mayer [Bove an AG3?, Signi ficartl, > Mare",0.4444444444444444
test_000333.png,forty and had written Hamlet two years,,1.0
test_000334.png,Communion .,,1.0
test_000335.png,first public acts was a hard-hitting battle with,pris t public aeh tar @ 4erd- ta Hing Axfble watt,0.4791666666666667
test_000336.png,mutual . But Laud was no Romanizer . One of his,dial Sek bac iso Lomaniyer. Che tf tis,0.48936170212765956
test_000337.png,"the Jesuit , Fisher . But anyone who was friendly",,1.0
test_000338.png,was necessarily a menace .,,1.0
test_000339.png,now so much nobler a figure than former historians,"how So Wwwiek wobler a farce than timer Lis hvac,",0.46
test_000340.png,led us to believe . Laud was enthusiastically hated,,1.0
test_000341.png,"with James and Charles , the Puritans argued ,","Wath lames and Charles , Hue Pratann Angie A,",0.2826086956521739
test_000342.png,"by Calvinists and Puritans , and the sentiment was","py (gthvantls Qua dir tan, and fhe Stehipenth wa,",0.5
test_000343.png,"Forever associated with Charles is Archbishop Laud ,","fever assezcvaled ‘1th Aartes ’'s Ardlibriisp lad,",0.46153846153846156
test_000344.png,Laud made a positive approach . He set out to increase,Cand ytd a porilin appro te bial ix,0.5925925925925926
test_000345.png,and so was the office of a bishop . Altars should be,anh at any Be ofha of a betep. Uber chrubd te,0.5
test_000346.png,table which was handy for the most improbable uses .,,1.0
test_000347.png,"altars and not any broken down , transportable",,1.0
test_000348.png,a sense of reverence . The Prayer Book was to be respected,A lnse oft mnerence . The Payer Biol war tre atsprilid,0.3448275862068966
test_000349.png,Or when he found cock-fighting going on in church ?,,1.0
test_000350.png,"to face their fears , to see through them and come out on the",,1.0
test_000351.png,"by laughing at what are very real fears . As adults , we know","’ x at what are “ real fraue. A adalh, we brow",0.4098360655737705
test_000352.png,but to a child they are very real . Not that I am suggesting,,1.0
test_000353.png,that children should be molly-coddled - they must be made,ab ckbon thuld & roll - coded oa om mack be madle,0.49122807017543857
test_000354.png,other side as victors .,other vide af Viebore.,0.30434782608695654
test_000355.png,Even worse is to laugh . Tremendous damage may be done to a child,"Fun horse ” ty boy, ae damese ~~ be clone ty a abd",0.5384615384615384
test_000356.png,"that their fears are groundless , indeed to us they appear laughable ,",,1.0
test_000357.png,it together until the child can see how,if toge/Ler luhd Fl2 Cirle cay fee Gow,0.46153846153846156
test_000358.png,"situation is frightening , and then to face","fitvaha, iv TNFhtemng )» ane! Shey % face",0.4883720930232558
test_000359.png,unnecessary its fears were .,eiveceVary lt fean Nee.,0.42857142857142855
test_000360.png,To ridicule them only pushes them farther,"[> nielicule theu Oly puches Phen, fartler",0.3170731707317073
test_000361.png,reaped at forty or fifty . Far better to,,1.0
test_000362.png,agree with a child that a particular,agra Lu? a Bile’ +that a part th lar,0.4166666666666667
test_000363.png,the harvest of which may still be being,The barn? of buch lbuey WA ke beu9,0.5641025641025641
test_000364.png,"into themselves , so that they become","jute tthetude/ves , vo Shar They élcowu e",0.4594594594594595
test_000365.png,unable to speak about it to anybody and,Ubahla % yrcak Qbort j? te ty bacley aLse/,0.6410256410256411
test_000366.png,"the seeds of any amount of trouble are sown ,",YLz feac/e Of Alay Quant of Prowble Gi Youle,0.5777777777777777
test_000367.png,to some extent against it . To keep a child,10 ome eh dapat ef. lo Heep @ chell/,0.5116279069767442
test_000368.png,of twelve or thirteen under the,"of fitlie ott Lhurker eto, the",0.5161290322580645
test_000369.png,Because situations which may contain,Secaux whatone tfich Wad conten,0.4166666666666667
test_000370.png,it is a good idea to condition a child,7 a goo! clea 0 coneletion 0 ohel/,0.4473684210526316
test_000371.png,"all the elements of fear can arise suddenly ,",,1.0
test_000372.png,later chapter there are some situations,,1.0
test_000373.png,which occur less frequently than,,1.0
test_000374.png,is unwise . As I shall suggest in a,to teas. | ell dyyed <o a,0.6571428571428571
test_000375.png,impression that nothing nasty ever,,1.0
test_000376.png,"happens is not merely dishonest , it",,1.0
test_000377.png,frightening possibilities and yet by facing,[rghtehing possbiahes ancl yet by facing,0.23255813953488372
test_000378.png,"finally defeat us . More than that , that God","prualy chefeat ut. Mere fla, het, Ahat Goo!",0.4
test_000379.png,In Gethsemane He prayed that the cup,jy CGctfelLuaue He forery eo! YLar tle Ch fe,0.7222222222222222
test_000380.png,"lives and that the nearer we get to Him ,",Liver Gud that Fle hearer we oth oe Mila,0.3902439024390244
test_000381.png,them and knowing God is with us and,thet Glo/ Cucriing Cae) W LW LW abe’,0.7142857142857143
test_000382.png,the way to face life . To see all the latent,"the way te face UR, Je fea ol te lheut",0.38636363636363635
test_000383.png,"that , with Him , there is nothing that can","ther L174 trey , taero W hotles g Yat ask",0.6046511627906976
test_000384.png,the stronger we become .,the y7rouger Ag be.cotwe |,0.375
test_000385.png,has something important to do with our,"Aan fore7h tg [24 por TAL, F % a enfh cur",0.6578947368421053
test_000386.png,should pass from Him . Jesus shows us,"Should! paw frou, ly. feta vhout uv",0.4864864864864865
test_000387.png,do for the world Using my hand .,Wo jor fee wor€A Ubre fy ROH,0.53125
test_000388.png,"Because of the plan That God , Who","Becaur of te plier That (for, lupe",0.4117647058823529
test_000389.png,"my hand ; That my hand is big Big ,","My RARM) tak m4 hands BG,",0.5714285714285714
test_000390.png,... Today A wonderful thought In the,[Ody A worteyput fnoug ht In at,0.5
test_000391.png,"dwells in my hand , Knows this","Awele yp ey hank, Knows Hers",0.36666666666666664
test_000392.png,Was this : That a secret plan Is hid in,Win Hue: Tale vecraiplar Js va wr,0.5641025641025641
test_000393.png,dawn was given ... And the thought,Havre war fren .. be Hh Havcgpe,0.5882352941176471
test_000394.png,"secret plan , Of the things He will","sect plat, Of fhe Harg dee whl",0.4
test_000395.png,"Toyohiko Kagawa . Loving Saviour , who experienced","[b40 Lake Le C7Awve. lowuig feipnud |, @£o Ci flebeherceH",0.78
test_000396.png,"seen to be allies and not enemies and that ,",,1.0
test_000397.png,"nature knows better than we do , what it is to","trafere Chto feller Loar we 2G, what 4 2 fo",0.5
test_000398.png,we are with Thee .,We C10 ley fb hhep.,0.7222222222222222
test_000399.png,"come what may , we are never alone when","Cert Lat por24, We CRE L410VeS eLOae lo Live,",0.8205128205128205
test_000400.png,"be really afraid , help us to know that when","Ae peal (fpeit, bete ta le lage loa! blac",0.6136363636363636
test_000401.png,"we face life boldly , many of the shadows are",We Lace Arle Ao kitty / pany bh free. thatina Ge,0.5777777777777777
test_000402.png,"all human emotion , and whose sensitive",gl tte HAF Laine tr E binA h)tede flcrubve,0.8461538461538461
test_000403.png,only a disturbed tossing and turning,CNW OQ Aju Deck TAG ANd Tito,0.8055555555555556
test_000404.png,which causes them to wake feeling worse,Lnicy Cawsacs es to wake ering WATE,0.46153846153846156
test_000405.png,"conditions , work themselves to a standstill .",Candahans Wark WemVpches to a sanadwnt.,0.5217391304347826
test_000406.png,"To others , the long hours of the night bring",To tts the lang Nass gi the Night Ng,0.4
test_000407.png,than when they went to bed . We may begin,WAN LINEN WeHWEN’ TO Ded. WE TAY eqn,0.6829268292682927
test_000408.png,"the mind . Very few people , under normal","WE MINA. Very Os Heede ,LNdes rumah",0.5609756097560976
test_000409.png,to understand this a little better when we,10 UNASAANA Wi a litle Deltes VINENUSC.,0.6666666666666666
test_000410.png,realize that tiredness itself is largely in,Tealze Wak Medoess hod id lasgely ih,0.4186046511627907
test_000411.png,"journey which , an hour before , she would",,1.0
test_000412.png,The mind tires first and conveys the impression,FH vane tie furl ane contive Le payin,0.5319148936170213
test_000413.png,a mother has news late at night that her,"2 wactld tar pw fol, OO ap WA EZ",0.75
test_000414.png,child is in danger . She will undertake a,LAE St a Loazp SH til yoga o,0.7317073170731707
test_000415.png,of tiredness to the body . This can be proved by,Gf Autladr te fe Aoi Jue vor he rari” Ly,0.6666666666666666
test_000416.png,have declared impossible .,fae Leet 1 voce eile.,0.6538461538461539
test_000417.png,body who feels thoroughly tired . Suppose,tec we Vu“ Jheroe PLE Auge. Suggyrere,0.7073170731707317
test_000418.png,noting the effect of a new stimulus on some-,selaZ LE Ljel. Y 2 ee a LG? (evs -,0.75
test_000419.png,bring on an almost immediate feeling of,loning Gun ah O/uodA etna (Rrehug of,0.6153846153846154
test_000420.png,tiredness - such as when your wife mentions,hredteys ~ futh at they your wife wenhan,0.3488372093023256
test_000421.png,veritable surge of energy . Many a girl who,ventahble Purge of CLergy. Meaty ¢ Fil Hho,0.3023255813953488
test_000422.png,"the washing-up - while others , if they",Lae. Lradlarng- tip — while ofLery | Y they,0.48717948717948717
test_000423.png,"refer to something you like doing , bring a","Mfr we VRucihing you ble dang, Sng 4",0.46511627906976744
test_000424.png,up with no apparent tiredness at all when,up lh bo gqoparent hredhedt af a Lheu,0.4146341463414634
test_000425.png,is ' too tired to help mum ' will later jump,wt Yeo red! fo hep wt’ wi Gater Jruue,0.5227272727272727
test_000426.png,her boy friend calls and go for a long walk .,ber hoy [NaS Cat ane! go fer eleng Malk,0.4666666666666667
test_000427.png,"Even more simply , test your own reactions",,1.0
test_000428.png,to different situations . There are some which,"om A fferes, ¢ thrahew. [4072 are Voue whicd,",0.5434782608695652
test_000429.png,"if the cause of our pain is too deep seated ,",,1.0
test_000430.png,Any mental confusion can cause this and,,1.0
test_000431.png,the best way is probably to seek advice .,fre bel wey > jrebebly Pe ee eee,0.5121951219512195
test_000432.png,a burden to their families and their friends .,"¢ hewoter, fo leis fur loco ert [lap fool?",0.7391304347826086
test_000433.png,"so we are unable to cure our own minds ,",40 We Cre tevatte fo Care ter OV arr%e,0.6
test_000434.png,involving careful and patient treatment .,"erwofing capefizl bro (eat fpealide.f,",0.6097560975609756
test_000435.png,As we are unable to cure our own bodies,,1.0
test_000436.png,They drag themselves around and can become,,1.0
test_000437.png,if the trouble is a complicated one,,1.0
test_000438.png,"inability to deal with life , especially under",witillhy te hd tie YZ Myltasd tly guile,0.6956521739130435
test_000439.png,and is in fact no differently regarded than,LT 0 122 feed se Hijfiuile OP OACLS fou,0.7674418604651163
test_000440.png,the diverse pattern which is the twentieth,ME helt Ld wtp rt te fidto idle,0.7619047619047619
test_000441.png,"of the mind is no longer feared or shunned ,",le Me mite 1 we hap (feet cf rhuawttp,0.6590909090909091
test_000442.png,One of the greatest steps forward that has been,,1.0
test_000443.png,great deal of tiredness which comes from,ine O77n af Mae tht LOLs flew,0.7
test_000444.png,no major complication but results from an,Me MEY 27 Lenya lla ted cited fiom Qe,0.7560975609756098
test_000445.png,century .,"Mintle ""Me",0.8888888888888888
test_000446.png,"physical illness . There is , nevertheless , a","acd! ttle. Jill ye wwseldé den, i,",0.7608695652173914
test_000447.png,made this century is the way in which illness,00E Wy Lol’ y V4 f4-déy L7 hed te?,0.7555555555555555
test_000448.png,"In the days when most people were born ,","ly Fea cays when worl pepe were 60rH,",0.375
test_000449.png,"months , even a Prime Minister could go to","Liowlhs , aeee Priee /rUuither Cenk! ae fo",0.5714285714285714
test_000450.png,"be happening at the other end of England ,",,1.0
test_000451.png,"from America weeks , from the Far East ,","frou, Awenta Neehs, frow He Tar Lai",0.45
test_000452.png,sleep in blissful ignorance of what might,Veep jh blitt{y/ (guevance of Hhal tuight,0.4146341463414634
test_000453.png,"the village , it was not difficult for anybody","th2 ullage , Ww uas hor Aifrcu/t for any boy",0.30434782608695654
test_000454.png,held a high and responsible office lived in,"beled 2 Ligt ancl! repoutrhle ofste Lived! 2,",0.46511627906976744
test_000455.png,"When news from the Continent took days ,","Ahan beris frou Mee, Guhhe,t tol cay,",0.525
test_000456.png,far greater simplicity than their successors .,for greater dripohcity Fre *Leir successors.,0.2826086956521739
test_000457.png,to live a day at a time . Even those who,t» Lve aQday ah a hic. Gen hae who,0.35
test_000458.png,lived and died within the boundaries of,,1.0
test_000459.png,that it taxes the mind . Two hundred,4ok th leeer Yo tun. Tyg hurbhen,0.6388888888888888
test_000460.png,thirty even sixty miles from his,(fa ty wen ely nu Ga prom tus,0.5625
test_000461.png,"years ago , men lived and worked","Gels Ago, mur trvet not that Mb ae",0.71875
test_000462.png,"In other ways , too , life for the ordinary","Ir Off wey 8, £00 Gife [2 the Otay",0.5581395348837209
test_000463.png,work . The only connexion is the,work. The ORG COnptt ort 1s Pe,0.5
test_000464.png,"piece . Now a man may live twenty ,","pee. NOW A Mar May Gade ee) tay,",0.5142857142857142
test_000465.png,individual has become so complex,Noivi Aut tao Kecorme 00 Cony Ge,0.59375
test_000466.png,travel day by day .,,1.0
test_000467.png,"in one place , their lives were of one",: One place hair Gves were of Ore,0.2894736842105263
test_000468.png,pipeline of the railway on which they,pP ipeure of fue reheat or whith Hty,0.4594594594594595
test_000469.png,"In many cases , their homes know little of",IN MANYCADSED Weds HaMEd Saws VINE cf,0.7857142857142857
test_000470.png,their place of work and their associates at,Ns Place of ka rels assaciates ak,0.4186046511627907
test_000471.png,are possibly like in the surroundings of their,AE. POSSIDY Lk WANE SUUTANAINGS A MNES,0.8478260869565217
test_000472.png,a ' double ' life without ever deliberately,a dannle Lie utihouk ars delidesately,0.4418604651162791
test_000473.png,of what is going on . It is easier to live life in,a} hak 15 Gang ah his easiest Live. Lem,0.54
test_000474.png,"compartments but over the years it builds up ,","COMTPARITNETHS AE EI TNE YESS TH DUNS OO,",0.8695652173913043
test_000475.png,"homes . It is easy , desperately easy , to lead",Hamed. lh is casy Aespesatdlyy easy fa \kad,0.40425531914893614
test_000476.png,the office or works wonder what they,HE QC! BH WAKES WONAS Us They they,0.75
test_000477.png,and to do so inevitably builds up tensions which,ANA to AG Wevitasy Daldd Ud KNSANS LldeN,0.6458333333333334
test_000478.png,need to be handled correctly .,,1.0
test_000479.png,planning to do so or in fact being conscious,PANNING 10d SAT IN Hck Bong COMAGGS,0.7727272727272727
test_000480.png,"as fully as possible , without having our energy sapped by un-",ar fy at pewible wl hot fat out my ayptd y ln -,0.4838709677419355
test_000481.png,We have a saying ' My head will never save my feet ' . Time,"Wie fave a ai 4 heaol will never deve ""7 fet! Tima",0.3728813559322034
test_000482.png,necessary weariness . ( a ) Order makes for a decrease in tiredness .,paras weariness. («/ Oroler mater fr a ole crease in Seti:,0.4492753623188406
test_000483.png,Can we then frame some ' rules ' which may enable us to live life,,1.0
test_000484.png,upstairs or down to the shops .,upeta( re or down fe The thepe,0.3870967741935484
test_000485.png,after time we forget something and have to go back,afer fme we rye? woe thg wa tats th if back,0.42
test_000486.png,write out all the necessary jobs waiting to,wile ait ol LECTION file wisi ie,0.6744186046511628
test_000487.png,The business man would find that he reached,"74 Alt pr iit?, fli JU? Me title?",0.7674418604651163
test_000488.png,rather than getting from one thing to the next .,rote fbr umes fea? LUE “ug Ah teva,0.7083333333333334
test_000489.png,"be done and then work quietly through them ,",VELMA Joe tier A geil hoch. WZ,0.7272727272727273
test_000490.png,thing else . If we would only sit down and,bie Me ys ee tet cats wl Bhit2 Ora,0.7380952380952381
test_000491.png,The housewife would find life far less tiring,Ji Apevia /l ett jie Yd fin ht “use,0.7333333333333333
test_000492.png,the end of the day with far less strain if,,1.0
test_000493.png,"if she made a list , followed a routine of work",,1.0
test_000494.png,we would find life considerably less exhausting,ws tevdt fie Ub avptatiy fn Mauligp,0.7021276595744681
test_000495.png,aimlessly along is more wearying than any-,wut otviP Wa peed ttdery tig Mher Bly =,0.8095238095238095
test_000496.png,he was a little more systematic . To drift,le tts 2 fll per py pirate Jo wife,0.5952380952380952
test_000497.png,I am more than conscious of this . How anybody,,1.0
test_000498.png,out for forty years I find difficult to understand .,peut fac foty yeas L fool Ap wet fo ceca ferd.,0.5576923076923077
test_000499.png,commerce may be kept going - though if ever,COs t7ce iy be hepf grny - Mag ae,0.5581395348837209
test_000500.png,of ' staggered ' hours it may do an immense,pf dla gp areddl” fapeate <b teecp Ae On c7emrpeese,0.813953488372093
test_000501.png,it becomes possible to work out a system,it fecerres pow ke fo wr0k pul ¢ UA bw,0.525
test_000502.png,amount of good over and above relieving,Lurpunt of fod be Ara Gh Mlitiited,0.6153846153846154
test_000503.png,the pressure on over-crowded trains .,He fabcise bor Oar H0WAeA Wars.,0.7027027027027027
test_000504.png,can go through the same routine day in and day,Cee 90 trap Yao Atene +Bedpine My “a Ce Beg,0.6956521739130435
test_000505.png,A lot of it is inevitable so that industry and,QO lob ob he vnwviteble 10 feat crcecaley ee,0.5869565217391305
test_000506.png,ago to hear of a school who tried a six-,BAB VS HEas af ASaMradh Na MeaA& AdSK-,0.75
test_000507.png,and I was interested some little while,AHA LWdias Wescakends sank litte nde,0.631578947368421
test_000508.png,for this . I know how much of a drag it can be,1K HS. saws Nas mMMA a} a.diag ican be,0.5652173913043478
test_000509.png,hardly like to add further to the dullness,Nach ke to add Castes Satine dullness,0.40476190476190477
test_000510.png,"in a predetermined groove , I would",WN AQAA SMNEA GOVE \IAIAS,0.8857142857142857
test_000511.png,which it engenders . But I am not arguing,LIWAN WF ENGENASS. HU AM TAIAQUING,0.8536585365853658
test_000512.png,day timetable .,Say WMCIANIE .,0.6666666666666666
test_000513.png,"As it is , with so much of our life already","Ad VE AS, Lsdh Some) at aus Le already",0.4883720930232558
test_000514.png,"to five of the timetable , the following",lope of Men rehab the folowing,0.425
test_000515.png,knowing exactly what the subject,Frowirg aac Hey Ww tat the De he ek,0.5625
test_000516.png,started day one again and so on .,shel Hay one i haa CRO 20 AR.,0.5757575757575758
test_000517.png,By this means they avoided each,by hes PLARS Moy QR>KWA ead,0.6451612903225806
test_000518.png,Monday was day six and Tuesday,st Diy ite Hay ak ati [le <Alay,0.6666666666666666
test_000519.png,3 p.m. .,Sp.M.,0.625
test_000520.png,"They only worked , of course , a five-","They one by wor Rex, Gf (Our re a pve ;",0.47368421052631576
test_000521.png,week being the same with a pupil,,1.0
test_000522.png,Monday to Friday were days one,MaMa ie Ray ute AAgs ape,0.6
test_000523.png,day week so that in the first week,aa wer ded in Ha fred week,0.5
test_000524.png,would be on Friday afternoon at,Wah Le On 771 Alay Glesroor Qk,0.6774193548387096
test_000525.png,sympathy with the young wife,,1.0
test_000526.png,day of the timetable it was - but,,1.0
test_000527.png,To have order does not mean getting,lo Hive orllr cloes Ft tear ytithg,0.45714285714285713
test_000528.png,"It was a little complicated to work ,",,1.0
test_000529.png,and kept everybody on their toes .,,1.0
test_000530.png,"of course , and there had to be a big",,1.0
test_000531.png,who does not always want to do,AM pes syed harp taal 0 wb,0.7
test_000532.png,it added immensely to the interest,Lh achle iteenaely A the thea,0.5
test_000533.png,notice in the entrance saying which,"Moke yy Ae netrene Heylig Atyjch,",0.6
test_000534.png,into a dull routine . I have great,,1.0
test_000535.png,the washing on a Monday .,Mk HaHiry On a Maclay,0.56
test_000536.png,"do , note the order in which they can most conveniently be",do hile the order hn whol thy Can roo wag be,0.4482758620689655
test_000537.png,the early closing day ) .,Afe “~ clovin dy),0.52
test_000538.png,"- you must , for example , do your shopping on the morning of","_ oes mart, fer exenp l do pe apn On he ~— f",0.5409836065573771
test_000539.png,"I would not want to either , but if she wants to get through",/ null nt wart etther bf fm wan fr Fa thoy,0.5
test_000540.png,sit down quietly and make a list of everything she has got to,,1.0
test_000541.png,done ( or must be done because of other predetermined factors,done (ee ee be done be aure f of her predetermine factor,0.22950819672131148
test_000542.png,"the day without becoming exhausted , she will be well advised to",he ” whol scm exhaue eel che will be adlned ts,0.453125
test_000543.png,thing at a time . A list or a plan enables us to,"JDMirg OA Wud, fille ay atin Avale’ wo LE",0.6875
test_000544.png,matter on hand .,,1.0
test_000545.png,of mind ensues . ( b ) Concentrate on one,a ML Lidell. 74 Lonciatien LLP Lit,0.7317073170731707
test_000546.png,put all our energies into the particular,fee Of gi Mi yug Vale fe gar feeds,0.775
test_000547.png,"She will , in fact , be surprised at what peace",BY AA 7 Vin 4 ee a aitiel fit,0.7446808510638298
test_000548.png,"too , are necessary , but a careful examination","oe, are Vecessary bed a care fh Lrouuvahorr",0.44680851063829785
test_000549.png,elsewhere .,bsewlore .,0.36363636363636365
test_000550.png,the comment of Rami bar Rabh is quoted,the coment of Cour has Pebl 15 quoled,0.34210526315789475
test_000551.png,"( Actually , the Mishnah quotes two further proof","ketal, ithe Hishoal qeotes tuo futlex root",0.3877551020408163
test_000552.png,of that passage makes it clear that these are,of that pasage wakes 4 ear that tlece are,0.17777777777777778
test_000553.png,not quoted here because they are not,pot quoted Lere tecause they are vial,0.19444444444444445
test_000554.png,"texts and the Gemara explains why these ,","lexte Quah te Gewarm exphois uiley ese,",0.4634146341463415
test_000555.png,necessary to prove the point made by,,1.0
test_000556.png,"R. Joshua b. Levi . ) Finally , we note that",Dive bien Finally we vote that,0.4772727272727273
test_000557.png,with the comment given by Samuel .,wets a cemeedant aves by Samuel |,0.38235294117647056
test_000558.png,R. Joshua b. Levi . The proof text for the,,1.0
test_000559.png,reading of the Book of Esther is quoted,each us of He Book of Estler te quoter,0.3076923076923077
test_000560.png,The sugya is built around the saying of,The Steyn £s helt ard the a? ae of,0.41025641025641024
test_000561.png,we have a good illustration of how a,ve lave a aoe tlushahor of Low a,0.3611111111111111
test_000562.png,already in the hands of the Redactors .,,1.0
test_000563.png,sugya has been fashioned from material,eyo Las heer faslucredl frou watenal,0.42105263157894735
test_000564.png,"From the above it follows that here , once again ,",Frouc the above it plows that ere cnrce a a,0.3
test_000565.png,because the Mishnah deals with the,,1.0
test_000566.png,( This is probably to be understood as a well-,This is probally bo Le udlerstecel as a well-,0.2391304347826087
test_000567.png,Levi's thesis ! ) The proof text of greeting by,,1.0
test_000568.png,the divine Name is taken from the Mishnah .,,1.0
test_000569.png,actual practice of greeting by the divine,actual prachee of qreching ty the dive,0.21951219512195122
test_000570.png,texts to support the thesis of R. Joshua b. Levi .,lexts b secpport the thesis of (2. Sosbuab.beln,0.32
test_000571.png,There is no reference to the Mishnah here,There (5 Up telereercce to fre Highrial here,0.3902439024390244
test_000572.png,known comment on the verse ; quoted by,,1.0
test_000573.png,by the Gemara in support of R. Joshua b.,,1.0
test_000574.png,Name and the Gemara here quotes the,,1.0
test_000575.png,Samuel in support of his thesis and quoted,,1.0
test_000576.png,need for the text of the angel are quoted,reeck fore the fexd¢ of He angel are geoted,0.2682926829268293
test_000577.png,quoted in the discussion on the Mishnah .,"guete ol jen He disachlorr Orn ig, Hiab oJ.",0.6829268292682927
test_000578.png,The question and answer with regard to the,,1.0
test_000579.png,answer or that our sugya is quoting from,,1.0
test_000580.png,four texts quoted in the Mishnah .,lous lexts quoted te He SS ae Oe,0.4411764705882353
test_000581.png,quoting a well-known question and,,1.0
test_000582.png,here in the same words in which they are,Wore Wr the Saue words tn wlucl Hey are,0.3
test_000583.png,This can either mean that both sugyas are,Tus Cater eles Wika tat Lott meqyes Ore,0.5365853658536586
test_000584.png,the longer sugya which deals with all,,1.0
test_000585.png,expression appears to have been framed in,expresetore applaxs fo brewe beer frrucech _,0.4634146341463415
test_000586.png,Or it is possible that our sugya contains the,,1.0
test_000587.png,accord but there was no approval of his action,nccoreh but (Lore was Lr10 cpprowak of dct Heh ee.,0.5
test_000588.png,original question and answer and this is quoted,origak quesh re aul accswer aug. flus iS poled,0.44680851063829785
test_000589.png,"response to the particular point at issue here ,","gee te perhelor pot at (stew bore,",0.5208333333333334
test_000590.png,in Heaven ' in both sugyoth . Such an,,1.0
test_000591.png,use of the expression : ' Boaz did it of his own,,1.0
test_000592.png,in the decision of the human court . ),a the clecistorn of Hee mua court. |,0.34210526315789475
test_000593.png,in the other sugya . ( This can be supported by the,in the oflos ah sae (Ylus cau he seppotted by fhe,0.37254901960784315
test_000594.png,whether the Heavenly Court concurred,wheter Hie Heavety Cost couse,0.3333333333333333
test_000595.png,to the discussion but because it was,ly Kew he discussore best deasnutd. af ee,0.6388888888888888
test_000596.png,invariably quoted whenever the verse,,1.0
test_000597.png,part of the verse .,,1.0
test_000598.png,is then quoted and the interpretation of the,S ther oquohed aud the witerpretaherr of the,0.2727272727272727
test_000599.png,latter part of the verse by Rami bar Rabh,,1.0
test_000600.png,"is added , not because this is at all relevant","added, rot Lecoucse tus is al 2h rloyacd",0.41304347826086957
test_000601.png,become so well known that it was,Lecone $0 wetth luewr tak it wee,0.46875
test_000602.png,The proof text of bringing the tithe to the Temple,,1.0
test_000603.png,a familiar interpretation which had,,1.0
test_000604.png,"itself was quoted , almost as if it were a",,1.0
test_000605.png,deals with a similar theme .,,1.0
test_000606.png,and the court of Solomon . ' The place of this,audl the court of Colour. Te place of thus,0.2391304347826087
test_000607.png,on the saying of R. Joshua b. Levi which,,1.0
test_000608.png,' The Holy Spirit manifested itself in three places :,The Hoty Spint wrarrifested itelf ur three daces:,0.2830188679245283
test_000609.png,The Gemara continues with a saying of the,,1.0
test_000610.png,"Palestinian teacher , R. Eleazar ( 3rd Cent. ) :",,1.0
test_000611.png,"the court of Shem , the court of Samuel of Ramah ,",,1.0
test_000612.png,"saying here is obvious , it follows naturally",,1.0
test_000613.png,"complete with heavy crochet antimacassars , mantel-","Compplele wh, parry crochel Quti macamard, Anembel-",0.45098039215686275
test_000614.png,One can remember with horror the pictures of the,,1.0
test_000615.png,"trends . Crochet today has a variety of uses , and","hinds. Crochet toclcuy how a Acnttly of hated, ancl",0.46
test_000616.png,after the Victorian period that designers realised,Hee Hoe Adicloriam pawiod thal dteigners stolead,0.42
test_000617.png,has even stepped into the field of high fashion .,,1.0
test_000618.png,piece covers with a fringing of clumsy bobbles and,,1.0
test_000619.png,"the potentialities of the craft , and crochet was","ee goolenbicdilues of Hae crafA, Aud croc! Mad",0.42857142857142855
test_000620.png,revived with designs suitable for contemporary,"priced pit, Aeighs wutalle for Crilomporary",0.3695652173913043
test_000621.png,overcrowded and over-embellished drawing-rooms,coco and ovtr-tmnbelirhed draaring- room,0.391304347826087
test_000622.png,numerous other crocheted pieces . It was some years,"punmnrtros Ot, crocheledl portca. It wag dome ytd",0.47058823529411764
test_000623.png,This could hardly happen without the,| bits Oper fits hy AY o> intloed fez,0.8055555555555556
test_000624.png,herring having some orientation with the,"Pataieg Pacing Atuew Ottinfefoor, trl» fre",0.675
test_000625.png,the ground as well as in midwater and,,1.0
test_000626.png,during the swim ( the swim at East Anglia,Aepoarg flee hte CHR dindue ab Lait he 36,0.7804878048780488
test_000627.png,the herring must continue to migrate over,V ZA Serving eee! Chechen fp eng rale OULr,0.6585365853658537
test_000628.png,is always from the north ) .,"yy) dlwoy fron, Fe 2¢fe)",0.6428571428571429
test_000629.png,"is caused during the daytime , and that",1) Cltectiogl erariy J VE Mey frome . Goat Mak,0.8717948717948718
test_000630.png,sea bottom . It means that the crowding,Aca offen. Lf B27 Leer haf. Lee Nickie,0.7435897435897436
test_000631.png,"helped and hindered by water flow ,",,1.0
test_000632.png,great fisheries that depend on them :,,1.0
test_000633.png,Thus we can see that herring,,1.0
test_000634.png,the herring spawn along the northern,,1.0
test_000635.png,the Fladen Ground ( where again most big,Me Maclin Spon (adler Ogpen won be,0.575
test_000636.png,"shots are taken on the edges ) , the Gut ,","Hl ave tahen on Me eolye,), Mh Yu,",0.47619047619047616
test_000637.png,"instinctive perhaps , and certainly",,1.0
test_000638.png,"movements , although primarily",,1.0
test_000639.png,are also closely related to the sea-bed,Ore aly Monty fthate HOM Za-da/,0.5897435897435898
test_000640.png,"geography . Geography , too , names the","poate ty. og por hy hac, Mares Me",0.6153846153846154
test_000641.png,a deep-water channel to the Dogger where,a Mfpter pupae 0 Che logger Ahen,0.475
test_000642.png,Their descent stops at the end of the light pressure . But,,1.0
test_000643.png,gravelly soil of these many roughs where the spring-,"grr, wil of There oe roy where. fhe ry -",0.4807692307692308
test_000644.png,spawning herring are always found .,pens herr are ol fanel,0.5428571428571428
test_000645.png,their optimum depth ; and this coincides with the suitable,Mhete ap ima dep; anol thit Cemerdes with He duta bl,0.43103448275862066
test_000646.png,"they migrate easterly to the Norwegian side , or westerly , until",wi — lia h the Menem dole or a until,0.6615384615384615
test_000647.png,in the shallower water the mile wide layers disappear from the,,1.0
test_000648.png,echo-sounders . Bottom crowding comes when they cannot reach,echo — Youn dere. Potion ictaer Comer when i Canne F reach,0.4666666666666667
test_000649.png,In this 200-fathom trench the herring do not touch the bottom .,/y Kher 200 ~ fathom french the sae a nol fouck the beth.,0.4126984126984127
test_000650.png,miles farther south before they,,1.0
test_000651.png,The joint evidence of echo-sounders,he grad ewdlinae of tito gacrilerr,0.6285714285714286
test_000652.png,going to travel a hundred,,1.0
test_000653.png,shoals that gather at the Knoll or,,1.0
test_000654.png,other banks are most of them,tir ints wre toort 0f Bhim,0.4642857142857143
test_000655.png,"Drift Effects . At East Anglia , for instance ,",,1.0
test_000656.png,spawn . Some will spawn at the,thin. die. Aa 2tawn at de,0.5666666666666667
test_000657.png,though somewhat dim picture .,,1.0
test_000658.png,and fishing gear leads to an overall,,1.0
test_000659.png,The details are harder still to see .,Lhe ofthuls ate Moller th Ay tce,0.5405405405405406
test_000660.png,accidental . Being contranatant or against,"2c c1clern (el. Bere ""f Cht--ptere fae: é ar Cfartrot",0.8571428571428571
test_000661.png,So the arrival of any particular shoal,jo fe Cereal of eg (echt cer Mar ge Be,0.631578947368421
test_000662.png,"that find it if enough are travelling , just as","Vleaf, brad if Lepegh are frtwe cag ‘ fiw @2",0.6170212765957447
test_000663.png,"the drift , it probably has a survival value",ble An Ps ab (1042 bby Ji@2 @ tecrewel eee,0.75
test_000664.png,be accidental . Yet there will always be some,,1.0
test_000665.png,fish at a certain spawning ground may,"Lisl, Gf @. Cachan otic er, off {lttew’ weeny",0.9459459459459459
test_000666.png,in ensuring that the fry after hatching,ges Lebo ttpagr 75 feaf Va fy Offer At Aatag,0.7948717948717948
test_000667.png,are drifted back into the normal home,are And fol Hack Lalo Pre r0rn ae “bene,0.5945945945945946
test_000668.png,only one among thousands who do not .,only ene Caer bong Merpictauol ther Ct steed,0.7027027027027027
test_000669.png,the robin who gets back exactly may be,Vee folie who fe Age exeachy wn Ae,0.5
test_000670.png,But this southerly migration is not,fect Pav apedlracly snigpaheon 2 204,0.7142857142857143
test_000671.png,water that is blown offshore must,Wwokes Hats tlawr ff2 hove NUS),0.5757575757575758
test_000672.png,are well known to bring good,ai’ nel EAGuIR. ha lg. gang,0.7142857142857143
test_000673.png,Drift in another form probably,"oft 2 Grothe, form prota ly |",0.4
test_000674.png,be replaced by an underflow bringing,he plo ud by Ger undeflaw brig. cg,0.4166666666666667
test_000675.png,explains how these migrating herring,epliuns Row these Mt garg Adee,0.5
test_000676.png,different winds . Strong westerlies,Ol fer Wns. Share weski ls @,0.6
test_000677.png,and Suffolk beaches .,Op fuffo CK feades,0.5714285714285714
test_000678.png,longshore fishings . The surface,argo rare poturg S. The ausface,0.53125
test_000679.png,are biased to east or west by the,Qse GrepA lo CQS/ OF Wee ou /tel,0.696969696969697
test_000680.png,with it the herring to the Norfolk,,1.0
test_000681.png,"course - one breeze will not do it ,","conn -~one tte hd Med 0b «A,",0.6111111111111112
test_000682.png,but quite apart from this wind effect,,1.0
test_000683.png,"often start off the "" local "" herring ;",btten sheep af fhe Meal” Mihir,0.6153846153846154
test_000684.png,there is an easterly drift special,,1.0
test_000685.png,"Easterly winds , on the other hand ,",,1.0
test_000686.png,recent years have shown . A succession,,1.0
test_000687.png,the meeting of water from north and south .,Mhe Meche af ihr flew) Notbb antl rit,0.6511627906976745
test_000688.png,"mean no herring along the shore , as","Ma Mittin, alety Me WOARL, 42",0.6666666666666666
test_000689.png,"to this rump of coastline , caused by",,1.0
test_000690.png,though a very hard westerly will,Mocisp @ hin Aatd Merry deeds,0.71875
test_000691.png,of winds is needed for this effect of,of wits £3 ttdlid fir Pda cfftct of,0.43243243243243246
test_000692.png,"works , it may well be that this outset , akin","WHS, If Cay vada Ahad nasa ises akin",0.6086956521739131
test_000693.png,Knoll . Without an explanation of how it,WAL: Withaak an cxdananan ch hava it,0.525
test_000694.png,"Herring fishermen call this "" the outset "" . It",leaning Paresmen CaN Ws “he Awards Th,0.6170212765957447
test_000695.png,"wind you will "" set "" out - or drift to the east-",NINA YOrvrth “Sey Bs-ON Oat Lome east-,0.673469387755102
test_000696.png,"ward , the length of half a fleet of nets -",VOB tc lenin ch Halkadlecsaf nao-,0.6046511627906976
test_000697.png,"is strongest at spring tides , when without","IS CID ACAI AN GAIN Ndcd, Wine varias",0.813953488372093
test_000698.png,almost a mile on every tide at the Smith's,ANNES LMBIE ANCAY WAC GANCOMANS,0.9047619047619048
test_000699.png,been the biggest factor through the ages,Ree WE raqoesk Yodkos Wah We ages,0.575
test_000700.png,in the constancy of this great herring fishery .,1) ANE COMTHANLY Sf Wd grcoss emg ny,0.75
test_000701.png,"to the mouth of a great salmon river , has",to WHE MAW OY A. Fear SAT Tvex hod,0.6666666666666666
test_000702.png,( Just how the seine ropes do this is not yet proved ; it may,"(fot how He tine. — oo fhe le i ail prod, P “",0.5737704918032787
test_000703.png,"to overcome its effect , very few fish would be caught .",fo orwcene it effect ny fev fick smuld — be ashe,0.44642857142857145
test_000704.png,through or along the bottom . ) But given such a bow,"ar or se, te boft enn . ) Bat Fa duck a bow",0.4807692307692308
test_000705.png,"sand ; or even in the case of flat fish , by vibrations",Yan; or Ven he the Care of ft fh ‘4 vibra Fen ¢,0.4
test_000706.png,"wave of disturbance , it is obvious that without something","Wave a dtu lance, it Wt obviews Mat wibhent- toma tg",0.41379310344827586
test_000707.png,"be by actual contact , or by sight reaction to the disturbed",,1.0
test_000708.png,aware of the moving footrope before,,1.0
test_000709.png,appear to be the simplest case -,Gpptts fo be fhe pmpest cace -,0.3125
test_000710.png,"they become ( 1 ) tired , or ( 2 ) more used",fly decone (1) hie of Ce) nore oer,0.4772727272727273
test_000711.png,Let us consider first what would,Lh Wo CORSE: oles prst why Wouln,0.625
test_000712.png,The evidence suggest that the fish are,[ht (Aer 219 Gtal hak He fob. Be,0.6842105263157895
test_000713.png,to the disturbance .,"id, dishalene. .",0.65
test_000714.png,that of flat fish on the bottom .,Hat i flat pst. OR Ht kotor,0.5454545454545454
test_000715.png,"it , swimming at the same speed",if Qe eager at Me Wee Son,0.6774193548387096
test_000716.png,it reaches them . They move away before,if reaches Hebm. They move dct Ce love,0.3333333333333333
test_000717.png,"for an unknown period of time , until","for GR urkfrown pence 72, uns}é",0.5405405405405406
test_000718.png,"sea-bed , though the footrope in this case","i tt, Meog Jt foedtae ti led cof",0.6904761904761905
test_000719.png,indeed passing over some fish .,"UE fOnuTy Lilt pant fie,",0.8064516129032258
test_000720.png,"the footrope , and presumably out of its",te | fowl “afte ee aia Vee Cf thie,0.725
test_000721.png,that the wave might be transmitted by the,,1.0
test_000722.png,the seine-net film this usually seemed to,JE thie - Me fille te areal whet fC,0.6585365853658537
test_000723.png,happen just after the fish had risen above,"faye, Vike Oa tea fit, Ae tte tbe",0.6428571428571429
test_000724.png,was actually just off the bottom and was,“ios atvatty joo tf le belt WIHT,0.625
test_000725.png,"field of disturbance , or bow wave . This suggests","Vick oy deter Gort; a lew ftttt, Ze yd",0.72
test_000726.png,Then they stop swimming and are caught . In,,1.0
test_000727.png,Cover in the fast-moving trawl is considered,COS WANE FOSAMANING MawJ15 AMDIGSIKCA,0.8409090909090909
test_000728.png,reaction to disturbance would be upwards .,FEOCMaN YO cadusBance wanlaioe wbwas,0.6428571428571429
test_000729.png,would seem to be even more essential ;,"LOADIA Sesh 4O De Qenmae cSseonal,",0.631578947368421
test_000730.png,And in this film the rise of the fish was,"MO WO Nilen Ae, isach snc Msn Was",0.6829268292682927
test_000731.png,essential to catch round fish whose,"CASEMMIAL AD CAICD ICON, Aon UMaase_",0.8571428571428571
test_000732.png,"fish like haddock , which would hardly",Tedd Uke Hadsdcck WNAN WSGANADLY,0.7368421052631579
test_000733.png,but more films are needed to prove this .,"uk mare MIMS AL UNCACANO OTN WAS,",0.7560975609756098
test_000734.png,"small , a matter of a foot or two . With round","Sepatd, a trates HY ahoak at two tn ura",0.5869565217391305
test_000735.png,"find safety on the bottom , this cover",TOA aaledy Od Ye Haken WIS CONES,0.7368421052631579
test_000736.png,Actually the seine net has little or no cover .,"AQAA WE SINE HET HAS LE, BI AA CAVES.",0.7872340425531915
test_000737.png,"They also had to cope with the usual flood of rumours , so-",Jhey akso HoXyro COPE coith Ne Usual Clood at mou SD,0.4745762711864407
test_000738.png,"in which she had died , there was nothing on","Ln Wnichr Snr rea SLOYs THe L Lan, so any",0.7045454545454546
test_000739.png,the victim and inspecting at Waterloo the carriage,tne Victim any IVSPECHMY at Waterloo ane COG AL,0.46
test_000740.png,adjourned .,QDS OUCNL ®.,0.9090909090909091
test_000741.png,"the Thursday evening , with blood actually dripping from","tne FhursdsQay Cvenny, with otood actu oWhy ov: ER iMy row",0.44642857142857145
test_000742.png,"his hands . The inquest was opened on February 17 , but ,","Nis Nonds -Wna tnquest wos opened Of) Tebruacy IF, Our,",0.3684210526315789
test_000743.png,man had been seen fleeing from Vauxhall station on,man Nas cen SeOn FRaeeina from Vau K hake Stockton OW,0.44
test_000744.png,"me well meant , some mischievous , including one that a","ma wath means, Some Mry Chi eyous, inchu WNa one that a",0.36363636363636365
test_000745.png,beyond the jury hearing a formal identification of,pb yon tWe Jury Viewing a forwol CAGE CAatiOMK oF,0.48
test_000746.png,"which to proceed , and the inquest was","se) any CC’! +~G FYo Cee, omrd aN Manes w) @",0.9210526315789473
test_000747.png,Day by day the police followed up likely and even unlikely,oy by doy the police oo wid UP VKaly ams Vey Unlikely,0.3448275862068966
test_000748.png,a detailed account of his movements on the 11th . The dead,Q her i eS Aout oF MS Yrevemants on *rhe Ql -in. SNL Need,0.5344827586206896
test_000749.png,named Brown .,AAMNLS Oyo an-,0.9230769230769231
test_000750.png,trails . It was learned that Elizabeth Camp had been lending,"b¥a6ks. 1+ wo, Qtarn£ds tnoar Ei 20.6e 4h Came Nar ooew Leansung",0.5666666666666667
test_000751.png,woman had been engaged once before - to a barman,DONVAW NAS CZan CNaAARLS ONCE!e Ghore- tO QA WX Man,0.75
test_000752.png,"money to her relatives , and her brother-in-law was asked for","MONLY to NLY elo VES, ous her broth’ - In - Law wes asked For",0.45901639344262296
test_000753.png,money . All the while the police were casting about,"money , AY} the while the eolice were Casting About",0.11764705882352941
test_000754.png,"as a man of about thirty , of medium height , with","OS A wan of about tnvety, of wedivy height with",0.26
test_000755.png,This man agreed that his engagement had,VWs Man ag (eed that Wis Engng ment h od,0.3076923076923077
test_000756.png,and a top-hat .,and O +ve- hot.,0.4666666666666667
test_000757.png,at Wandsworth . A passenger described this individual,ar Wondsworh. FP eassenger described his \ndividual,0.16981132075471697
test_000758.png,"a dark moustache , and wearing a frockcoat",OQ Gark moustache and wearing O + roc Kcoat,0.23809523809523808
test_000759.png,for a man who had been seen leaving the train,for a “an who had been Sen \gaving the train,0.1111111111111111
test_000760.png,"tiff , but denied that he owed Miss Camp any",wiff but denied that he owed Miss Came any,0.09090909090909091
test_000761.png,been broken off after one particular,en broken off ep ofter one earticu lar,0.2222222222222222
test_000762.png,"defective , and , despite his claim to infamy ,","Jeledive ond despite Wis claim te WWEamy,",0.3191489361702128
test_000763.png,"description , but the man was not traced .","OeoCriphon, but 4\he Moh was vot é £ raced,",0.42857142857142855
test_000764.png,The porter at the station bore out this,lhe porter at Ya Ss takon bore out +h is,0.2564102564102564
test_000765.png,"at Wandsworth police-station , claiming to have",at Wand Sworth eolice-Stahion Claiming to hove,0.19148936170212766
test_000766.png,committed the murder - but he was mentally,Committed +he murder— bul he was mentally,0.11904761904761904
test_000767.png,for a man did obligingly present himself,‘or O&O wan did blk dingly ereséent hi se\f,0.325
test_000768.png,"Perhaps the news of their search got around ,",Y €- haps the WEwWS of their Sea rth got Qround |,0.3111111111111111
test_000769.png,had been nowhere near the 7.42 that evening .,"had b€@yh wownere wear the 4.49 \hat evening,",0.26666666666666666
test_000770.png,dactyloscopy was only in its beginnings .,dacly loscopy wit only % ids beginnings,0.21951219512195122
test_000771.png,"a verdict of "" wilful murder against some person or",A verdict of * wil ful mutder againsl come =pércon oF,0.19607843137254902
test_000772.png,"persons unknown . "" The most vital clue of the Wedgwood",Dersous ackpony.” et mes ated clue ok Me Wedg wood,0.4
test_000773.png,"adjournments , until April 7 , finally had to be content to return",adjournments ct Lal 7 Filly had ie be teulend es petuen,0.3939393939393939
test_000774.png,"And so the inquest , which had dragged on , with","Nid 60 the | nquest , whidh hed dragged om, with",0.20833333333333334
test_000775.png,pestle had been of no assistance . The killer must,ectle hes Leen ot he uscictane 2. The Viller wut,0.32
test_000776.png,have been very thankful that the science of,oe = vewy Shan k Ful Sie te science vf,0.4186046511627907
test_000777.png,sinister in the idea of tunnels . The building of,Sti cher 1M the idea of faa ry The bai dding of,0.40816326530612246
test_000778.png,solution emerged . There has always been something,talutios emery ed. There has al ways been something,0.14
test_000779.png,yet so strange were the circumstances that it was,yet sa strange were the circum clances Vad + nef,0.24489795918367346
test_000780.png,hazardous business .,h AZA rdous busi ness.,0.35
test_000781.png,were many people who believed that to travel,vere many people who believed tet fo travel,0.09090909090909091
test_000782.png,through tunnels would be an equally,{hreual tunnele would he avy equally,0.22857142857142856
test_000783.png,"The next female fatality occurred eight years later ,",The nerd Pewade fatidiy occured eid jews latep,0.33962264150943394
test_000784.png,a further seven years before even a ghost of a,a turt her Sten A coda hetore CV a ghest of a,0.391304347826087
test_000785.png,them was one of the most dangerous jobs con-,{hewn waS  oue of the weed dang ero jobs Con-,0.29545454545454547
test_000786.png,nected with railway construction ; and there,nected wilh rai lvey construction; and — there,0.1590909090909091
test_000787.png,Some thought that the result would be all,Some theauphe that the cesutt woylid be ahh,0.24390243902439024
test_000788.png,"by it will be so heartily sick , what with the","v4 it wihkh € se heattiff s/Ck, What With the",0.34782608695652173
test_000789.png,wrote an anti-railway industrialist when it was,WTACE AY ants —tarlway by 4St7Ahife When it UES,0.574468085106383
test_000790.png,"of a railway will be worse than Ipecacuanha , """,of a Taikway will b€ WersSe thay )pecrcuanhe 5,0.2765957446808511
test_000791.png,sorts of horrible illnesses brought on by the,Soetes of heeti ke [(LLneEK res peagsine on 64 +the,0.6
test_000792.png,"confined atmosphere . "" The shareholders who travel",Conpyed atmosPhete.- The snatehobdetr who Tzavek,0.3333333333333333
test_000793.png,proposed to build the Box Tunnel .,Profesed ¢2 buiPd the bx Tune.,0.3235294117647059
test_000794.png,"foul air , smoke and sulphur , that the mention","fouk ait, Smeke and Sakphut, that the wention",0.23404255319148937
test_000795.png,"said , "" the deafening peal of thunder , the sudden","sad, “the deafeting peal op thundeZ, the sudalen",0.19607843137254902
test_000796.png,gave others a feeling of danger . A medical journal,GFAve others a feting of danger. A medical Journ,0.17647058823529413
test_000797.png,"immersion in gloom , and the clash of reverberated","ImmCT ian jy ghoom, and th€ Clafh ef Tteverbetted",0.34
test_000798.png,darkness .,daz/s ETT.,0.7
test_000799.png,passengers would be robbed and assaulted in the,passengers watd be rebced ane arya ukted m the,0.2553191489361702
test_000800.png,"of annihilation . "" It was also prophesied that",of Amini hi~ation. It was alee prephe—yed +4nex,0.3829787234042553
test_000801.png,"momentary shudder , or idea of destruction , a thrill","meme acy Shuqdezt, ot idex of dEStTUCE Hor, A thule",0.4528301886792453
test_000802.png,The mere thought of subterranean travel,lhe meze thoupht of Subtéwaneay trwveg,0.2564102564102564
test_000803.png,sounds in a confined space combine to produce a,Seunde 4 aR Conf ney Cfac Combjne to proulyce a,0.3617021276595745
test_000804.png,"The first was that of Mr Gold , in the famous","Ne Sieea wea thag | Mv Go Lal, iw Lhe Tamouy",0.4444444444444444
test_000805.png,in circumstances pointing to murder .,IA LAVTCAMR CEMAU CCL CoIM**IUA to Bee ae,0.9459459459459459
test_000806.png,which a body has been found in a tunnel,"ud Wada ex Qodly Le, Qoen Denial A AX dunner",0.717948717948718
test_000807.png,"For all that , as far as England is concerned ,","Yor ofl yor or Var ad Crglourc I Concenmed,",0.5319148936170213
test_000808.png,victim was a woman .,VACOAWM woKy a woman.,0.55
test_000809.png,"Lefroy case , and by an odd chance the second tragedy","Lex roy. Case, ond! by any odel chance {Aa Second érag edy",0.3018867924528302
test_000810.png,"occurred on the same line , although this time the","Pceuvred on We Some Lae, oLYrorg h as Mw € Ane",0.52
test_000811.png,there have been only two occasions on,+ \newre eres 2 €£ia on dy +Wo O LLOA VOUK Du,0.8648648648648649
test_000812.png,"the London , Brighton and South Coast Railway ,",,1.0
test_000813.png,she had fallen or been thrown from a train .,Sle Wa ol FaQon Or Been tea Civ anan You a *Yaiu,0.6818181818181818
test_000814.png,no doubt that the woman had been the victim,no Aw bt tle SE an ed. Been hile WV tye,0.5581395348837209
test_000815.png,"of foul play , the verdict brought in was that there","of toud play, +o vEeradics Q TOUaas AA WHA Wor Lone",0.5769230769230769
test_000816.png,"24 , 1905 , a Sunday , Sub-Inspector Peacock , of",2 90s ae Sumolay | Sub - \useeetor Peacock of,0.40816326530612246
test_000817.png,Though in the minds of most people there was,"TV hous a dhe ni wot oy wo\+ propSie A owe_ WIA,",0.6363636363636364
test_000818.png,"Brighton line , is approximately one mile long ,",By arou Dawe Ws AEE X<\ mam ked y OM *e oe Pou,0.7708333333333334
test_000819.png,was not sufficient evidence to show whether,UD UD WoO + Ciuck = CVe%KA. CA Arce ALD ne Wk ether,0.8837209302325582
test_000820.png,and some time before midnight on September,Anal FS Owe _ Linge Cefore mii tua hy oe Septen.Ser,0.5952380952380952
test_000821.png,"The Merstham Tunnel , on the London-to-","The Mererhaw Tuuneld, ow s+le Yeske. Loudon —so-",0.5128205128205128
test_000822.png,the Feathers Hotel to await identification .,+he Feathers Hote to awajt identit ication.,0.13636363636363635
test_000823.png,"Was it a case of suicide , where some unhappy soul",Nas it a Case of swicide Whae Some unhappy Sou,0.22
test_000824.png,"doctor , the woman , young , small , and rather plump ,","Hoctor, the worn Young, Stall cund rather pliump,",0.2727272727272727
test_000825.png,had walked deliberately into the blackness and,hod wolued debilerarely into the blaaness and,0.17391304347826086
test_000826.png,"Station , and a stretcher party took the body to",Station and a stretcher party tooK the body to,0.0625
test_000827.png,into the path of some train ? This hardly seemed,Ito the. pod of me Hain” This harelly seemed,0.2916666666666667
test_000828.png,He sent word straight away to near-by Merstham,Hesenk Word Steught away to hear-by Mersthown,0.2391304347826087
test_000829.png,thrust in her mouth like a gag .,dnuryst in her Math Oke a gay,0.375
test_000830.png,"likely , since , when she was examined by a local","Uuely, since, When she was Qamined by a Local",0.1836734693877551
test_000831.png,was found to have her own silk scarf drawn,WOS found 4o have herown sili varFolawn,0.2857142857142857
test_000832.png,It was the battered and broken body of a woman .,+ WOS The DatterG@ and brake” Dody or a Woman.,0.3125
test_000833.png,"almost tight enough to strangle her , and the ends",Los + tg ercugh 0) stramglenty and he. endls,0.44
test_000834.png,"fication , no money , and no railway ticket . By then","ti Cation, Mo money and He youlway time. By then",0.3018867924528302
test_000835.png,occurred before her death was ensured by some,occurred before har death was ensured by some,0.022222222222222223
test_000836.png,"this stretch of line , but no information was","Ths stretch oF Line, but ho inormation was",0.15555555555555556
test_000837.png,reports were being gathered about all traffic over,emrts were beiny gathereb Atoudall LraHtic over,0.24
test_000838.png,forthcoming about any carriage with an open,forthcoming evbout ay CUtriage With an open,0.16279069767441862
test_000839.png,which might relate .,Which might relate.,0.1
test_000840.png,"Both her wrists bore the marks of severe bruising ,",Both her wrists bore the mars of severe DMLISiNg y,0.1568627450980392
test_000841.png,and there were other injuries on her body which had,awd there were other injuries on her body which had,0.0196078431372549
test_000842.png,train which had roared through the tunnel . There were,troun which had booed through the tumel. hee wee,0.2037037037037037
test_000843.png,no letters or papers found on her to assist identi,No Leteas or papers ford on her to assist idenp,0.16
test_000844.png,"door , nor any passenger reporting an incident",aver | hor any passergG leporting a incident,0.21739130434782608
test_000845.png,During that time a description of the girl was,Daring Frat HiME A descrighou OF Ine Aic| was,0.391304347826087
test_000846.png,"circulated , and a Mr Robert Money came forward to","Ci rculoted, aud a ur Robert BONED Cauwe Forward +o",0.32
test_000847.png,So the body of this small girl with the blue eyes and,So +ne bod y OF 4mS SAall al with Ane blue ege aud,0.3584905660377358
test_000848.png,whom she worked as a book-keeper .,"W oad Sie, wotted OAS aA bookpeevel.",0.5294117647058824
test_000849.png,"identify her as his sister , Mary Money , aged twenty-two .","ISEMLIFA NET AL ME Lickel, Math Moned aged twWeu two.",0.5423728813559322
test_000850.png,"Clapham , on the premises of a dairyman , Bridger , for","Claghan, ou tne greniuwe CF a JairQguau Beidaer, Fot",0.43636363636363634
test_000851.png,"The girl , who was described as being "" always bright and","The, Biel ,anNO WAA desctibed AY berugy ? NIAAS brant aud",0.47368421052631576
test_000852.png,remained a mystery until later the following day .,"CTeAarned a AYNEeFY Until later we Followma day,",0.38
test_000853.png,long brown hair in a bun at the back of her head,lous brown nour in a bun om tne back of nef Nead,0.22916666666666666
test_000854.png,"jolly , "" had been unmarried , and lived at Lavender Hill ,","Yow” ad beeuw unuacmed, aud \wed ak Lavendel Wily,",0.423728813559322
test_000855.png,"evening at about seven o'clock , telling her room-mate , Emma","EVEUUy OA about Sete © Clock, Jel\iug ner (cou-Uole, Cana",0.4918032786885246
test_000856.png,purse .,Yurse.,0.2857142857142857
test_000857.png,"On the Sunday , the day of her death , she had gone out in the","OW” we. Suuday, ine day OF Net SEOAN She wad Xove Cut IN Ane",0.46774193548387094
test_000858.png,"Hone , that she was going for a walk , but would not be","Moue , tnar She waS Miug Fort a Wale , bur Would nor Le",0.3090909090909091
test_000859.png,"carrying a handbag , but she believed she had had a small","CatfAiuds a handbag, bur sne belived stne nad nad a Sua",0.3333333333333333
test_000860.png,"gone for long . According to Miss Hone , she had not been","done For \ouy. Necord wa Xo Ass YWoue, She nad not Lies",0.40350877192982454
test_000861.png,rican would not say ; nothing an,bok owe bet AA 5 not wn dan,0.59375
test_000862.png,to which the Frenchman would not,a cee ae Lr emchmnawn son Lk wae,0.6875
test_000863.png,glishman would not do ; nothing an Ame-,,1.0
test_000864.png,SOME years ago a contemporary philosopher,SO ME “fears age a Corildenporarn philosophe.,0.2926829268292683
test_000865.png,would not eat .,,1.0
test_000866.png,dance ; nothing the German would,Lome ’ norhing Xs (52+ prom ee,0.65625
test_000867.png,told us that there was nothing an En-,FoRd WA rok XVQv2 Woo No RAna hae ea,0.7027027027027027
test_000868.png,Italian would not sing ; no music,TA Viow worsted not Arn 4) NO Ywwryke,0.7272727272727273
test_000869.png,not covet ; and nothing the Chinese,rot coved bs cock naling Tho Vipers,0.5142857142857142
test_000870.png,nothing the German would not covet ; and,0 Fag He gerne lowe uot covet Quof,0.55
test_000871.png,nothing the Chinese would not eat .,M0 Fars g Au Cb ume byouhd — cat,0.7142857142857143
test_000872.png,told us that there was nothing an Englishman,Lotol Veal Mere wal no lire g Qn laglatd ma,0.5681818181818182
test_000873.png,say ; nothing an Italian would not sing ; no,aq ang Gs Mab as bold ved Ateg - Le,0.6136363636363636
test_000874.png,would not do ; nothing an American would not,cro utd ued do 10 (e/g a4 Anten eas W/owld Lok,0.6136363636363636
test_000875.png,music to which the Frenchman would not dance ;,"WY uUsiC fo wt Hy ct ae oe w/o utd hol Hance,",0.6304347826086957
test_000876.png,SOME years ago a contemporary philosopher,(ou P ae age Q Coukemporars pla le sep hers,0.5365853658536586
test_000877.png,"many centuries ago , in some cave or hilly",Mea g Cota bares age ma M0ure CAXK OV fi Gy,0.7142857142857143
test_000878.png,hold forth from a spear the welcome gobbet of,Kelol pe fe G Spear Ae wehoour pate f,0.5777777777777777
test_000879.png,"hide , did our forebears home from the chase",Ard / hid cor fore bean bone free Ake hace,0.4090909090909091
test_000880.png,It is not our purpose to discuss this dictum .,"Jt Cl not our pepe ty Lis Cun th. hc bern,",0.5
test_000881.png,homely and protecting flame .,from ty “—_ fares fame.,0.6206896551724138
test_000882.png,borrowed straight from the prehistoric . How,Loews abegd far Tey pric torre : ase,0.6590909090909091
test_000883.png,the progress of civilisation which allows a dish,(Ax Piogren of aw kiahor hhc 3 hua ati,0.6041666666666666
test_000884.png,Suffice to say that few of us stop to marvel at,Nope 4 fey lh fu ¢« pty ts frarvey at,0.574468085106383
test_000885.png,meat or fish burnt and roasted in the,ice Foy fs fruruk Qu Trasted a Mb,0.5945945945945946
test_000886.png,ladies toying with these primitive morsels in the,,1.0
test_000887.png,"evening meal . Later came the thrifty peasant ,",Lee eg meat | Lates Cann bof pastee®.,0.574468085106383
test_000888.png,How many centuries later did the mercenary in,"Kai wets Cer, torres lobe ain (by tetrGedty MG",0.6444444444444445
test_000889.png,gleam and glitter of our latter-day restaurants .,flea aud glilee of owe Ma the - day pelpaaraca,0.4489795918367347
test_000890.png,later still the young Victorian buck adventuring,"hoe oft i yeeg Vie boven, Och adiertan's",0.6666666666666666
test_000891.png,"in Paris , and even later our attractive young",". pons / Qua Lott, lee 6c aie frag",0.6956521739130435
test_000892.png,the Roman wars thus impale on pike or lance his,fhe Kawan yan Fes Angad on pi ot lave fat,0.48936170212765956
test_000893.png,than mere converse has always been there .,"Max, Mer Covcvuenle i alee ays freee ye",0.6428571428571429
test_000894.png,"And , if certain dishes and modes of food have",As 4p cestar's hag hey And nots of fet free,0.5434782608695652
test_000895.png,important than the casual meetings of the present,"pbopodauk do... Uh, Caluaf Auel ta'gp of Ce pitted",0.6326530612244898
test_000896.png,"persisted down the ages , the motive that preserved",pire: Shed Hb wor Me ane Jt Yoh ox Peak prearv<ol,0.6274509803921569
test_000897.png,always been strong in mankind . The sharing of,Ueray) pete (ho y pH ndenbyrud * Ye ther'sy of,0.6304347826086957
test_000898.png,day ; the desire to share something more intimate,oloey 2 Ht Ha le Chore fo ion farms oore not1 Unak,0.7755102040816326
test_000899.png,them has always been the same . Apart from the need,hu hay Ueay fees fhe dame fpolh frm Me reed,0.43137254901960786
test_000900.png,a meal in those earliest dangerous days was an,Q nek rh fine Carte Hargyrout ed Waf ac,0.5652173913043478
test_000901.png,admittance into an acquaintanceship far more,aA uc Hl ae ey Aut ay Acquastquce chp far WNT,0.6136363636363636
test_000902.png,"for nourishment , the instinct of hospitality has",cs 40urIth teatnt ft Auihioel of Ger bale ty bes,0.6530612244897959
test_000903.png,programme of entertainment almost,{> TOT ANNE ef enrter-cumment Amo,0.6363636363636364
test_000904.png,tation affords an opportunity of,Jalon afford 5 Am OP.PaTUn hy of,0.5
test_000905.png,It is a far enough cry from the primitive,AW 4s oo on enoualn Cry hom Pin ihyue,0.5853658536585366
test_000906.png,meal-times of a simpler world to the,meak-kmes oo SomyoCow Loar to +h 2,0.5555555555555556
test_000907.png,showing a guest something of ourselves .,"Shoo ns, Oa Opie yh Something of oUY salve y.",0.475
test_000908.png,"banquets of later days , when the table","rom gut s of Codey day hen +, 2 tah@s",0.5641025641025641
test_000909.png,groaned under its load of complicated,aVOan eh um dv rs Coach Of (omy Ricco ch,0.6486486486486487
test_000910.png,unlimited in its variety and its presen-,mM Ciewnifeck im WS Vari et Omd its Presem-,0.525
test_000911.png,The truth is that good food offers a,the tudh LS Med Spod took Olas en,0.5555555555555556
test_000912.png,"dishes , and for all the blossoming of the",ishe § amd {av 0QQ 4h .2 CoSwomin of the,0.4523809523809524
test_000913.png,arts around them the diners were little,,1.0
test_000914.png,"tongues ; unreasonable surfeit , too , in the",lon suas Urn WRG OW CAS CD Sun feat ko Inthe,0.7111111111111111
test_000915.png,himself go ; and it was from his simpler,,1.0
test_000916.png,"save at feast times , when he , too , let","SAVY cr\ {oc \ Hees, cher ho eo Cort",0.6585365853658537
test_000917.png,There was always the spice of an orgy,There re lua s Nn e Spi c2 of Cun ng,0.4594594594594595
test_000918.png,"in those Roman feasts , for instance , with",,1.0
test_000919.png,all their peacocks and nightingales',9 \heiv Peacock $ Gm ch MO Qvh age fs,0.6944444444444444
test_000920.png,"those days , as ever , ate sparingly , but","Ware days, ar eG, ale Ypawing ly lout",0.40476190476190477
test_000921.png,"generously enough in his own fashion ,",,1.0
test_000922.png,elaborate fashion of eating brought,EQ alsonvale fashion 3 o| OCA) Mac hyou set,0.6857142857142857
test_000923.png,by Catherine de Medici . The peasant in,"DY Cathe, ne SO Sledic\ Whe APC Somat 1h",0.5641025641025641
test_000924.png,"out of Italy into France , we are told ,",,1.0
test_000925.png,"eye with magnitude , began to understand the value of",,1.0
test_000926.png,"Epicures and gourmands , sated by the unending","EACULES and QoucMends, soxed lay THe La|ending,",0.4782608695652174
test_000927.png,"the dishes of the country , and , instead of gorging the","Wnre oiskles ot Khe CoUNNTy J AND, LASTEad of SCA Q ne",0.5714285714285714
test_000928.png,of the 18th century - that amazing epoch of,"ao Xe ASH comory — no AMMO. Eng, epoch) aft",0.627906976744186
test_000929.png,"intelligent selection and comparative simplicity , though",yare qe ge\eckvon and COMPS aN ve SW eer yy Xoo ay),0.6666666666666666
test_000930.png,procession of dishes from those mammoth kitchens,WToce SSiod ok Aishes Ream Wiese Momma KxsoOnens,0.5208333333333334
test_000931.png,nowadays their simplified meals would seem quite,Wow ad ayS Knee Qua Field meals usd Lem Av \ve.,0.5625
test_000932.png,monstrous .,monskraus ;,0.2727272727272727
test_000933.png,grossness and delicacy - sought inspiration at last from,ATS SSHRSS and de\oacy — SouQnt AWS Toa ot \ask Rrow,0.5714285714285714
test_000934.png,"of gorging the eye with magnitude ,","OF Granny the Ge Wh masyni tudo,",0.4857142857142857
test_000935.png,"simplicity , though nowadays their",Spicy hough morordars Wei v,0.5294117647058824
test_000936.png,"the dishes of the country , and , instead",aged: 08 of the County a Ornd | inn slec ah,0.4878048780487805
test_000937.png,intelligent selection and comparative,,1.0
test_000938.png,delicacy - sought inspiration at last from,(OM. COC . oud IMD ie Ow od Qa Hon,0.7380952380952381
test_000939.png,that amazing epoch of grossness and,Wy at AMa yf epoch of QOS SANS Onaek,0.6285714285714286
test_000940.png,simplified meals would seem quite,,1.0
test_000941.png,mammoth kitchens of the 18th century -,,1.0
test_000942.png,"Epicures and gourmands , sated by the",Secure iS Gmc Gel march s cateck by The,0.5675675675675675
test_000943.png,began to understand the value of,Pen \o Undarstamd the velue of,0.25
test_000944.png,unending procession of dishes from those,AN Odin 6 APOC ESS 0 of dishes from flog,0.5
test_000945.png,"Does one , however , know who first thought of boiling","Rees one, however) eNow who Licst WMeaantt df ailing,",0.37037037037037035
test_000946.png,"water and food ? The ancient Britons , I believe , used to","WAX ANd Load The onaemt Bekans,\ bekeve, Sed No",0.4827586206896552
test_000947.png,"make water hot by dropping a red-hot poker into it ,",Moke Wore hot oy deoEPa aA ced—he\ Raker oo Ww },0.5
test_000948.png,because their pots would not stand fire ; but Jacob,We cause Vnexc Darts word Wo’ ond re Nats Secale,0.5490196078431373
test_000949.png,his birthright to him for a mess of pottage - and,AAS carci as Xo nim Lac a mess & go rhage — and,0.46938775510204084
test_000950.png,which the Israelites sighed .,Wiror Ane \eraelites Stalned.,0.5172413793103449
test_000951.png,"must have had one that would , because Esau sold",Mmosk \nave. had ave Anak woo \d WET aN se Esau ga\d,0.5
test_000952.png,then we hear of the fleshpots of Egypt after,"Kaen we Necc af ne, R\eslipets o& Eaye\ af\er",0.4318181818181818
test_000953.png,"Does one , however , know who first thought",(Wwe s On 2 houseu ian Cin ow LOho tay St + hou jh,0.6744186046511628
test_000954.png,"Britons , I believe , used to make water hot","Ca | hel, ey Lo Ud dl to rreaket Loe & ho",0.7045454545454546
test_000955.png,of boiling water and food ? The ancient,,1.0
test_000956.png,we hear of the fleshpots of Egypt,,1.0
test_000957.png,after which the Israelites sighed .,aL which Aho [syaelite » Yghee,0.42857142857142855
test_000958.png,to him for a mess of pottage - and then,42. in to Qmes of Upottspo = Sang. Helin,0.5641025641025641
test_000959.png,"would , because Esau sold his birthright",ood hecauue Can Sold his loithyg ht,0.425
test_000960.png,but Jacob must have had one that,nn ‘\ac ob must hee hac on 2 thet,0.375
test_000961.png,because their pots would not stand fire ;,"ne COAd2 thew ots uscrosilech mo Slond ) re,",0.6829268292682927
test_000962.png,"by dropping a red-hot poker into it ,","Dy dkeppims a red-hod ppe&y Ivite TH,",0.4594594594594595
test_000963.png,When Achilles gave a royal feast the principal dish,When Keniles gave a cay Reask None Prmcgal dish,0.35294117647058826
test_000964.png,lifted urns,\ikled occas,0.6363636363636364
test_000965.png,"length subside , He throws a bed of glowing","lena) svloside, We Syraws abved of Dv sny",0.4418604651162791
test_000966.png,"was a grill , which he cooked himself , and he knew","WAS XW ask, wihrdn We cacked \anmgek< sand he le new",0.5686274509803921
test_000967.png,"fragment turns , And sprinkles sacred salt from","SCA QMENT Socns, And gsecink\es Sacred got Roam",0.5106382978723404
test_000968.png,way of cooking meat except by roasting and boiling .,Way of Cadke XQ onect except ‘oy TIANA and ‘waren.,0.5384615384615384
test_000969.png,embers wide ; Above the coals the smoking,emaerG wide: Noove. kine Cools Kine Smoleing,0.43902439024390244
test_000970.png,"Anyhow , Homer does not seem to have known any","Mayhew , Romer does nol seem No have kenown any",0.15217391304347827
test_000971.png,"how to do it , too : - When the languid flames at",Now Xo So ik } Xo: — When Xne Longusd Rlames Pes,0.3673469387755102
test_000972.png,"Anyhow , Homer does not seem to have",,1.0
test_000973.png,except by roasting and boiling . When,Cor by vous) WS Onn 1p Ging ¢ LUK en,0.6216216216216216
test_000974.png,"turns , And sprinkles sacred salt",tu 3 pe Spvin@€e s Gacve ch Kal,0.5757575757575758
test_000975.png,"and he knew how to do it , too : - When the",,1.0
test_000976.png,throws a bed of glowing embers wide ;,"Wo-ve Uo $ abed of Gorsonr y Cmbrs Lido,",0.6486486486486487
test_000977.png,from lifted urns .,,1.0
test_000978.png,"languid flames at length subside , He","bom guid, Lanes oct ah Sub 5.0 | [42",0.6486486486486487
test_000979.png,Above the coals the smoking fragment,AD2 Whe Coabs dhe sm m5 Nag met,0.4722222222222222
test_000980.png,"dish was a grill , which he cooked himself ,",shia le Lot GC so) ta berghei Coke in olf,0.75
test_000981.png,Achilles gave a royal feast the principal,,1.0
test_000982.png,known any way of cooking meat,brn Ome ene | | cookin y Mn ecut,0.6896551724137931
test_000983.png,and intellect . A remarkable peculiarity in the banquets,"and \wrelleck, A remorkakle pecshatty wy Nhe ‘yang eXs",0.375
test_000984.png,"fireproof earthenware from the Egyptians , their cookery",Mire Qosk eoxnenwose from Whe Eayp tions Wee Cookery,0.39285714285714285
test_000985.png,"in the preparation of stimulants for the palate ,","iw Nhe preparelion at Ghmelanks Kec Nhe Palekte,",0.3877551020408163
test_000986.png,to their aid .,",. Xnexc ao",0.7142857142857143
test_000987.png,confine the resources of the table to the gratification,Conkiwne ne resource § ok Ye Xeble Xo Ye. grant Kaho,0.43636363636363634
test_000988.png,they broke fresh ground and called another sense,ney latake Creda at Oud ond ced ander SANSe,0.5208333333333334
test_000989.png,of one sense alone . Having exhausted their invention,o& one sense alone .\Woving exhausked Awexr wvernan,0.2641509433962264
test_000990.png,"made rapid progress , because they were men of taste",Made vapid Mroa®res § hecouse Whe wete men at \aste,0.28846153846153844
test_000991.png,of the ancient world was the fact that they did not,on Yne once mt wor\ 0) W2S Ane Lock \nok Yney a) aot,0.5686274509803921
test_000992.png,"When , however , the Greeks did learn the art of making","When, nawever, ne Greeles Aid learn Vae ach of moling",0.2727272727272727
test_000993.png,article in their festal preparations ; and it is the,asicle lp Nneic Keshal ere araretls: and Wy ig dhe,0.40384615384615385
test_000994.png,was a subject of no little importance to the Romans .,"WOs a gubyeck of no Wile mpackonce Yo Nhe Romang,",0.33962264150943394
test_000995.png,By delicate application of odours and richly-distilled,By de\eake OEE \ caren a& Odav¢$ Ind trolly —Awsr Wed,0.6111111111111112
test_000996.png,"perfumes , these refined voluptuaries aroused the",pestomes *nese ceGued velop vanes acovsed Ye,0.42857142857142855
test_000997.png,number of flowers far exceeded the number,Momboer aos K\owess Res excesced kre nvumoer,0.4146341463414634
test_000998.png,opinion of Bassius that at their desserts the,a@1Ni0n he Va ssivg Vek a\ Yexe Aeasecks ne,0.5777777777777777
test_000999.png,of fruits .,,1.0
test_001000.png,fainting appetite and added a more exquisite and,,1.0
test_001001.png,They considered flowers as forming a very essential,“Yhney consi dered Rl\awers as Sor ming a very SSseniar\,0.27450980392156865
test_001002.png,ethereal enjoyment to the grosser pleasures of the,eve veal eni\ay ment No Xe arasser Qeasores ov Xhe,0.36
test_001003.png,board . The gratification of the sense of smelling,"hoacd. “Ane. ara Ficalhot ok Xe SOnge Ot sene\wng,",0.56
test_001004.png,traveller occasionally encounters a certain,4 volo occomronadty ACHARYA OW pe Pr,0.6976744186046512
test_001005.png,and flowers proved of sovereign power,and Yow QvrA prevad Od A oN ons PowAr,0.5675675675675675
test_001006.png,measure of novelty .,"YYW QODSA. |-@ ot wor,",1.0
test_001007.png,clarifying the functions of the brain . It,dors paying Ara perciom of The Nproiee  OF,0.5952380952380952
test_001008.png,"According to Pliny , and others , certain herbs","Accord ing <> Wing, ean oNord | raCalan a",0.5319148936170213
test_001009.png,"the sun , but regarding foodstuffs the",ha dey out Vegord ing Roodstafpr Vhe,0.42105263157894735
test_001010.png,is said that there is nothing new under,A> hese Sak Vinare mol Wing ere,0.6923076923076923
test_001011.png,they restore the hair of the bald and that,hey verkore a ver oA Fe ol ond Vrat,0.4523809523809524
test_001012.png,piece of resistance .,Piser Ot SPS eee Vere,0.8095238095238095
test_001013.png,a delicacy . The visitor is told that,~ dolicocr: BAe U iherr Ls Tod Yor,0.5675675675675675
test_001014.png,"In China , for instance , dried rats are esteemed","{n Chine, {or pine Preven arr ack \- OWA AVR Ra\Rowodd",0.7346938775510204
test_001015.png,A number of newly-born white mice served,N scale of rawly— bern On Seca Say Jad,0.625
test_001016.png,like a prairie oyster is considered a,\ Ke > QE AWD oo Ds caridersd o,0.5945945945945946
test_001017.png,a stewed black rat will ward off a fever .,"a ARwed block VET WRX olord cL o Adve,",0.5476190476190477
test_001018.png,"alive , dipped in treacle and swallowed","O\\V®, Aappee ine “aoe Ak omoalhow ed",0.5897435897435898
test_001019.png,"from eating it fresh , squash it , press",,1.0
test_001020.png,roasted on the point of a spear are,oo ed on (ne poy od. & a ae Owe,0.5142857142857142
test_001021.png,peoples have a high opinion of the octopus,Peo pea out. Wvge oA ot The oc\onua,0.5714285714285714
test_001022.png,as an article of diet . So have the Japanese,"Os On oxide of Ou, Dro Wow 2 (ner Napa webs",0.6136363636363636
test_001023.png,Among the natives of Northern Australia lizards,Prmong the rakives 04 MovtTham butrobion \inzards,0.425531914893617
test_001024.png,of it in almost any provision shop .,OA fe peer @ OA ro VAN SHOR.,0.7777777777777778
test_001025.png,definitely a delicacy while Mediterranean,DojanrT do om Saco » wba OW ediarreaw 2K,0.7560975609756098
test_001026.png,"over with flour , you will find a stack","OV Ry veeoe Hour, Ado 2 Jand Ph RX och",0.7435897435897436
test_001027.png,"and the Chinese . The Celestials , apart",,1.0
test_001028.png,"it and dry it , in which form , dusted",oe OWA XY me wach ae durled,0.6578947368421053
test_001029.png,activities to a greater extent than is usually assumed .,activites toa Great axtemK ham cs usually assumed.,0.21428571428571427
test_001030.png,If that country had not been for so long a battlefield red,Lf +hok country had not bem fer So fens a battle prold reA,0.27586206896551724
test_001031.png,provides many Magyar dishes with a vivid and brilliant,provides momy Masyar dishes unth a varid amd Grant,0.24074074074074073
test_001032.png,We naturally cannot overlook that Magyar cookery owes,We naturally cawnct overook that Mag your cookery owes,0.11320754716981132
test_001033.png,Hungary would have been deprived of the condiment which,Humor Woewd have bem Anjo rovtcl af the Cndorwt Wich,0.4909090909090909
test_001034.png,"with the blood shed to defend Christian civilisation ,",,1.0
test_001035.png,Foodlore reflects much more of national temperament,Foodiere reflects much more of nahoral Fempuiamumk,0.21568627450980393
test_001036.png,one of its most classic features to the Turkish rule under,one of AtS most Classic pratwres Toe Turkish rule und,0.20689655172413793
test_001037.png,which the Hungarians groaned for nearly 200 years .,hid. He Humgatams qroamud fer reatrty 260 Years.,0.37254901960784315
test_001038.png,than is customarily imagined as well as entering human,,1.0
test_001039.png,"fire , aerian creams , ingenious pastries and a","fire, arom CHAMS , UNSWUGUS pastvtes anh a",0.48936170212765956
test_001040.png,crescent-shaped breakfast roll created by a pastry cook to,CTESCent - Srapod trreakhfast WoL crake by QR pastry cook +o,0.3793103448275862
test_001041.png,aromatics where the paprika insinuates its perfidious,,1.0
test_001042.png,"cookery is reminiscent of bull-fights , of Spanish dancing",,1.0
test_001043.png,celebrate the victory against the Turks in 1683 . Spanish,"olobrate the nclery agaumst the Turks cr 1683, Soovush",0.2982456140350877
test_001044.png,The Austrian cuisine embraces the delectable 6Wiener,The Austhiem cuisine ombracs the delectaBe 6 Wiener,0.15384615384615385
test_001045.png,Schnitzel as well as dishes and stews heightened with,Schnuteal as well as dishes amd skeois hrishtwud wth,0.24528301886792453
test_001046.png,"and of Goja : it is vivid , highly coloured , sometimes","amd of Goin: & Sid , highly coloured, Srmetimas",0.2909090909090909
test_001047.png,"streaks of poetry , meat disguised under heavy and vehement",Streales of poelhy onpok AiSg urse ol undue hravy amd vehonmuw,0.4576271186440678
test_001048.png,"Quixotic and withal it has a sombre ardour , with","Muxetic and withal H& has a sombre ovdour, anth",0.20408163265306123
test_001049.png,melody . The paprika and caraway perfume,melody. Vhe fapnka arc ZAravay PeHoume,0.325
test_001050.png,ries recall in fact the rich heritage,Ties fecal iw Pack Whe rich herilage,0.21621621621621623
test_001051.png,the meats with their antithesis . The,We meats orth Yeir coltthesis. \he,0.32432432432432434
test_001052.png,opulent varieties of Czechoslovak past-,opilent Laneties of <—zechos \ovalk. Dost —,0.358974358974359
test_001053.png,possibly comparable alone to a gypsy,Poss \B\W comparable alone TO 1 QYPSY,0.3888888888888889
test_001054.png,"essentially French , and , irrespective of","csseninally\ Monch | and, irrespective of",0.21428571428571427
test_001055.png,"so languorous , so passionate , and","Sa \anqucorous, so Gassionale ; omc",0.34285714285714286
test_001056.png,specifically national . The art and,Spectiaaly gahonal. We art and,0.3142857142857143
test_001057.png,"The Czechoslovak kitchen , again , is","We Czechoslovak Kkvichen , Again \S",0.2702702702702703
test_001058.png,of rich embroideries and costumes,Of Tren embdtoderies anc casiumes,0.3333333333333333
test_001059.png,"science of cookery , however , is","SNenNc™ of OOS *, however, Ls,",0.48484848484848486
test_001060.png,"touch , the same unfailing sense of",VOUS | he same unfailing sense of,0.2
test_001061.png,proportion as exists among her,"Stropertion as —""1SIS among hel",0.3333333333333333
test_001062.png,and aesthetic as well as physical .,and aesthetic as Wwe as Pnysical :,0.17142857142857143
test_001063.png,exponents of things that are,ex Conenss of yeas ~hal cus.,0.5
test_001064.png,derive from gastronomy is intellectual,,1.0
test_001065.png,"feeding , the same subtle delicacy of",Vee Ang | he some subtle delay of,0.24324324324324326
test_001066.png,typically French .,tupleally Fiench -,0.2777777777777778
test_001067.png,The French have an inborn appreciation,The. Frenen NAEe an \albom QeEP Teo conon,0.5789473684210527
test_001068.png,of good food and the gusto which they,gf  cceck 2ooa and soe Qusto sohich Whey,0.3783783783783784
test_001069.png,There is the same finesse about their,Wee \s Ya same Pinesse aboudk Wheat,0.35135135135135137
test_001070.png,"writers , music composers and other","ur itene, COUsia <—OmPoseS = And oal\her",0.5714285714285714
test_001071.png,"her writers , music composers and other exponents of",,1.0
test_001072.png,the gusto which they derive from gastronomy is intellectual,the guste which they derive from gastronomy os tee ctuadL,0.15254237288135594
test_001073.png,"about their feeding , the same subtle delicacy of touch ,","alosuk their Peedunng _ he Same Sirble debicacy of touch,",0.2631578947368421
test_001074.png,and aesthetic as well as physical . There is the same finesse,and agsthetic as well as physical. There © the Same Hnesse,0.11475409836065574
test_001075.png,the same unfailing sense of proportion as exists among,the Sowne unfartmg Sunse ef propertion as exists among.,0.24074074074074073
test_001076.png,The French have an inborn appreciation of good food and,The fremch have am inbeom appreciation of speck fQok amd,0.2545454545454545
test_001077.png,things that are typically French .,,1.0
test_001078.png,"The "" pot-au-feu "" is as much a national",oa Pot -aqu- feu’ \a as much a natonal,0.35
test_001079.png,institution in France as is tea drinking,ashiiGuhton in 5 an | @ et de Ce is tea clninking,0.575
test_001080.png,least once a week in every bourgeois,least Once a Week IN Svety HOUT acois,0.3611111111111111
test_001081.png,baisse and sang - This Bouillabaisse,ma\ss—. arch sang — Wis Rouillabasse,0.3333333333333333
test_001082.png,waxed enthusiastic about Bouilla-,Opa x a anthusicesetia about “Bouilla —,0.3939393939393939
test_001083.png,"a noble dish is , A sort of soup , or","A noble clish is; A sort of Soup, Or",0.21621621621621623
test_001084.png,"broth , or brew , A hotch-potch of all","bros , or bis, A Wolkeh-ootch of al",0.3157894736842105
test_001085.png,among ourselves and it is prepared at,amona ours=—l\bes ancl wis Siceetied a:,0.4594594594594595
test_001086.png,"could outdo ; Green herbs , red peppers ,","coc Cure: Green NerBs, toad Perppas,",0.4878048780487805
test_001087.png,sorts of fishes That Greenwich never,Sorls of Pishes \nNot Greenvusicn never,0.3055555555555556
test_001088.png,"household . Thackeray , of course ,","reac ack’ - A pewkk <a _ Of =—Sipee,",0.7714285714285715
test_001089.png,prepared at least once a week in every bourgeois,prepared ak Reast ence. a yxuea in avery Seurgeois,0.22916666666666666
test_001090.png,about Bouillabaisse and sang - This Bouillabaisse a,,1.0
test_001091.png,A hotch-potch of all sorts of fishes That Greenwich,A hteh-jotch of all ssrtis of fishes Thok Gregnunch,0.19607843137254902
test_001092.png,"The "" pot-au-feu "" is as much a national institution",The “pot-au- fou! is as much a national (nstrtution,0.15384615384615385
test_001093.png,"never could outdo ; Green herbs , red peppers , mussels ,","rar could curds ; Crem huits ; teh peppers , rWSsels,",0.3508771929824561
test_001094.png,"saffron , Soles , onions , garlic , roach and dace .","Soperom , Soles, emuens , gortic, Toach ant. Gn...",0.40384615384615385
test_001095.png,"noble dish is , A sort of soup , or broth , or brew ,","neve dish ts, Asstt ad Sup , or broth, or Grea,",0.3018867924528302
test_001096.png,"household . Thackeray , of course , waxed enthusiastic","househota . Thackeray , of GuvS2, Waxed omUucsaastic",0.2777777777777778
test_001097.png,in France as is tea drinking among ourselves and it is,Un Framce as 4S tee dunilems awmeng oursalyes Q@mol 2t és,0.42592592592592593
test_001098.png,piece of coarse bread and a,Rec Ch <Oocsc. taicac ANS. a,0.7407407407407407
test_001099.png,"food , believing that it impaired the","Leck, BeN]| OING Ninat VA iene Seal te",0.7297297297297297
test_001100.png,as well as the foods for which they have,as wellas {no Pcocls Por wolain Whey Nave.,0.425
test_001101.png,fast and supper consisted of a,\ og amc suceer «on a\eticcl\ of a,0.6
test_001102.png,"had an aversion . Shelley , for example ,","Mack an aversion. Shelley , Por =xamele ,",0.17073170731707318
test_001103.png,the dietary welcomed by men of genius,"tine, clictamy LWoeleomect bu Men CY F=hius",0.5405405405405406
test_001104.png,had a great contempt for animal,ned a atv ZOMemer Ror ararraa\,0.6129032258064516
test_001105.png,A fascinating study also opens up in,A Yasainahng Sud a\so ePaens uP 1H,0.3888888888888889
test_001106.png,intellectual faculties . Bunyan's break-,,1.0
test_001107.png,bowl of milk .,lpousl of caiile.,0.6428571428571429
test_001108.png,"which they have had an aversion . Shelley , for example ,",,1.0
test_001109.png,and a bowl of milk .,roa ce bral of wilh,0.55
test_001110.png,breakfast and supper consisted of a piece of coarse bread,,1.0
test_001111.png,it # impaired the intellectual faculties . Bunyan's,,1.0
test_001112.png,welcomed by men of genius as well as the foods for,plone by mate of ghrito ox oll ay te fade fr,0.44
test_001113.png,"had a great contempt for animal food , believing that","fod a geet cnkgt fre betes fred, Sofas Lb",0.6226415094339622
test_001114.png,A fascinating study also opens up in the dietary,"A found, abel, abr ape 5 at chaly",0.6666666666666666
test_001115.png,Dante Gabriel Rossetti had simple tastes,ane Gabriel Rosset Nad simel— tastes,0.175
test_001116.png,in food . At one dinner he is said to have,in food. AY one climencce be @ Sec tO hove.,0.4523809523809524
test_001117.png,examine the marks on the back,cen ‘ec. coorke om thc Sock,0.6206896551724138
test_001118.png,been blind to the charms of turbot and,wee earned *C the croms oe Sus®ot ancl,0.4473684210526316
test_001119.png,in the dish in which it was served . He,an) yn = Aish \n Lolhialn \_e ugas sawed. Ne,0.6153846153846154
test_001120.png,to have been much more interested,Lo nav = bBe|en Moan Mes \wlerer est —cl,0.7272727272727273
test_001121.png,without going through the formality,vo iy noult GOwg Varoua'y 4 he. Pormal VA,0.6571428571428571
test_001122.png,of having his turbot removed first .,= Naving Wis AUrbot removed - ine,0.3611111111111111
test_001123.png,turned it over on the table cloth to,Jornada VW gamer on he ‘sable eliotn to,0.4166666666666667
test_001124.png,without going through the formality of having his turbot,blot greg Aetngl Ale fronblley of long Mes tedyt,0.5714285714285714
test_001125.png,removed first .,arta red feo,0.7333333333333333
test_001126.png,dinner he is said to have been blind to the charms of,"dimer be i, cod te fave bm hd he feos of",0.4716981132075472
test_001127.png,turbot and to have been much more interested in the,"bebst wl de Hue hee suid prove nF, pn M",0.6470588235294118
test_001128.png,Dante Gabriel Rossetti had simple tastes in food . At one,Deke febril Prelhe LA ph ab a fad. At one,0.543859649122807
test_001129.png,on the table cloth to examine the marks on the back,,1.0
test_001130.png,dish in which it was served . He turned # it over,) thé le ob ann: ernadl Xe a ae Tt awat,0.7142857142857143
test_001131.png,"sole , a baked leg of mutton with oyster & veal stuffing and a","rile, a beled Loy of mail wilh ple val abffeg oe a",0.4838709677419355
test_001132.png,he talked . Brigham Young would make a dinner on tripe,h bhd. Brig lon fos sould ‘ui a Amal bn Lope,0.5555555555555556
test_001133.png,"with Dickens says the menu was Whitstable oysters , a brown","all on Ae aye? Uh frbait too YlEdb gyphe, a ea",0.7457627118644068
test_001134.png,which he washed down with beer . A writer who had dinner,,1.0
test_001135.png,placing his food in his mouth and gulping it down as,,1.0
test_001136.png,gin punch .,ne 4,0.8181818181818182
test_001137.png,"Wagner was a highly practical feeder . He ate very fast ,","Dogaes war a LJ packed Pardee He ade vey pd,",0.5263157894736842
test_001138.png,but all the Chelsea philosopher did in return was to,Ld oll th len plilbroplar cel ix wher tier %,0.5769230769230769
test_001139.png,that he had dined with Longfellow told the sage a,,1.0
test_001140.png,very funny story which made Carlyle absolutely laugh ;,"y fy hey beh ode Cbd ebb by,",0.7037037037037037
test_001141.png,ask if his guest would have a cup of tea !,- a Da spah srrlld - 4 capa lex!,0.6666666666666666
test_001142.png,"The same man went to see Carlyle , and , after mentioning",| a Codibe acd. fhe munhing,0.7017543859649122
test_001143.png,It was naturally a highly popular victory with the,"+ Wie, natwally 0 faba popafes victory uth the",0.42
test_001144.png,"him was the French Admiral , Jean de Vienne -","lima wer the trench Aduural, Jean de Vienne -",0.17777777777777778
test_001145.png,"leadership . But , at last , Gaunt sailed . Opposing","leaclesclip . “Kul, oA la, Gaunt Seiled . Cppesing",0.34615384615384615
test_001146.png,who still believed that they had a monopoly of,wh. Sh02 beligued tial ten trad a wmomopoly of,0.34782608695652173
test_001147.png,"Londoners , but it brought heavy censure from nobles","Lowcloness, bu uu broughs hoary Consise from nobles",0.28846153846153844
test_001148.png,a great sailor and an able strategist .,a qreet Seulosrs And an able strategist.,0.23076923076923078
test_001149.png,involved the dreary method of mining operations in,\n vol veel the ae Coury wietloc of astning Opwations ta,0.46
test_001150.png,"Obedient to the policy of his King , de Vienne avoided","Obedient to the policy of lus King, de Ujeune avowded",0.12962962962962962
test_001151.png,"something to show , he foolishly attempted to besiege","Sometlring te Shyu, he Fooltstly att ew pled see: besiege",0.3584905660377358
test_001152.png,on land . Gaunt was compelled to give up his search for,on land. Caiman tue Compelleel +o gave up lus Seaucl a,0.4
test_001153.png,the well-protected fortress of St Malo . This,the well-profected fortress of St. Hale. This,0.1111111111111111
test_001154.png,"an elusive foe , and , afraid to return home without","Cun elusive foe, Aan, alraicl +o creluyn lowe tuitheul",0.36538461538461536
test_001155.png,"which Gaunt , under the Black Prince , had shown",,1.0
test_001156.png,considerable skill at the siege of Limoges .,CecSideoble Skill at the Siege of Limoges.,0.20454545454545456
test_001157.png,trouble at sea as cleverly as Du Guesclin avoided it,stouble at Coan as Clevaly an Du Guesclin Ctverded ‘tt,0.28846153846153844
test_001158.png,"Hawley , were also expressing their disappointment",uly upse a eo Yaoi ( a aici,0.74
test_001159.png,moment had charge of the mine ; the mine collapsed,wOwdut Lao) CHa of 8 Ula | Ke \Wuue Gotbspaee’,0.68
test_001160.png,comparing the failure of a subsidized duke,OU a4 fa gale of 4 quoadized duke,0.47619047619047616
test_001161.png,"When all seemed to be going well , a sortie surprised",Wh ath seed Yo 66 porug we 9a dette Oui priaeo,0.4716981132075472
test_001162.png,fame and glory . Gaunt was compelled to return,rou aud oo. ‘aud W82 Couette Yo retum,0.5434782608695652
test_001163.png,citizen .,Te :,0.7777777777777778
test_001164.png,"even despised failure . The ' ribald ' Londoners , who","nen 0 iced Ute. THO yal’ Loun)ouaia, WHO",0.6296296296296297
test_001165.png,the longbows of yeomen could pierce the,Lug houston of yeousde cout! mee. 10,0.5897435897435898
test_001166.png,These dreary years of ineffective fighting provide,These Of cary Yyeaso of wee ve Fjalng po vide.,0.46
test_001167.png,"plate and mail of French knights , a brilliant","pate quo! ual of Frou, tuft? ,3 Ln lf",0.5869565217391305
test_001168.png,became mere marauding route marches .,hecaut wye earache fevle Wgsolanr.,0.6486486486486487
test_001169.png,"and that , if archers had no target , campaigns","aul Hat, f aroleo acl oe feral, couyAbqus",0.5957446808510638
test_001170.png,"after the event . It seems obvious that , though","af RS He abut . lt jeeur otvievo tor, Hest",0.5625
test_001171.png,"battle was no substitute for a sound policy ,","vate up 4 aubdhive for ad Pueel pol'ry,",0.5111111111111111
test_001172.png,obvious morals for those who are judges long,"obvra worata for ove WhO we, [oer tug",0.5227272727272727
test_001173.png,and that there was no hope of final victory,"oul Hat +O by 0 toe his! victor,",0.5813953488372093
test_001174.png,It seems obvious that if an expedition to,! Feu otvioyo tat 7 Qu Opel 770 to,0.5365853658536586
test_001175.png,of the French war was a navy in unquestioned,"f Ko feucl, uf woo a uany  Upvooting",0.6363636363636364
test_001176.png,"Calais , Cherbourg , Brest , Bordeaux and Bayonne ,","nis , Any boues itor, Berroa se! Eryoune,",0.5686274509803921
test_001177.png,"Brittany was compelled to attack via Calais ,",ay AN) counottic! fo wick Vir (ka>,0.6888888888888889
test_001178.png,without a large-scale and concentrated invasion .,"witteut d Cape “SCoR aud cOUdUIAg! UVaaoy,",0.6530612244897959
test_001179.png,advantages of a ring of bridge-heads which included,"ee - orig of brig -lasete utyicl, iucluold",0.5882352941176471
test_001180.png,command of the Channel . It seems obvious,COULWALp/ f Ho Urol + ®ewo cbneys,0.7804878048780488
test_001181.png,that divided forces were dissipating the,a a,0.925
test_001182.png,then the primary essential to the success,biCu Ho pruay CSeuhy © Hoe succes,0.5609756097560976
test_001183.png,the story of the prelude to the,rhe stovy of the pre luocke to the,0.1935483870967742
test_001184.png,"6impasse which always resulted , and in the","bi ha pas sue wh i ch always vesu (ted , aned th the",0.3488372093023256
test_001185.png,In this cruel process which was,ib this Chuel. process which wea,0.22580645161290322
test_001186.png,to which the Exchequer resorted is,Te wehick . Phe Exche quewr resorted,0.35294117647058826
test_001187.png,hammering out nations on the anvils of,ROA min eri ny out natrons on He Gnvjls of,0.3684210526315789
test_001188.png,way out of the complicated financial,LAY out of the com plicated financia!,0.1388888888888889
test_001189.png,Peasants' Revolt of 1381 .,Veasants! Revolt of AIS § 4.,0.3076923076923077
test_001190.png,story of the experiments and expedients,Stovy of the €@ * peviments ant lx pectienk,0.38461538461538464
test_001191.png,"war , there was a constant stirring of","war, Trere wat & Cohs tant STivring of",0.2894736842105263
test_001192.png,those in authority to find some simple,those th authority te find Sowe Sim ple,0.18421052631578946
test_001193.png,needed taxation in order to supplement,"necdlel Taxnahor. |, Order te Su pyle rr en7",0.5526315789473685
test_001194.png,"In appreciating this story , modern con-","r Apprecia F rine this Story , moc ern CO«a-",0.375
test_001195.png,taxation not merely for defence and,Taxa tion hot mere ly for Aefonce and,0.17142857142857143
test_001196.png,the private wealth of the monarchy,the private wla (+h of the mohar chy,0.17647058823529413
test_001197.png,"crown lands , the fees of feudalism","CVuWwn, lands , the fees oF tow ceil i's om",0.4857142857142857
test_001198.png,ceptions of governmental duties must be,"Ce p tions of 2 yaeceaee nA fn t,/ dutres a be",0.6153846153846154
test_001199.png,offence but for a very wide range of,o ff ence but for a vevy wide range of,0.08333333333333333
test_001200.png,set aside . A modern government needs,set asida A waders qoverhment needs,0.21621621621621623
test_001201.png,( the royal income from the revenues of,(the royal (htCOMNe From the vevenues of,0.2564102564102564
test_001202.png,social services . A mediaeval oligarchy,Social $2rvicns. At mediaeval oligarchy,0.15384615384615385
test_001203.png,guilds of a city . A mediaeval tax was,guifels of a city. A mecdhoeval fox was,0.23684210526315788
test_001204.png,Social service as a function of government,Soci0o/ service os q #tunchon of government,0.21428571428571427
test_001205.png,"monasteries , manors , townships , or wards and","monasteries, Manors, towns!ups , or words and",0.1276595744680851
test_001206.png,it was therefore always granted grudgingly,st was therefore ahwoys granted grudgingly,0.07142857142857142
test_001207.png,return was the uncertain bounty of booty,return was the wneertain ounty of booty,0.075
test_001208.png,therefore in essence a forced payment whose,therefore /n essence @Qq_ forced’ poyment w hos e,0.20930232558139536
test_001209.png,"communities , whether those communities were",Communities j wether those communrhes were,0.13636363636363635
test_001210.png,and the vague advantages of military glory ;,and the vague advantages of mbstary glory ?,0.09090909090909091
test_001211.png,was quite alien to mediaeval thought - its,was guite ahen to mediaeval thought - its,0.07142857142857142
test_001212.png,"and coupled with the vain hope that , in the",and coup/ed with the vain hope that ) in the,0.045454545454545456
test_001213.png,substitute was the mutual self-help of,Substitute wos the rmutue/ ‘seff- help of,0.21052631578947367
test_001214.png,be bold enough to demand the production of,be bo/d/ enou oh to demond *+rh4e produch on of,0.2619047619047619
test_001215.png,"booty , a new group of Lords might oust","booty, 2 new group of Lords nag ht ous?",0.15384615384615385
test_001216.png,the unsuccessful . But the Commons were not,"the wunsuccesstul., But the Commons were hor",0.13953488372093023
test_001217.png,"the people , and even a full Parliament was",the peop/e / ane/ eCeven Q fulf Porhamen? Was,0.3023255813953488
test_001218.png,"the unsuccessful leaders , and the Commons ,","the unsuccesstul /J/eaders , and the Commons y",0.11363636363636363
test_001219.png,"accounts , and even at times the impeachment of","accounss , and even at #imes she 1mpeachment of",0.0851063829787234
test_001220.png,not yet a true mirror of the nation .,not yer Q  #rue mirror et the nahon.,0.21621621621621623
test_001221.png,"who usually supplied the hard cash , might","who usually Supp Led/ the hard cosh, might",0.14285714285714285
test_001222.png,When ' his ' war did not bring victory and,When fis’ wor ood nor bring victory Qqnd,0.2619047619047619
test_001223.png,in the pay of landed Lords .,in the poy of landed Lords.,0.07142857142857142
test_001224.png,The people - Langland's ' folk ' and Gaunt's,The people - Lang/and cs 6 ’fo/k’ ond Goun/s,0.2727272727272727
test_001225.png,"successful farmers , the artisans , craftsmen ,","Suecesstul farmers, the oarhsans, craftsmen,",0.19148936170212766
test_001226.png,"towns , and the retainers and men-at-arms",towns y and’ the retoiners and men - Qf- Orms,0.21951219512195122
test_001227.png,"had bought their release , free labourers",had/ Lou gh? their re/fease F free J/obourers,0.24390243902439024
test_001228.png,' knaves ' - were villeins still tied to the,knoves'- were viens sthtl hed to the,0.2727272727272727
test_001229.png,yeomen who had prospered enough to become,yeomen who had/ prospeced enough Ao Lecome,0.0975609756097561
test_001230.png,journeymen and small tradesmen of the,poureymen ond/ small tradesmen of Hhe,0.13513513513513514
test_001231.png,"who worked for the highest bidders , free","who worked for +he ig hest Lid/eers, free",0.17073170731707318
test_001232.png,feudal obligations of work or villeins who,feud/o/ obLiga7/ ons of work or witfeins who,0.23809523809523808
test_001233.png,"None of these classes , except the yeomen , paid or","lon of Hele claw, taj de Yytornen, paril O",0.5294117647058824
test_001234.png,means of that ' staple ' system which ensured that,"nits of tar Wha pl, AyltW which tara bk",0.56
test_001235.png,financing the Exchequer had become stabilized .,,1.0
test_001236.png,expected to pay direct taxes . During the four-,“aptctin xo pay ee ae es the ovr -,0.5319148936170213
test_001237.png,"teenth century , the traditional methods of","etn rite , dt batitard 1toftoet{ of",0.6511627906976745
test_001238.png,"pervised and controlled , together with a",,1.0
test_001239.png,"prices , quality and tax could be efficiently su-","pret , palit ana Mui. MO bc fives Pr",0.5714285714285714
test_001240.png,"export tax on the wool trade , collected by","oreo yort am the wel back, calle Heol by",0.5116279069767442
test_001241.png,When the King and his Council required additio-,,1.0
test_001242.png,"nal funds , they were usually granted an",,1.0
test_001243.png,"first , the Church , which wisely followed the lead","Le, (ht chisich, which wt Atty Lo4owtd tht baol",0.5294117647058824
test_001244.png,"the foreign merchants , with whom the King's",,1.0
test_001245.png,sanction at a rate roughly fifty per cent in,Janch on af aren (ouplly Ay er Cif,0.5
test_001246.png,payments were now authorized by parliamentary,payers Wt now cuathonelel py portiamintany,0.4
test_001247.png,of the Commons and in its own Convocations,rae Yt (omMMont aaa rv GH ow (eur cco et,0.6904761904761905
test_001248.png,"at ' colloquies of merchants ' , and whose","of» Cysts of mtrchimts"" anot whee",0.5714285714285714
test_001249.png,officials had formerly made private bargains,,1.0
test_001250.png,There were two other sources of public revenue -,Tt wht We othty gouvey of pu br c revinta -,0.4583333333333333
test_001251.png,excess of the rate for native merchants .,un of (AL 10N or narbt mt1c4haug,0.6341463414634146
test_001252.png,"granted equivalent contributions , and second ,","[ee Glivole coutfabuftot , anole carro,",0.574468085106383
test_001253.png,"In addition to these revenues , the King had the","hn adllitron We Hire reveyuus, phd his had vb¢",0.4375
test_001254.png,vely simple obligations of the feudal pyramid,pely peinj Mbifotr ows of he fade pylatinol,0.5333333333333333
test_001255.png,"and national war , and in which the comparati-","anol nabonat wor, anol wn whirl hd compared -",0.3695652173913043
test_001256.png,"It was , therefore , a complicated and not very","Lp weg, Mttcfort, a campleatol ane? 11 déry",0.5106382978723404
test_001257.png,as ill-defined as the borders between private,av th dite ay Whe booty benim prvan,0.5333333333333333
test_001258.png,satisfactory financial system in which the,lubifadtory franca jylhin ia whath fee,0.4523809523809524
test_001259.png,financial benefits of his position at the head,Lrnemucd betippy of tej poutian abt hac,0.5652173913043478
test_001260.png,"of the feudal system , as its chief landowner","of the fected typtem, as 4 hte, lengount,",0.4
test_001261.png,and the recipient of the fines of royal justice .,,1.0
test_001262.png,borders between private and public purse were,boron §— between prrvo Cua pobtr ¢ UHL Weed,0.5333333333333333
test_001263.png,"and , where the poorest were to pay a groat ,","and, where He peorent wae bo pay a gral",0.26666666666666666
test_001264.png,attempt to apply a sliding scale to the,,1.0
test_001265.png,and between these two extremes a graduated,ori between there lwo ohenes a. graduates,0.2857142857142857
test_001266.png,But this time there was a very interesting,Ret Hors Lime there war a veny thlereshhy,0.35714285714285715
test_001267.png,scale of payments was fixed for the,,1.0
test_001268.png,payments demanded . The definition of an,Pay ments Aomauncded Yho hebinihinn OE en,0.425
test_001269.png,different classes of laymen and clerics .,"A: ere elo sso of ley moe aud cHories,",0.5121951219512195
test_001270.png,"adult was altered to read ' over sixteen ' ,",ro ee Was anaes! Ley bemak te sex been!,0.6590909090909091
test_001271.png,"of Canterbury and York were to pay ten marks ,",of Cant buy and Yok wore bo pay leu mols,0.2826086956521739
test_001272.png,the Duke of Lancaster and the Archbishops,hag Dale ol Lac cuctee ocd He. Arh ot shops,0.5121951219512195
test_001273.png,"In the following year , 1380 , the last and","oe Pollowing feo A880, tle lak qud",0.4418604651162791
test_001274.png,the results disappointing - a tax estimated,Hee resodts As appotahiag ~ hear € th nnadedl,0.5581395348837209
test_001275.png,"to yield 50,000 in fact raised only 27,000 .","to ye lof $0,000 i. Pact raised ouly 27,000.",0.20454545454545456
test_001276.png,Again the resentment was widespread and,Mg orn {lo Veterans Was ee spread cored,0.5897435897435898
test_001277.png,poor communications and not over supplied,poor Commun calor s cond not Ove sy pplred,0.3170731707317073
test_001278.png,far away from the capital in a town with,"Pex semen’ 2 Cis i. corperLed (~A Oh Lown wilt,",0.8
test_001279.png,with hostelries and lodgings .,wath hostedr og Cuscoh lod y/ng,0.5666666666666667
test_001280.png,most notorious third poll-tax was agreed,mo Kober (ou) thiol poll bese wa a yreed,0.45
test_001281.png,by a Parliament which met at Northampton .,bY aA Roti wack el st Nov Hao waphon .,0.5952380952380952
test_001282.png,There were dark reasons for a meeting so,errs US Care Pee yea SO0nSs Ae CA nacekdng So,0.75
test_001283.png,The city merchants were jealous of foreign,,1.0
test_001284.png,from the chronicles that this was a sordid,"brew, a ch vonictas Mat Hits was c Sonal",0.5238095238095238
test_001285.png,merchants who could tempt court and,,1.0
test_001286.png,baronage with rarer luxuries than those,bare note. wikk vares luxurces teu these,0.358974358974359
test_001287.png,quarrel between monopolists and interlopers .,quowreh het ween wre cope lists anf (obec lopes,0.4666666666666667
test_001288.png,those charged with the crime . It is clear,,1.0
test_001289.png,London was again in turmoil ; but this time,"London wor Aqgorn in turmoil, bad this time",0.23255813953488372
test_001290.png,over a question of trade rivalry . A rich mer-,Ova aA quesh'on ol br code rivalry . A rede meer -,0.34782608695652173
test_001291.png,"chant from Genoa had been murdered , and",hunt Dice Cenoa had hoon Mine hereel cand,0.5
test_001292.png,"John de Kyrkby , a Londoner , was one of","Yohu de Kyrkby, a L oudgnor , Wars Oar off",0.325
test_001293.png,the suggestion that the rich should help,,1.0
test_001294.png,"poll-tax had supplied 22,000 , a tax of","yh - Lea ek pupa oe, 77e a Lore 9",0.7692307692307693
test_001295.png,"carrying it into effect , and a subordinate",ee AP a,0.8837209302325582
test_001296.png,Trebling the rate was arrived at by a simple,— Pre ke pra weet aK hey a Se,0.6818181818181818
test_001297.png,"arithmetic which argued that , as the first",,1.0
test_001298.png,"three times the rate would produce 66,000 .","see eee Re qlee wet \yprlme bb pve,",0.6744186046511628
test_001299.png,objections to the first two poll-taxes was,,1.0
test_001300.png,The only concession made in view of the,,1.0
test_001301.png,because no machinery was provided for,,1.0
test_001302.png,the poor - but this was only a pious hope,i ee,0.926829268292683
test_001303.png,"content of blood , appearing paler in so doing in animals","convent of blood , fae pales i 5 an In amas",0.3684210526315789
test_001304.png,ments alternate with rests and are seen best in cold animals,mena alienate pith és and ae seen beat In Cod aumals,0.26666666666666666
test_001305.png,"from the dissection of living animals , showing how these move-",yorn the diseection of ung animals Pony how thee move -,0.2857142857142857
test_001306.png,"the heart becomes generally constricted , its walls thicken ,","the heast becomes generally Constricked 113 walls Tucken ,",0.18032786885245902
test_001307.png,In Chapter Two he gauged the nature of the heart's movements,"in Onapler Tino he gauged the raiue, of the heart s mayement3",0.23333333333333334
test_001308.png,"such as serpents , frogs , and the like .",BUC as se(pens 74s: and he |ke.,0.43902439024390244
test_001309.png,its ventricles decrease in volume and it expels its,1S veninces decrease in volume and it expels is,0.1568627450980392
test_001310.png,or in flagging warmer ones . At the time of its movement,OF Teaging worme ones. JT the time of (B Movement,0.30357142857142855
test_001311.png,ventricular content .,yentricu lar a ae 2,0.42857142857142855
test_001312.png,the forcible expulsion of their contained blood by the,the forcible expulsian of their container blood éy the,0.05555555555555555
test_001313.png,"of the apex , the thickening of the heart walls , and","of the apex, the thickening of the heart walls, and",0.03773584905660377
test_001314.png,"the dissections of living animals , Harvey noted that","the aissections ot \ving animals, Harvey noted! that",0.11320754716981132
test_001315.png,contraction of the ventricles . Going on in Chapter Three,Contraction ot the Vertticles. Going on In Chapter Three,0.12280701754385964
test_001316.png,"systole , simultaneously with dilatation of the arteries","systole, simeltaneously with Alatation of the atteries",0.08928571428571429
test_001317.png,contraction of the heart and the apex beat occur in,contraction of the heart and the apex beat occar in,0.0196078431372549
test_001318.png,"to the movement of the arteries , likewise gauged from","to the movement of the arteries, likewise gouged fron,",0.07407407407407407
test_001319.png,"and of the artery-like vein , and expulsion of the",,1.0
test_001320.png,"At one and the same time , therefore , occur the beat","At One enol the Sane time, therefore occur the beat",0.16981132075471697
test_001321.png,less because their pulse is nothing other,fess becavse thar pulse bh NWethiay cher,0.3170731707317073
test_001322.png,when movement of blood through arteries is,wehn movement o} blecd Theaq hh aclenes Is,0.38095238095238093
test_001323.png,Arterial pulsation disappears with cessation of,Acteria\ puisat ten disappears With cessa hon of,0.19148936170212766
test_001324.png,than the impulse of the blood entering them .,Than the impulse of the blood enleriny them |,0.08888888888888889
test_001325.png,ventricular contraction . During cutting or puncture of,Vent riculat cantfachen . During cuttiny or punc tue. of,0.21818181818181817
test_001326.png,"the ventricles , there is often forcible expulsion","the, Ventriclea there Q often jercible expulsicn",0.2
test_001327.png,of blood from the wound . Arterial diastole is,of loool Seon the wond. Artene\ oliestole ts,0.34782608695652173
test_001328.png,"hindered by compression , infarction or inter-",ninderen by compreadion \njarchen or \nter-,0.2608695652173913
test_001329.png,"ception , the more distal arteries pulsate",ception the mare Aivtal ar teney polsae,0.2619047619047619
test_001330.png,"thus synchronous with cardiac systole but ,",they synchfonovs wth cardiac systole OU,0.23255813953488372
test_001331.png,one can sometimes see it - so to speak,p4e ran Comer unet (4 -s0 #o CL eg,0.5789473684210527
test_001332.png,"- rouse itself and , in reply to two or","“Odie itelh avd, ri” reply to Aud 7S ity",0.5384615384615384
test_001333.png,"' And while the heart is slowly dying ,","And while the hear# /¢ slowly d yrg,",0.23076923076923078
test_001334.png,"three auricular beats , produce a single",three aur; dlor beats produle a Sragle,0.25
test_001335.png,reluctantly and with an effort . ',"yeluchautl y with an &hovk,",0.47058823529411764
test_001336.png,ventricular one slowly and,vente) colo Ore C1Ow ly dort avrof,0.8076923076923077
test_001337.png,"said so . Being a craftsman and a skilled man ,","Hine Hg. fh a a C0 fth nde Gul a@ Abe Clock wid,",0.7659574468085106
test_001338.png,"would , and the comrades helped in many",“oul / aut fee Cou tev le f AeGpedt on Marae,0.6410256410256411
test_001339.png,business no good George would never conceal them .,bibs 4 420 foce foe woall AOC Cluceal A Cll .,0.62
test_001340.png,"would have nothing to do with him , others","Wiultl rate noting to 0 wife 4a, thtecs",0.42857142857142855
test_001341.png,ways .,,1.0
test_001342.png,"George won many prizes , and though some people","/' Corfe Woy Mig fr ef y accel LO, a fu Sy aa Lope",0.7659574468085106
test_001343.png,Sentence Database,dacdtuwee deve bale,0.7647058823529411
test_001344.png,"of the working class to control their own destiny , and",Li ul 01 leeef lak Yo coutol ple er Otig Hebi it Oe,0.6727272727272727
test_001345.png,He was a socialist and believed in the right,,1.0
test_001346.png,Yet in spite of the fact that his ideas did his,"fet ae facie of Ae ject frat bi tte, OL af",0.5319148936170213
test_001347.png,"shop , which was open from 8 o'clock in the morning to",Sop ) which wes Open From S 3 clock n the MornUnd +6,0.2777777777777778
test_001348.png,"When eventually the ovens were fixed at the new shop , the tremen-","when cucnlually the overs wee Fred at the new shop, the Heren -",0.22727272727272727
test_001349.png,were sold at 32 pieces for one shilling .,"Ure add a 2 Pieces Yor one Bulligg,",0.36585365853658536
test_001350.png,dously hard work was if anything intensified . George used to,lousy bad ure was iF anything wmlensiied. Cyeome Used ‘to,0.3114754098360656
test_001351.png,12 o'clock at night . At that time pastries and buns,,1.0
test_001352.png,"mix 100 stone of bread in 12 hours , and Kate served in the","mix Joo stone of brad wn RYours, and Vale seted \n Ihe",0.2711864406779661
test_001353.png,Soon they were good enough to sing at meetings .,,1.0
test_001354.png,"evening , when George went to speak at Malin Bridge ,","eae Aihers ect xe tyent Ko speak at Mabn brid ge,",0.4339622641509434
test_001355.png,"clothing , with which they wore a white tie","ta thing , er wefh tsfuch (hey toote 2a ute she",0.5116279069767442
test_001356.png,One of the helpful by-products was that,One of the Pitlpfeel 74 - prociich waa lof,0.48717948717948717
test_001357.png,they would be there to begin the meeting .,hey cooutl Le ¢+hec fo Cegir phe mee rig.,0.42857142857142855
test_001358.png,"and Red Flag badge , thus presenting a much",ano eol (leg badge y Aptéo preventnz Q muck,0.3953488372093023
test_001359.png,they were able to obtain some respectable,A heg were alte fe cl4Qh Gome rOopgechat le,0.4878048780487805
test_001360.png,"better appearance . Later , on many a sunny Sunday",clr OIE A rar?ce 2 Lofer / Cr cers Penny einclece,0.68
test_001361.png,"men's clubs , to Conisborough on cheap trips to",(man’s clubs Je Contaborough on cheep Atel dy sing,0.425531914893617
test_001362.png,"sing to the miners , and sang for other organisations such","fo Ane munis, ane! dang, for Ahr orcuncstligns surh",0.4482758620689655
test_001363.png,school was held .,shoot pas fall,0.47058823529411764
test_001364.png,"on West Street , where a successful Sunday",,1.0
test_001365.png,the members . The B.S.P. also rented pleasant rooms,,1.0
test_001366.png,As they became known the Choir went to working-,a Muy became known AeChowr wink do sorting.,0.3191489361702128
test_001367.png,"day evenings to the Corner Pin Hotel , to rally","ay Lotningd Ac Me Comnsr Ba Hotel, Ar sally",0.3829787234042553
test_001368.png,"as the Bakers' Union , for whom they went on Satur-",UM Bobo’ Union Jor oohm Mos sent on Jokue,0.5490196078431373
test_001369.png,read in prison where it was the,,1.0
test_001370.png,"only book they were allowed ,",,1.0
test_001371.png,George often spoke at the Sunday school .,,1.0
test_001372.png,"George , and another the dark-haired",,1.0
test_001373.png,"with the Bible , which he had",,1.0
test_001374.png,One of the students was young,he YF tee Lhilendd ay young,0.4482758620689655
test_001375.png,"He christened the babies . Also , when",,1.0
test_001376.png,at funerals . Religion was one of his pet,a furevalr Ktligign ret one of Fels yef,0.4146341463414634
test_001377.png,"called upon to do so , he would officiate",,1.0
test_001378.png,little granddaughter of Charlie Grant .,,1.0
test_001379.png,"subjects , for being well acquainted",,1.0
test_001380.png,"the Church Socialist League , genuinely advocated","Ke Co _ Gf Cage, Praia he ob vece lel",0.7346938775510204
test_001381.png,courage of their convictions and their,seca’ dl of Ness Mune pou sina tox,0.7368421052631579
test_001382.png,"with them , particularly those who , like the Rev.","OMS fox, porliealer & frase we, 4% Ae lav",0.62
test_001383.png,Although his ideas were diametrically opposed,,1.0
test_001384.png,"Conrad Noel , the eloquent leader of","lonaech 6K, fe ehoguek fade Leal, of",0.6388888888888888
test_001385.png,"socialism . With such men , who had the",Gott Roy ‘ ee ree ol. hues,0.7948717948717948
test_001386.png,to those of parsons he got on wonderfully well,"lo ese of porso~s fe gol on ven po, toch",0.4782608695652174
test_001387.png,"Christianity , common ground could be found .","Srigliantdon, OD At Oa Preounk Coe LLC Le fosnel",0.6666666666666666
test_001388.png,Just as the Labour Party had fought the,Sut os ie lobo “tury oc! fougut He,0.48717948717948717
test_001389.png,mined and obdurate in their attitude that,wueol cue cociucle iu Sar obdutle tue,0.6829268292682927
test_001390.png,There was no abatement in political,‘Wave kos vo cbuleused iv colt coe,0.5714285714285714
test_001391.png,"Council meeting on October 16 , 1912 , George","Foul weeny cx Qdoba Ab, Bl2, Cieorge",0.5333333333333333
test_001392.png,"Council , and to Parliament , being deter-","Coumod , Qwol to ~toulicurout relug cle-et-",0.6190476190476191
test_001393.png,"had said , ' Mr. Barton would go to the poll .","joo sud, Nu. Saou woul! go 40 te poll",0.43478260869565216
test_001394.png,voured to get more socialist members sent to the,youreo! 0 pA wor sccalist soul +o 4,0.5625
test_001395.png,"Liberals , they were going to fight the Labour",beats thay Wwe ou 4o hold fo Labour,0.5
test_001396.png,work . The British Socialist Party endea-,wor. We Anish Seciodis “Poly Oudlecr-,0.5121951219512195
test_001397.png,their candidate must go forward in the,tuer Cowololak wust go forwowol u tue,0.5
test_001398.png,elections . In the Sheffield Trades and Labour,oiechous. WU 4a Shethele! Traoles owl Losers,0.5652173913043478
test_001399.png,and a gold purse in recognition of his,nd % as \w WW ear kn “ WW),0.7105263157894737
test_001400.png,"Alf Barton , who in 1911 was presented",RU “DVR } Mo ww VW Aw port,0.7368421052631579
test_001401.png,cessary to understand Marxism in order to,"Or twa, Mh ory",0.7804878048780488
test_001402.png,he was a keen member of the B.S.P. .,"he MW, * Prk Worry (| an Da a 3",0.7222222222222222
test_001403.png,"work for the movement , was later","word hot Ry save wa | Mn, aly",0.6060606060606061
test_001404.png,"with a book on the life of Marx ,",OS OS Ane Ar a Drs,0.7575757575757576
test_001405.png,"understand socialism , though at this time",,1.0
test_001406.png,known to say that it was not ne-,) Maley a ny 7) SO OS Se Pe,0.78125
test_001407.png,"After the First World War , 1914 , I did not visit","Afes K. Seal Wl Nar, A, T hd aol vest",0.54
test_001408.png,into it .,aes,1.0
test_001409.png,incumbency I was asked if I would start,inCorre bency 2 wal hed a 3 imo etart,0.5128205128205128
test_001410.png,Towards the end of my five and a half years',Towards 2 ae eat foe Rue aud 2 bal yors',0.4090909090909091
test_001411.png,"This opened up a new interest , and we plunged",Ths opened 4 2 few ‘acleseaie 7 oud We planged,0.391304347826087
test_001412.png,1924 I was in a different parish in Surrey .,At oT ated ie 3 Ad (seul ponsh lA Sucre.,0.6363636363636364
test_001413.png,a village choral society and conduct it .,2 vlogs nee cipetaile and casehiet 17,0.6829268292682927
test_001414.png,"Germany for ten years , by which time in",Corman oe a 3 tial i b ee ae rot,0.625
test_001415.png,"co-operated , we made the little side chapel a place","(O- Operated , WE wade the Mttke side chapek a place",0.21153846153846154
test_001416.png,of daily prayer .,oF da dy prayer,0.29411764705882354
test_001417.png,at Tatsfield to the great modern church of St. Mark's,at  latsFeld to the arent modem churtn of St. Mark?s,0.18867924528301888
test_001418.png,had been a House of Prayer . I could not but feel the,"had been a House of Kroyer, T coud! not but Feek the",0.16981132075471697
test_001419.png,When we had found a group of people who gladly,When we had Found ao Re? of people who gland by,0.21739130434782608
test_001420.png,"at Purley . One felt at Tatsfield that , small as the",Ok Vode . One FAX ar lasfiedd Hhak smal ag ane,0.4339622641509434
test_001421.png,"chilliness of the new church , beautiful as it was and is .","ChiVQiness of the new Chuych , beautiful as 1€ was and is.",0.13559322033898305
test_001422.png,"church was , it had its own atmosphere , and for centuries","Churdn WAS | it had 14S own atwosphere, and for centuries",0.20689655172413793
test_001423.png,But what a change from the dear little old church,Bur what o Chana YTom Me deoor Usle old church,0.30612244897959184
test_001424.png,for prayer and quiet . In time we received similar,tor Prauer ound Qurek. \w Ame We Vecewed similar,0.34
test_001425.png,windows .,Windows.,0.2222222222222222
test_001426.png,helped to furnish the chapel as a little sanctuary,heeed to Yurmeny ne chapel as a axle SOR,0.44
test_001427.png,"gifts for the High Altar , and large East and West",Qt ks Yor Ane har Mor and Vorqe Cast ane Wes,0.46
test_001428.png,"warming up by constant prayer and worship , and we","Warmina Ue by constant dean al and WOKS , GUNA We",0.44
test_001429.png,found many to help . Gifts of candlesticks and,Found many +o help. Gifes of candlesticks and,0.08695652173913043
test_001430.png,I suggested to the congregation that it needed,a: Suggested to +he Conareqahon Hrark ic needed,0.30434782608695654
test_001431.png,stained-glass lancet windows - finally a new altar -,"SLO ied - QQoss Qancet windows ~ Fina Qs, anew oQtay—",0.4423076923076923
test_001432.png,such a beautiful building with suitable fittings ; I made,"such a beau h zug bui Wdiing, With suttolde HtHtings: L-mode",0.38596491228070173
test_001433.png,"the architect , himself a fine artist . It is quite possible","the architect, himseds ahne arhst. Lt is quite possible",0.16666666666666666
test_001434.png,table to the environs .,"Sob, fo the cnvieons.",0.34782608695652173
test_001435.png,a rule that all gifts should be submitted for approval to,a tule ald gifts shold be submitted yor approval to,0.15789473684210525
test_001436.png,and yet spoil the building with ornaments unsui-,"ond Yt Spoil te Sud ire, with ocnaments unsw-",0.3125
test_001437.png,to put beautiful things into a beautiful church,MO pul beaut cul things into a beau Church,0.23404255319148937
test_001438.png,It was very interesting to have the privilege of filling,"Le was veuy interesting, to hove the pov eae oF ALT ng,",0.30357142857142855
test_001439.png,wives and relations of the soldiers to get their ' Separation ',Wives and veil: of the Soldiers +o ger ther “Sepotrertio w,0.31746031746031744
test_001440.png,of the Committee in Coulsdon and Purley .,of +e tee ie m Callen cing Farley,0.5609756097560976
test_001441.png,At a large public meeting we launched the project known as the,Nt large gublic mechnq Wwe launched the Pro lect known as the,0.1935483870967742
test_001442.png,"became very urgent , and I was asked to be Chairman","ypeteme very urgent, and Wolf asied 40 be Chopirimeen",0.35294117647058826
test_001443.png,"I found myself deeply involved . At first , the main work was to help",thes myselt deeply involved Mt Vrst the Mor work Wos +o hele,0.3333333333333333
test_001444.png,Meanwhile in Purley there was much activity and much,Meanwhile in Vurley Mere was much ackivity and much,0.07692307692307693
test_001445.png,co-operation especially with the other Christian communities .,Co-operation especially with the other Christan Communities.,0.06451612903225806
test_001446.png,"allowances , but soon , alas ! , as casualties began and increased","ollowawes ‘out Soon, aubers \ ys Casualties beqan and | ncbecl Sd",0.36363636363636365
test_001447.png,' Coulsdon and Purley Patriotic Fund ' in whose counsels and committees,ee er Hurley Katrlotte Fundin Whese Counsels and Committees.,0.36619718309859156
test_001448.png,in the winter of 1914 and 1915 the matter of War Pensions,tn Dre wiuder of 1944 and 1446 the mater of Werr U wclons,0.2982456140350877
test_001449.png,Chairman of the local War Pensions Committee . This,Choirmer of He loca! Whar Oe Cmmiever Ft Xs,0.45098039215686275
test_001450.png,task involved a very great deal of detailed work for,tos Involved o very greet deci! ef detailed Work Yor,0.21153846153846154
test_001451.png,"the Committee . We had a splendid body of local residents ,",a females We had ol Solendid body ot eal residents,0.3728813559322034
test_001452.png,and a series of excellent Honorary Secretaries . Our,"ond ol Sehex of excellent oma, Sea-epar}es. Our",0.34615384615384615
test_001453.png,"Indeed , for the next seventeen years , during my time at","\ndeed Nop yhe ntxt+ seventeen yeas, during my Lyme ot",0.22807017543859648
test_001454.png,"Committee met once a week in the evenings , and","ee met onle a Week |v he elenings, ome!",0.3829787234042553
test_001455.png,life .,Whe.,0.6666666666666666
test_001456.png,"Purley , and from 1922 at Surbiton , I was continuously","Kerley, rnd Poco AA22 at Surbiton, | Wels Continucushy",0.32727272727272727
test_001457.png,included professional men from every walk of,induded prodesstong) meh Hom every weille f,0.3181818181818182
test_001458.png,time and # never interfered in the slightest,,1.0
test_001459.png,' immediately carried into effect ' - not in spite of himself,,1.0
test_001460.png,throughout . He had no sooner heard from Count Gamba,,1.0
test_001461.png,body to return to England than that course was,"Lol, Wo setmn tor Zigled Me Md comirte om",0.5652173913043478
test_001462.png,"When he saw Trelawny's printed letter , Lord Sidney wrote",,1.0
test_001463.png,"and Sir Frederick Stoven , but with their perfect con-",,1.0
test_001464.png,"currence , while ' General Adam was at Corfu the whole",,1.0
test_001465.png,to Douglas Kinnaird saying that it was incorrect,"W Grae, Vanni caging Mbit ire, Zeonte",0.6458333333333334
test_001466.png,and Fletcher that Byron would have wished his,,1.0
test_001467.png,degree about the matter ' .,,1.0
test_001468.png,evidently not passed on that information ;,"2Videwhy, a pomads on ok ingorrmalion",0.5476190476190477
test_001469.png,"as the year of their wedding , 1815 , had",,1.0
test_001470.png,"knew perfectly well that Byron , as early",Kino partechy wah “hok eyren » ak Dory,0.5121951219512195
test_001471.png,Their friendship for Augusta became rather,ai Gen A ee,0.7857142857142857
test_001472.png,her practically all his money caused it to,por practicoS iy oS Ms mmantay comnsth No,0.5714285714285714
test_001473.png,title .,are Oe,0.8571428571428571
test_001474.png,crumble to oblivion . Though Lady Byron,oysembble Yo oblivion. hough Coda Waren,0.358974358974359
test_001475.png,without the fortune that would keep up the,wTroud Are ferfiine Wak” would Where toe The,0.5238095238095238
test_001476.png,and it came as an appalling surprise to,,1.0
test_001477.png,"hollow , and the news that Byron had left",potkouw) mick So” nows At Daye Kan Yq”,0.6829268292682927
test_001478.png,Captain Byron that he had been left,Carrow \S aver <yot cc ed woe La gh,0.7714285714285715
test_001479.png,"made a will in Augusta's favour , she had",oaks. oo wrk UA Pr gurXon® eee . Sno \rods,0.8048780487804879
test_001480.png,"Then , abruptly , he drew himself up","| Seu, Abiijolly, fe Obes Pun self Gye",0.6388888888888888
test_001481.png,became great sighs of ecstacy .,tooo 4.0 Some): Kole ad. or Vos.,0.9354838709677419
test_001482.png,"and came into the livingroom , where","OW. caQque wilo Me Buin ficou, Lo bare",0.6944444444444444
test_001483.png,his toes . He stretched his arms,Vy lon. be tbe llew fs ac),0.59375
test_001484.png,drawing-in great breaths that,A110 1K qt Li 2Q Shy Ak,0.8620689655172413
test_001485.png,and walked on the very tips of,Orel Caled O. HR Lay ApS Of,0.6
test_001486.png,"his entrance . He came , almost falling","WS ANQveR. H2 COrk, Ohio) {alk",0.6923076923076923
test_001487.png,Heather and Steve stood aghast at,HRONWF Oncol Neve Yleoo ag fay) Q/,0.6666666666666666
test_001488.png,"over his head and yawned agape ,",Ouw L'\ ¥eCot ano! YAUNRot AgQo00F,0.8125
test_001489.png,He rose from his breakfast-nook bench,He Joe fio Ly Swaklay}-nook Lard,0.4864864864864865
test_001490.png,"thrust out , arms dangling loosely .","a ole OU, Qu) ong Lng feo alg.",0.6666666666666666
test_001491.png,"forward in an ungainly shuffle , neck",hILQOl fo or Unga: We fle  necic,0.6486486486486487
test_001492.png,hands together between his knees and leaning,hands torether hetweer his knees andl leoninn,0.13636363636363635
test_001493.png,""" They have come ! "" he said reverently , gripping his","They hove come!” he said reve rently, an ppiaa his",0.24074074074074073
test_001494.png,"transcendent event , the exalted desire of all",transcendent event Une exalted desire ofall,0.10869565217391304
test_001495.png,mankind through all ages ! The Kingdom of the,mankind throne all omes| The Kinaclow ot the,0.26666666666666666
test_001496.png,upward and shook his head slowly from,UD Ward and shock his head slooty {Tow,0.2702702702702703
test_001497.png,"Mind is at hand ! "" He turned beaming eyes",Mind 1S ot hand! He tuned Deoming eves,0.23809523809523808
test_001498.png,side to side .,sitle to side.,0.21428571428571427
test_001499.png,"forward . "" Isn't it a glorious thing ! Long awaited",formocd. “a * it a alorious Haina | Long Awosted,0.36538461538461536
test_001500.png,at an intersection for the light to change . At his,,1.0
test_001501.png,apartment he garaged his car and then stood,"ipo tatu A faraped Es Gar dud Ha, Stood",0.4883720930232558
test_001502.png,A superfluous precaution for there was no other car,d cuperfluos prccauhen for {eo a4 ho ottos Car,0.35294117647058826
test_001503.png,loses its beat in death .,hex ip bead- /l PA,0.68
test_001504.png,abroad ; and no pedestrian to cross his path nor to wait,sbroad dul vo pede stra. to Cro his path tor 10 bait,0.30357142857142855
test_001505.png,"earth had lost its life-tempo , as the heart","tad Mob if Lfe-beupe, cu Pe toatl",0.5681818181818182
test_001506.png,listening in the night . Listening in vain . For the,stewing C the iglh Litheaig il Oe tor th,0.4423076923076923
test_001507.png,The set lighted-up but gave only a low,The set heal - Up O.4 cere only ax \oW,0.47368421052631576
test_001508.png,"shaving when it came on , with a flat",Saving when it came a wih a Wet,0.2702702702702703
test_001509.png,"... this is BBC calling ... ""","a RO VE RE. Sahin, . ai",0.6896551724137931
test_001510.png,"the radio , which he kept tuned to CBO.","tne rocco, which he kept AMecl +0 CROC.",0.358974358974359
test_001511.png,"voice repeating : "" This is BBC calling","YOICe repeating , This ie BRC cola",0.358974358974359
test_001512.png,"Deadly stillness , deadly portent !",Deoaly ai\lness / dead) portent,0.2857142857142857
test_001513.png,Steve awakened early and switched on,Steve cwakened ecrky cnd stitched coo,0.19444444444444445
test_001514.png,buzzing sound . He had just finished,DLA2ING sourcl. He lool just Vinishedl,0.4444444444444444
test_001515.png,flying saucer was tilting and dipping over,Joyyaag Saucer war wae quel olppure over,0.5476190476190477
test_001516.png,Coming around the great mass of the Chateau,Coming aaouncl the quat yar of dhe Buabeicas.,0.3953488372093023
test_001517.png,almost painful sharpness . He reversed and,alurcst pasar [rl obarppnen . le rwesed gud,0.47619047619047616
test_001518.png,"whirring sound , and a high-pitched hissing",Whenua oounol aud a deg -picheol Sttgees,0.5813953488372093
test_001519.png,overtone that sang in his ears with an,opertour that ere MUA ur C02) wrth. QL,0.5526315789473685
test_001520.png,the War Memorial . There was a deep,"the Wor. Memoual, Jdue was a clea (0",0.45714285714285713
test_001521.png,"Laurier , he braked to a screeching stop . A",,1.0
test_001522.png,turned back on McKenzie Avenue .,"truwed Rack ou Me Louse (oer ,",0.53125
test_001523.png,"them out . Just what these orders will be , we don't",Whowrr out Juct wrhat Hove Cre wiley Aiea,0.5769230769230769
test_001524.png,longer have any immunity .,Ioiger have duy joornevuty,0.5
test_001525.png,caped Thetan subjugation . This time . But we no,caped YHolou subjugation. Ls tua. bul wwe Mo,0.375
test_001526.png,selves in their zeal to get their orders and to carry,pelea ju take seal 1o get thir nara Ad eee,0.5094339622641509
test_001527.png,""" The Thetans , "" he said , "" are presumably here to","‘ Foo Ybotous,"" Ao said , “ara precumale hare 13",0.4230769230769231
test_001528.png,"take charge , as it were , of the minds of the","take change , a0 st pwere of the bus of Yee",0.2608695652173913
test_001529.png,people - who are probably falling all over them-,,1.0
test_001530.png,"know . Now , because of prior hypnosis we have es-","now. Now, because of pris Auypraats hue Have bs-",0.3
test_001531.png,Thetans discover our mental independence,FE i i | Blt tes eee A | 1 ole 2 7 ole—ce,0.875
test_001532.png,"detection . If we can - well , then we",,1.0
test_001533.png,may be able to promote our own,,1.0
test_001534.png,treatment . If we can avoid undue,prea tere—/ Ve ee hatin -aiilllene:,0.696969696969697
test_001535.png,There can be little doubt that if the,"1, ae Co be LH. olowkd Pe if He",0.6486486486486487
test_001536.png,"are , beyond personal security ,",,1.0
test_001537.png,interests . What those interests,,1.0
test_001538.png,"prominence , it may be that we can",,1.0
test_001539.png,we may form the nucleus around ...,,1.0
test_001540.png,"I haven't a clue ; but , who knows ,",,1.0
test_001541.png,they will promptly give us their hypnotic,Arey C1 frrobe bla idea te $ thane dg prehe,0.7560975609756098
test_001542.png,move about pretty freely without,wer ehont panty flclhe wibler ¢,0.65625
test_001543.png,"back at them . "" Heather agreed , and suggested",,1.0
test_001544.png,on her part ; but he thought it a good idea,au hor past; Aut ho Heareght df @ gaao! sola,0.4883720930232558
test_001545.png,There is just a hope that we may uncover,thane yo juat a Lope Hak we wrayy Macover,0.375
test_001546.png,that they use Dan as a specimen demonstra-,Hat they usd Dau de a specimen dembuohea -,0.2857142857142857
test_001547.png,"some weakness , and find a way of fighting","POW jRakneay, aud find a Way of fgg",0.38095238095238093
test_001548.png,not have been entirely an objective suggestion,pot have hoot eu teoly Qu abjec hve aupaeahion,0.43478260869565216
test_001549.png,ting how the Thetan machinations had been,fing how Ho Wotan Mg veal tag hod bet,0.5121951219512195
test_001550.png,working out . It occurred to Steve that this may,Jeng: ee oye mene he ant,0.75
test_001551.png,nevertheless .,Maonrteollsd,0.7142857142857143
test_001552.png,"preoccupied , and it seemed that the",Pre OCCLY hed | a2 46 ¢pgiu24 tliat —.,0.7222222222222222
test_001553.png,ventured forth and made their way on,"ver bured Yorle, Ot week Mice 400 ¥ Ou,",0.7222222222222222
test_001554.png,to offer any greeting . He was deeply,to olfes Oty ecolt 3. dle 2ms otcoply,0.5405405405405406
test_001555.png,a new and strange phenomenon .,mH uowd @bol Sl aae PLEO NAQLON _,0.8666666666666667
test_001556.png,foot to Dan's house . Dan came,foot to on. Care Dae C chung,0.5666666666666667
test_001557.png,nor sound of flying saucers . So they,Lon Cer _ol ol Ely tug Caicos ¢¢ i. Visy,0.6756756756756757
test_001558.png,So they proceeded to see if the coast,~~ Hoy preceoded to ¢92o rt the  eoent,0.43243243243243246
test_001559.png,to the door at their ring but neglected,Mus flees Ae tae re het Legfac teck,0.6666666666666666
test_001560.png,ringing of a doorbell was to him,Mg 9 o| a coorvall AYO § te a,0.59375
test_001561.png,"deserted , and there were neither sight",,1.0
test_001562.png,was clear . The street was quiet and,Yous Choos . Ee Chreat 9A4 quiet a_ol,0.5277777777777778
test_001563.png,"of their presence . They just stared at him , turning","ai mee precence.. They just stastcl ot hin, : none",0.37735849056603776
test_001564.png,"decided upon . Inside they sat down unbidden , while",hecidocdk Upon . lnsde thay Dt lewn un biddur while,0.3269230769230769
test_001565.png,Dan paced the floor . He seemed completely unaware,"Don paced {he Voor, Ue scemed complelely unawose",0.22
test_001566.png,their heads like tennis spectators as he walked up and,"Har hWads Uke fans spectalors, as he walked up ond",0.25925925925925924
test_001567.png,"When he finally beckoned to them to enter , the action","When be Proll lockored to Minn 10 Creer, fre ac horn",0.4444444444444444
test_001568.png,"down , up and down .",,1.0
test_001569.png,gave the impression of having been thought out and,yave Ung. amps 1eS5# On of anu. bean — out and,0.54
test_001570.png,Heather and Steve tried to make themselves,Heatlhes Ouch Sleve Weel fo make themselves,0.2857142857142857
test_001571.png,and the purpose he was to serve .,awk Ye pespoge_ \Wee- “nel to serve .,0.48484848484848486
test_001572.png,communication and of a vague,se cainoy avok Of ron “a,0.75
test_001573.png,"powerful , world-wide radio and systematically",— ~ ) worldl-widke TONIC avol sys tewaholy,0.5652173913043478
test_001574.png,turned the tuning knob through all the,foamed We faring huol rae all +e.,0.5526315789473685
test_001575.png,at home . Steve switched on Dan's,at \om ee. Steve ee Ou Tow ‘es,0.5151515151515151
test_001576.png,impatience pending an awaited,tee Peeling ae cuoxit keel,0.6551724137931034
test_001577.png,"Finally , being so obviously on their own ,",Pen a <O sie on tery ON,0.6976744186046512
test_001578.png,perplexity respecting his surroundings,a igepect Wis surtoniclligs,0.6052631578947368
test_001579.png,His whole attitude was a mixture of,His whole ath cole CUS A mi xtvore of,0.34285714285714286
test_001580.png,tuning points of the world's great radio,J ouina Pow me ot thre Cvor\cl Is erent Tachic,0.6
test_001581.png,"First , it was Sunday morning ; and , second , everyone","Est it Was meen cae aud , aecoud, ee",0.5454545454545454
test_001582.png,a single all-exclusive purpose .,"a hans all- exclusive purpose,",0.25
test_001583.png,the Avenue from its many tributary streets . It might have,the Awe Sour “ts aang ba Duca ghreets. It an awe,0.4827586206896552
test_001584.png,"been a normal business-day bustle , except for two anomalies .","Aen A uorwal Q; Uriudss - ae Ruel, excep for lwo AOUais,",0.4838709677419355
test_001585.png,"walked , or drove , or waited as a person possessed of","walled, or rout , or warkd ar a pesou possessed of",0.2037037037037037
test_001586.png,"They followed him to a city bus stop on Carling Avenue , where",be eos liu to a Ck ous soe Ou Carla Ave value,0.532258064516129
test_001587.png,he waited . The bus stop was a deserted island on an empty street .,Uk Worked. Thy tus stop was a dasoted ielaud oua Suagtiy areok .,0.3880597014925373
test_001588.png,"But not for long , for soon pedestrians and cars flocked upon","But udl for saat 40"" 200 pedee brane ava CAS Flodud APO.",0.5737704918032787
test_001589.png,"as arranged , but he consoled himself by",45 aos at ; bt ice uscled re cat by,0.6
test_001590.png,plenty of time together in the future . And,[lenfy of Jie fogether yur the Jubuive ; Kuef,0.3953488372093023
test_001591.png,January or early February . Angelina might be a,Jeno y o eauly tbyuar Vy: Aegeliva seri ht ba .,0.44680851063829785
test_001592.png,little sorry if we were not back for Christmas,Life scat J ff we uere bof Lack ju Chinst nras,0.4782608695652174
test_001593.png,"back on Moon again , and able to do",Dock eu Seow ag Gr) aud ible ye ab,0.5142857142857142
test_001594.png,real days and would return to New York in late,Pee! doys ound woe on a to New Pook ya ies,0.5
test_001595.png,"the future of everyone , including Angelina , depended ...","the futeve of Cer Your, ji cluding Aegetice ) oppeude",0.41379310344827586
test_001596.png,research at first hand into matters on which,fesececls al ped ite Hee tee a oe lipcls,0.6818181818181818
test_001597.png,Then he would go back to Plato for a final spell of,(hen he weld 90 back to Mrabo for a fuel ge of,0.29411764705882354
test_001598.png,thinking that he and Angelina would have,Pou kiveg Jed de oe Aug cLivsa trated dau,0.7
test_001599.png,"Heaven alone knew when , if ever , he would be","feuven aloue Kaew  wuelor \y ff er, he would be",0.32608695652173914
test_001600.png,"had done so , had not materialised . "" Do you","hod done 20, bod vot woleiadseal, “Do you",0.4
test_001601.png,"salary raise , on the expectation of which they","Salary wase,on he acpaclalion & hich they",0.2978723404255319
test_001602.png,Hostettler,{Laclalll ac,1.1
test_001603.png,"had contacts in political circles , a school-","hod conleals in cagibical ares, A Shao? ~",0.4666666666666667
test_001604.png,"They had been married for six years , but the",The+ hed ban wastiel Gr ax Yess) at She,0.4444444444444444
test_001605.png,( literally ) all-powerful Rocket Release,(Lileratly) a@-pave&2 Recket Leense,0.4146341463414634
test_001606.png,a Mocrat Senator with a seat on the,QO Vacrad terler cil a aeack on tho,0.4857142857142857
test_001607.png,"friend of hers having married Lester Peron ,","kien of bes howlng mognied Leckes Peron,",0.3409090909090909
test_001608.png,Board .,08d.,0.7142857142857143
test_001609.png,"furniture in the second year , "" she moaned . She","Kom tore in the second yoor, § she maare. She",0.2857142857142857
test_001610.png,"know , I had to send back our bedroom","reco , | hod Yo Send bock aur bekraom",0.32432432432432434
test_001611.png,"All Sally's relations were 4makrodeb now , but Tom","AV) sh s wlll were $makrockel now, iy tom",0.5
test_001612.png,"was a Static Mib , the middle-income-bracket equivalent",was a Stoic hh Lhe width ~(ncame - bcoksh egidlthed,0.5454545454545454
test_001613.png,to 4sub-lil on the lower .,"te Lot Pe, Lhe L vet",0.7307692307692307
test_001614.png,"evening , when he had been left to cook his own meal .","even ng , when he had Lec Uy fo cok Lis Own ieol|",0.2962962962962963
test_001615.png,"Sometimes she took Harry around with her , but",Settee is bok Nawcy diound with had be,0.45652173913043476
test_001616.png,"never her husband , a fact he accepted as inevitable . "" I guess",never - bidet a hed he excepted folg wevidlh. 3 qvels,0.515625
test_001617.png,"Sally made a mistake about me , "" he said one","Sally made a mistake aled me, he aie Ohe",0.24444444444444444
test_001618.png,"U.S. President's visit , but by a great storm in the photo-","Us. Foesclerd 9 vei, bed by 2 speak shone on be. Adee",0.559322033898305
test_001619.png,not submerged beneath a deep natural atmosphere .,wd cebmengl brace. dogo eoleweh abrrogQlah,0.7346938775510204
test_001620.png,sphere of the sun . A matter which on Earth would hardly,phar of the sore. 4 mille which ov fatty ol Awd,0.4107142857142857
test_001621.png,penetrate beyond the minds of astronomers was of general,,1.0
test_001622.png,"All Aristotle was excited at the time , not by the prospect of the","Uk Cheol: cas crcl ab te hae, tol by the proyced of Me",0.4696969696969697
test_001623.png,"interest to the Mos , doubtless because their habitat is",OE ee,0.9464285714285714
test_001624.png,"solar system . True enough , such ultimate weapons had not been","Aber pun j fue Criph, Wb. yloonife WL fOp/ fc ; PLE,",0.7301587301587301
test_001625.png,Board presided had it in their power permanently to warp the,fad pred ful fo» le pole ponds A wtiip be,0.6166666666666667
test_001626.png,especially when one reflected that the rockets over which Mr. Peron's,Afecoly jh OL fle fed VA bee jee he er whe va MM ftir 4,0.6376811594202898
test_001627.png,"with time instil the reverence which , on Earth , nature inspires ,","We faa ipybh be jeyrerte Whih, on Exh, pabit pgota,",0.5970149253731343
test_001628.png,allies being more inferior than formerly to W.C.U. in the,hes berg youre Wferior Spor fare the LU 1m bee,0.5263157894736842
test_001629.png,One wondered if this greater awareness of the physical cosmos might,Lge perl pA (i speck AWwesen EX! of tb fuel! Cats “gl,0.6865671641791045
test_001630.png,"that they would be in the next one , Moon and her","VA lhty pou Le. 19 le Vb rf bre, Nevr and, lil",0.6326530612244898
test_001631.png,weapons pronounced conventional .,WE fpont Vie conven total,0.5757575757575758
test_001632.png,"used in the last few wars , but it seemed very probable",Veg yy ft Wa v4 fe! Wis. bel Ps Vee peti! a porte,0.6545454545454545
test_001633.png,"wives , romanced about him in his absence . "" Lester was a","LINES i romance obo, ""Piri Ais Cbsone . (ef LISA",0.5344827586206896
test_001634.png,"Sally "" - here she had dropped her voice in homage to the",Jalppere she tod cbeypal bet toice in emege fo th,0.43859649122807015
test_001635.png,"country lawyer , and we were very small 4microdebs , weren't we ,","couny huiyer, ard we wele very Sal) Oni ctedlebr Leen Ave,",0.4153846153846154
test_001636.png,"duties and his wife , in the manner of middle-brow","AWS ord Ais wife, VT) Che. PaCS of wie brew",0.52
test_001637.png,we might get GO a bit better if he entered politics .,We vyght ger GO 0 bi beter If fe °C a plhtllS.,0.41509433962264153
test_001638.png,Lester was not home yet from his formidable,Ceshr was not Pome yer fron bis forrideble,0.20930232558139536
test_001639.png,"economic system : that was reverenced - "" when he thought",CCONGPUC Syste s Phot wns fererereed ~ when he (hugh,0.42105263157894735
test_001640.png,"plump hand towards her grand pianos , etc :","Plump hanel tonards her gravel Pianos , CIC:",0.27906976744186046
test_001641.png,mouth-organ to be forgotten now . The time,mouth-organ to loe forgot now). Yhe. time_,0.21428571428571427
test_001642.png,"at the same time a door banged - "" but don't",at the same time a deor loan geo! ~' ut doen't,0.25
test_001643.png,"got all these lovely things "" - she waved a",got all these tovely things’ -she avec a,0.13953488372093023
test_001644.png,we came through to 4makrodeb status and,Ne Came Wrough to Umatktrodel status avo,0.2564102564102564
test_001645.png,Sentence Database,Sentence Citta loase.,0.4117647058823529
test_001646.png,has come for him to be taken seriously,has Cowe for him to he dalen serous ly,0.18421052631578946
test_001647.png,"as a statesman . """,as Q statesman. ',0.16666666666666666
test_001648.png,"say a word about it , Lester wants his","say a Nord alooud it, Lester wants his",0.13157894736842105
test_001649.png,"That 's how he got the votes , that 's how","Thats how he got the. voles, thals how",0.19047619047619047
test_001650.png,to him as those a lawyer makes in a court,fo Vera OL Spa8e a Sawyer S77 kee (7? lar COMP,0.6585365853658537
test_001651.png,But privately he turned out to be as friendly as,bot vately fre Furr of fo be as serdMly ac,0.4166666666666667
test_001652.png,"Mr. Wise the tube manufacturer , to have the same adolescent","Nt flse she 7vLbeE SRRUMPOCP AA, JO fate she corre Ce lescenh,",0.6166666666666667
test_001653.png,"openness and freshness , though perhaps not the same","Qperass ari FRefsr728 , “ough jfoettiaps tif te sorm",0.5576923076923077
test_001654.png,maturity . One remembered that he was a lawyer,pnaMurtly. Ote rerrembered treat fe wor Q fewer,0.391304347826087
test_001655.png,"by training , and suspected that the points he made","by Veal (a9 , AA Suspecter! tat She ors Se trade",0.43137254901960786
test_001656.png,of law .,,1.0
test_001657.png,so sharply in international politics were as abstract,LO at fay l?P? St erriat Opa Pot hoe were op alsa,0.660377358490566
test_001658.png,which had grown up during the Moon's,,1.0
test_001659.png,Then what of the cultural life ? Did this per-,,1.0
test_001660.png,"of free men everywhere , could only repel them .",,1.0
test_001661.png,and counteract the obsession with economics,,1.0
test_001662.png,"guise which , far from attracting the allegiance",,1.0
test_001663.png,which might in time become social fact,,1.0
test_001664.png,The political life of Aristotle looked more and more,,1.0
test_001665.png,like a masquerade of business interests in dis-,,1.0
test_001666.png,haps nurture a genuinely civilizing impulse,,1.0
test_001667.png,first two centuries ?,,1.0
test_001668.png,worried little man-student who kept getting out of,Norra ke. aaa who tity aXe,0.72
test_001669.png,trans-economic .,"ae ~ Cfo com, CC,",0.9375
test_001670.png,step . He looked as if nothing Moke and his,fe 6 holorb as poh isp “be anil,0.6046511627906976
test_001671.png,"to be diverted , however , with the single exception of one","% Le oA estho£ domeres, Sl coe exesndon om",0.6440677966101694
test_001672.png,neurosis and not in some eruption from those,POCUP OSS a en a SO ere Q_ eryetion fom Al 9,0.6818181818181818
test_001673.png,GO ; but the reason probably lay in elementary,"CO, bat he reason pore ke be éy oes ohn me Hny",0.5652173913043478
test_001674.png,deeper layers in the human psyche which are,otlpas Gras 10 he hamon poryela whee on,0.6046511627906976
test_001675.png,minions could do to him would ever make him,,1.0
test_001676.png,"Stepping out in their white shorts , they looked glad enough","5. A ie on Hher wh (he. shorty, i hea",0.65
test_001677.png,putting their best foot forward .,puttirg thier Lest foot forwere,0.24242424242424243
test_001678.png,"had to get to pay off their college bills , were naturally","hod to get off their coleg ¢ Oils, were natutaly",0.27586206896551724
test_001679.png,"these young ones , on parade for jobs which they","ese yours ores,Or Parade for Jobs why~ Hey",0.3333333333333333
test_001680.png,"Mos have an un-American love of parades , and","[fos =Frave an ur- Amenan love Of, YIWALCS, ArIA",0.5333333333333333
test_001681.png,"So once again the metaphysics were depressing ,","YO once agan the petaphysks wee AGM EIS,",0.3829787234042553
test_001682.png,and in absolute contrast to the physical display .,Oncl 1a absolute Contast forthe physcee/ a splag.,0.34
test_001683.png,of the jungle . ' Think there 's Indians,,1.0
test_001684.png,didn't seem to want to get off the raft . ',"Hyichir. ’€ SClir TO Witt to get of He reff.""",0.6511627906976745
test_001685.png,about ? ' It was most certainly an eerie,"2haut 2"" HE wes mast Cort ein ly Rar COME",0.55
test_001686.png,edge ... did you notice ? And the mules,,1.0
test_001687.png,"whose presence I could almost smell ,","Whose presence | Cork alinost smell,",0.24324324324324326
test_001688.png,carefully casual . ' The servants are all on,"chefelly CASU2ZL, , The Sery2etS are 2 On",0.4772727272727273
test_001689.png,"' Something 's up , ' said Lord Undertone ,","y Somberg 's U4 S2%0l dard Undlertore ,",0.46511627906976744
test_001690.png,"night , exceptionally brilliant and strange ,","night , encypron kl btlbraut 20 SWAuge,",0.4666666666666667
test_001691.png,He peered as it were into the dark secrets,"2, PLACA as (t€ nese (26 Hee Are secrets",0.5
test_001692.png,"for in the proximity of the mountains ,","far mw the poroxinty of Me mornteus,",0.3333333333333333
test_001693.png,"a bit earthbound tonight , Trout . I 've got a queer","Q Ot Cardhbourd lout, Trout, (ve got i J Hey",0.4230769230769231
test_001694.png,"if you ask me . Might be jaguar , might be ...",,1.0
test_001695.png,sensational 's going to happen . There 's things lurking,,1.0
test_001696.png,"' Impressive , ' Lord Undertone said , gazing reverently","lapressive, Lord Onlurdors said, gazing le vere,d)y",0.3392857142857143
test_001697.png,"feeling , like I always get when something","Peeling , Cle always get whe, some Wig",0.23809523809523808
test_001698.png,head-shrinkers .,had - shrines,0.4375
test_001699.png,on the cosmic handiwork . ' All those stars . But I 'm,On the cosnic Maadwork. All lhose sdas. Ryd 1m,0.3333333333333333
test_001700.png,"Hope I die kind of composed , Trout . I mean you can't","Hope | cho civ of coupoxd  lrout,( mean you cout",0.37037037037037035
test_001701.png,"imagine the Christian martyrs twisting and shrieking ,",waging the Clurishau Watts tun shu aud Srigking,0.46296296296296297
test_001702.png,"lion munching , or arrows where it hurts most . Or","Cain Wing oF OMTOUSS ujsuare it Wurts wost, Or",0.54
test_001703.png,shadows beyond the river . ' Something moved . ',"shoolouss 2 and {hg ricer.’ Sowellivg Wwourd,”",0.5625
test_001704.png,can you . Look over there . ' He pointed to the,"COU Ubu, Looe quer Huge.” Ue eointol to the",0.44680851063829785
test_001705.png,"no matter how bad it felt , the fire you know , or a",Vo wales lous tad it LE Hue Are You Enour OF o,0.5192307692307693
test_001706.png,through fear . ' A character Mr Gilberto mentioned,saaaat ta fec« . ‘A clesractes & {lect recto soA,0.62
test_001707.png,of a bottle . If your lordship will excuse me,of a battle . if yous losdkslin wh aceree Ue,0.35555555555555557
test_001708.png,a moment ... ',O UG ae — :,0.7857142857142857
test_001709.png,"to other day , my lord . A being of whom","be a ae ee day, my lash. A being of cndmieee",0.5
test_001710.png,the forest Indians are said to be mortally,,1.0
test_001711.png,"afraid , with a hoof shaped like the heel",afsorad iki a freoP glaper Lee te Leck,0.5365853658536586
test_001712.png,"' Bottle-Foot , my lord . ' ' Bottle-Foot ? ' His lordship",,1.0
test_001713.png,may have thought I had become unbalanced,,1.0
test_001714.png,"to entertain for an instant the idea , the",fo antkrtn or on instant fio idea Ke,0.3333333333333333
test_001715.png,"to watch Mr Septimus more closely , Mrs",b waddle Sphews were ctoxly Me,0.5641025641025641
test_001716.png,Caine too and Mr Gilberto who would ...,Coina 0 ao Oy Bellver wha wadlol,0.5897435897435898
test_001717.png,would be inopportune ; and with the idea came,ould be inopportune ; anck unl. Ba idea came,0.2222222222222222
test_001718.png,Mr Septimus stood in the same case as,Mr Seeks tla hn Ko sqwe case ad,0.43243243243243246
test_001719.png,"inconceivable idea , that Ariadne's arrival",ncomoniancd£o. doo. Lat Adodd’s ened,0.7209302325581395
test_001720.png,myself ? But was it so ? I allowed myself,my selll ? Gat wor d so? | eNowed nell,0.43902439024390244
test_001721.png,"strange , the unwelcome , the almost",I Bhranag Ro onweleam Ko Amoxl,0.6666666666666666
test_001722.png,"Sally and of course Mrs Septimus , for surely","“oly ar ol os ts eghinus, fey as",0.5555555555555556
test_001723.png,"a somewhat vulgar impulse , which I refused ,","Qa samohat vallgar yids , eae Sic 1 reise",0.5111111111111111
test_001724.png,Mr Septimus reserved and certainly very,,1.0
test_001725.png,"any rate they remained with us , perhaps",Ov (ade Low rtmarod oe us polaps,0.55
test_001726.png,we were all invaded by a most tranquil,we were dh invaded by a Mok angus (,0.3157894736842105
test_001727.png,But all three were to the casual,Buk all Keo wvre to eo casual,0.28125
test_001728.png,"thoughtful , but that was his habit . Indeed",usb toX but Kot wos lus bobit . Indoad,0.4772727272727273
test_001729.png,"for such protection as our presence , or Mrs",for aud. prdeation aS cur PC Savee .ar flrs,0.45454545454545453
test_001730.png,savage tribes never approached this region : at,SONGER Ines NQVUES cpp oad.el Ras eXton : ad,0.5957446808510638
test_001731.png,"mood . Even the Indian servants relaxed , knowing ,",Mood. Even Ke ludian sevants relaaseal brewing,0.3333333333333333
test_001732.png,observation I permitted myself unruffled ;,,1.0
test_001733.png,"so Mr Gilberto told us , that the wild and",wm Re Grllerto kd us Kal te un and,0.4523809523809524
test_001734.png,But after what Mrs Caine had said it was never,,1.0
test_001735.png,to receive a summons . I could see that Mr Septimus,,1.0
test_001736.png,far from our minds that at any moment we were,,1.0
test_001737.png,"a promontory , a mass of clean rock crowned with",,1.0
test_001738.png,"was impatient for it . This afternoon , then , we climbed","WIAD InrPothornk Ror Tt. Tea alherroan , Man, we c2in Be of",0.5964912280701754
test_001739.png,"trees and bushes , that stood well out over the lake .",Ween ancl Bundea Mert nlect weQ0 ort acser (Or.o QeOe,0.6296296296296297
test_001740.png,""" Good-bye , Morfydd . "" He sought to enfold her in his arms . But he was too late .",yh Mag MARA fo nea he oA So ai Bo arm DARTS den ar Shs,0.75
test_001741.png,heart that Morfydd was leaving him as surely as she was leaving Dinas .,"Yeah Ba MR sts Shandy Ses ” roth ads nay St,",0.7183098591549296
test_001742.png,"waving , unkissed , from the window . And Dai , on the pavement , knowing in his",,1.0
test_001743.png,""" Good-bye , Dai , "" said Morfydd , smiling from the bottom step .","ed Neg. gi"" asd RAQA, org om Be Mier iy",0.7121212121212122
test_001744.png,"She was already up the bus steps , and the bus was away . And Morfydd Owen",,1.0
test_001745.png,Dinas Motor Omnibus Co. to ask what had happened to their,Serta Nw Vinh es Kye at aS Bed engined Kor Naw,0.7017543859649122
test_001746.png,scene . The first intimation that all was not well came when a,"rere, Abe WK invades BAR ML ats md all cone le a",0.6129032258064516
test_001747.png,"on those fifteen miles of mountain roads , it disappeared from the earthly",om He fan mils 3 ecbac ho (K Manggaeth Yon Be al,0.6351351351351351
test_001748.png,damn bus .,"ae,",0.9
test_001749.png,"Mr. Isaiah Roberts , landlord of The Traveller's Joy , rang up the",1 Sadhana 2S Seon iy tng ay Hh,0.7575757575757576
test_001750.png,"So the bus set out for Llangrwl . But it never reached there ! Somewhere ,","$6 oS cht ab Lo Rewaylh, WK atae alld Wer | emsadder",0.7027027027027027
test_001751.png,""" Don't want to take too much notice of those old timetables , "" Ifor said ,","""emt mak ORM Ker mo mtnde Bar De Yirnskilles | for tah,",0.6710526315789473
test_001752.png,"reasonably . "" Start running punctual and where are you ? People get",wae heb cong paced an ther a fant Gal,0.7058823529411765
test_001753.png,"left behind , isn't it ? Very exasperating for one and all . """,,1.0
test_001754.png,"supposed to leave at two-twenty . "" "" Who says so ? "" "" Your timetable . """,gto Ks Sto af Kear Toa ; Ne ney — yew ie AA :,0.7567567567567568
test_001755.png,""" Left here all right , "" said Ifor . "" Two-thirty-five , on the dot . "" "" It 's","Ge ET Mee hee Baby Tec, oll MQ,",0.825
test_001756.png,"the mask , now , Ifor did . "" Dai Pugh , "" he bellowed . "" Leap on your bicycle","Be wet me hey Yo ""a Cah Shae,” toc on apne ea",0.759493670886076
test_001757.png,"of humour , that Isaiah . He banged down the receiver . Very uncivil . Dropped","A Sowers AR Sicdl. fe Neneh Seen Re teak thay uncd, y)",0.6923076923076923
test_001758.png,and scour the countryside between here and The Traveller's Joy .,,1.0
test_001759.png,""" What do you want me to do ? Send out a sheriff's posse , is it ? "" No sense",Gost Ye ph wrk nn Mat AN gk a Seal 1 chan eae,0.7532467532467533
test_001760.png,""" And what are you going to do about it ? "" Tendentious , Mr. Roberts sounded .",,1.0
test_001761.png,The two-twenty to Llangrwl has failed to,"Ve he tico-tivet F to lee coal hes fold te,",0.575
test_001762.png,"some dreadful ravine , or beset by","SO € Anececl feel Aouine , ov beset by",0.5
test_001763.png,precious than jewels . Though Mofydd Owen,Pr€C Cus tho pecsels Vhexgs Hof. yold Chieu,0.6097560975609756
test_001764.png,as with trembling fingers he fastened his,,1.0
test_001765.png,"robbers , or being whisked off to Emergency",,1.0
test_001766.png,"was , as he feared , departed out of his life ,","Wes as Le plored , oleper tec| ok of he Che,",0.46808510638297873
test_001767.png,"two-twenty carried , for him , a cargo more","190 - Feoeaty Carried , eae hiner, G CGO BIE",0.6046511627906976
test_001768.png,"trouser clips , he was seeing her lying in","Pesouger Lips, be UC: $ Hg b 2 tyes Mey",0.6190476190476191
test_001769.png,"complete her mission . "" Paled , did Dai . For the",,1.0
test_001770.png,"he still loved her dearly . Already , even","he sh&l laed lei dearly . M-+tady, Ctr",0.38095238095238093
test_001771.png,Ward 10 .,,1.0
test_001772.png,"the title of "" First Woman to Enter Space . """,,1.0
test_001773.png,Cadwallader when his child mind grasped,(cub Wackb pdt bs Mlk lancet prepa,0.7692307692307693
test_001774.png,the fact that the green earth was falling,the fect taf te Wrtec barbh wee fabs,0.3902439024390244
test_001775.png,away at a rate of knots .,ANH Y at a age of leriofs -,0.52
test_001776.png,Morfyyd Owen was already qualifying for,"Morfyyad One, LIS als cody Gualifyios for",0.3333333333333333
test_001777.png,"But even his imagination , luckily for him ,","But ert Bis jnrgpina her, Luckily for brba,",0.4090909090909091
test_001778.png,did not visualise the awful truth - that,,1.0
test_001779.png,""" Where are we going , Mam ? "" inquired little",‘Lhere art we Jor ) VMern2 : reagecered bie,0.5652173913043478
test_001780.png,""" Damned if I know , boy , "" said the driver .","Danneel if J kwon, boy : Scud tlo oh tenhc",0.5217391304347826
test_001781.png,the window . Went and consulted the driver .,,1.0
test_001782.png,Where indeed ? Megan Thomas spoke sharply,,1.0
test_001783.png,his ticket-punch nervously . Peered out of,face ticket -Dtcrch rev LOULS Cy. Reece cute of,0.5714285714285714
test_001784.png,"But nonplussed , the conductor was . A",,1.0
test_001785.png,depth in this particular instance . Fingered,,1.0
test_001786.png,"happened , if you ask me . ""","Lemes ad, “| fee hi.  *",0.7142857142857143
test_001787.png,""" Where are we going ? "" he echoed Cadwallader .",‘UM eve Or 1 fos —. Le eclheel Cduclledec,0.5625
test_001788.png,"to the conductor , demanding an explanation .",,1.0
test_001789.png,""" But something very untoward has",* ede owe tlheg Lai a tartowe-rol Las,0.696969696969697
test_001790.png,"good man , mind ; knew his job . But out of",,1.0
test_001791.png,running into Llangrwl bus station .,,1.0
test_001792.png,"his head . "" God bless my immortal soul , ""","As head. ""Ged bless aes a bnew sol,",0.46511627906976744
test_001793.png,"Immersed in the Dinas Advertiser , was the","Jenn tusecl x tle Dawe Helvertiser, vot tle",0.5714285714285714
test_001794.png,"he cried . "" Never mind your immortal",Le criad . : Never Lea f yeu jester ter C,0.5405405405405406
test_001795.png,very moment when we should be,Yory ltt tot thin we Should! be,0.41379310344827586
test_001796.png,"window . Looked again , eyes starting from","biicow . Loot el ayer, eyes Storteg feu",0.42857142857142855
test_001797.png,"folded it , and glanced idly out of the","Loldecl a aivel gan cecl itt, cafe of ALE",0.6153846153846154
test_001798.png,"soul , "" said Megan Thomas tartly .","Sec, Stud! Mog to TLginas tantly 7",0.6
test_001799.png,""" Here we are traversing the heavens at the",‘t Hace Ll avl Toa ALS dog the Leewtacs — he,0.6046511627906976
test_001800.png,"Rev. Edwards . Now he put down his paper ,",Lov. Edicerds. Nas le pet leur hu Peper ;,0.4523809523809524
test_001801.png,""" It 's all very well , "" commented","""It's a4 Ltry Lt” cortwe tel!",0.5714285714285714
test_001802.png,"it . "" Stung , the conductor was . "" What you","a ; Steet , tle Covohectow VOC. Chal vou.",0.5555555555555556
test_001803.png,Mr. Hayball from the back seat .,Man . Hay boo O7 fo — dle hack Sbat .,0.53125
test_001804.png,"expect me to do ? "" he inquired , bitter .","Ox pect me to do ¢ ‘ he equ ed, Lilfer .",0.2857142857142857
test_001805.png,And no one doing the first thing about,Dect no Owe dows the fers phine aboud,0.3684210526315789
test_001806.png,"us nowhere , "" boomed the Rev. Edwards .","LS Lot here, s eel +Lp Ko’. E cb renecls.",0.7
test_001807.png,"is it ? "" "" Mutual recriminations will get",,1.0
test_001808.png,""" Radio Flying Control at London Airport ,","‘Kado Pyeng Gtr at london. Yport,",0.42857142857142855
test_001809.png,though half an hour ago she had,,1.0
test_001810.png,"at the Youth Hostel before dark . """,,1.0
test_001811.png,Morfydd Owen was silent . But she,,1.0
test_001812.png,would never see her Dai again . And,,1.0
test_001813.png,looked down at the fast-disappearing,,1.0
test_001814.png,dismay . Quietly she began to,,1.0
test_001815.png,weep ...,reget oe @,0.875
test_001816.png,regarded this possibility with,,1.0
test_001817.png,"fortitude , it now filled her with",,1.0
test_001818.png,"earth , and it seemed to her that she",,1.0
test_001819.png,""" But Eth and me wanted to be",,1.0
test_001820.png,furiously on the road . Not a sign of,"pertecucly or The aca, Wa? a rign of",0.4594594594594595
test_001821.png,""" Afternoon , Mr. Roberts , "" he called , polite ,",,1.0
test_001822.png,"Llangrwl , and his dear Morfydd quietly",,1.0
test_001823.png,as he shot past . His spirits were rising .,,1.0
test_001824.png,He had seen no sign of an accident .,,1.0
test_001825.png,Therefore Mr. Roberts must have been mistaken .,,1.0
test_001826.png,"Joy . At last he caught up Mr. Roberts ,",,1.0
test_001827.png,walking very dogged towards Llangrwl .,,1.0
test_001828.png,the bus . He passed The Traveller's,,1.0
test_001829.png,He would find the bus safe and sound in,,1.0
test_001830.png,"Dai , meanwhile , was pedalling",,1.0
test_001831.png,"restive queue of people in the bus station ,",,1.0
test_001832.png,"he found was Morfydd's mam , working",,1.0
test_001833.png,But disappointment awaited him . A,et brepporrtnrink auncted Aen. #,0.5882352941176471
test_001834.png,"the windows . Little to be seen , only a",,1.0
test_001835.png,"few lone stars , and the distant earth",,1.0
test_001836.png,The beleaguered passengers peered out of,,1.0
test_001837.png,"herself up proper ... Getting dark , now .",,1.0
test_001838.png,waiting to be transported to Dinas . And,waiking be bt tranwpertee te Dinar. Ar,0.3
test_001839.png,brooding in her shroud of mist .,,1.0
test_001840.png,"when he went to Morfydd's house , all","Utir bewirtkhe MoynyHd '» houre, all",0.4864864864864865
test_001841.png,The conductor switched on the lights .,,1.0
test_001842.png,his Eth . Morfydd thought of Dai . The,,1.0
test_001843.png,"looked at his forlorn flock . "" What",,1.0
test_001844.png,conductor peered ahead into nothingness .,,1.0
test_001845.png,"about a verse or two of Cwm Rhondda ? """,,1.0
test_001846.png,the sleeping Cadwallader . Driver and,,1.0
test_001847.png,"Rev. Edwards , standing at the front ,",,1.0
test_001848.png,"Megan Thomas sat tight-lipped , nursing",,1.0
test_001849.png,On the back seat Stan Hayball embraced,,1.0
test_001850.png,he suggested hopefully .,Jt reggita hepfally |,0.5
test_001851.png,from their lethargy . Something was,,1.0
test_001852.png,"in a moment , followed by a great",,1.0
test_001853.png,"too desperate for singing , then the",,1.0
test_001854.png,"situation , he realised , must be desperate",,1.0
test_001855.png,"approaching , faster , faster , a tearing","opproaching , Jat, parker, a Martng",0.3170731707317073
test_001856.png,sank . If the Welsh found the situation,,1.0
test_001857.png,"They looked at him , sullen . His heart",,1.0
test_001858.png,hurrying blur that was past and gone,,1.0
test_001859.png,indeed . But suddenly they were roused,,1.0
test_001860.png,rush of sound . They waved frantically .,,1.0
test_001861.png,"pool and ration our supplies of food , if any . ""","pork and rahi oun rupphes of frook, «f any.’",0.32653061224489793
test_001862.png,""" Do as I say , driver . "" Very stern , the reverend","“ heen ce oe! Very pttm, Be rtvertna",0.6153846153846154
test_001863.png,"through empty space . "" Thank you , "" the Rev.","eu Comp hy APA ce, ""Thank yo © he Rev,",0.5
test_001864.png,gentleman was . So the driver peep-peeped as,tom thao i LAS . Co Ay olan ve peep - peepek a8,0.5909090909090909
test_001865.png,"Edwards said courteously . "" Secondly , we must",,1.0
test_001866.png,a great basket .,,1.0
test_001867.png,"He looked at Price the Provisions , who was nursing",a Leek of free Ks Prong (me ro way cela,0.6666666666666666
test_001868.png,"too . "" He folded his arms protectively over the basket .",re He Frlolol fut arene pro kc hvely ove Re bag Meh,0.5614035087719298
test_001869.png,"Stared back did Price the Provisions , unwinking .","\tarcoh Lack kik Pre KR, Prasias wan nvtring",0.54
test_001870.png,""" Mr. Price , I think you may be able to help us here , ""","Mer. Re ce, ] Rink oy. cena Le abl to Ack ur Ane",0.543859649122807
test_001871.png,""" Intended for Plas Newydd , this lot is . Paid for ,","2 Lantern chs oh t~ Flag Marat jolel Bué Lot (S, fark Fr,",0.7735849056603774
test_001872.png,""" Now , who has any food ? "" he asked hopefully .",,1.0
test_001873.png,said the Rev. Edwards . Price shook his head .,nor Ae Rev. €olumrds. Pre phat Qt Goeek,0.5869565217391305
test_001874.png,"Mutinous dog , thought the Rev. Edwards , who hadn't",“Anh ume a § Kom! Ke Conn Ag otro Laoln t,0.75
test_001875.png,"he roared . Quelled , Mr. Price pulled out a grocery","dr mark . Qrrhbh h , Mr. PAK pth ok oul a ier,",0.5384615384615384
test_001876.png,"began to read . "" Six loaves , four pounds butter ,","bre an bo tak. Six hander, fri pound hon ay",0.5294117647058824
test_001877.png,"list , pushed his glasses up on his nose , and","List, pas wok his pressed up an his NL Or. A",0.45652173913043476
test_001878.png,"Island . "" What have you got in that basket , Price ? """,ig Laensh - . Ghat fact a act hm Kal bon hl / Prin? :,0.6
test_001879.png,"two pounds marge , one tin pineapple , one York ham . ""","hv Pods amangh, ove Wr pica, une Yor heme",0.509090909090909
test_001880.png,enjoyed himself so much since reading Treasure,ar Larne AO Faantk tn Oh Hooks Hasan,0.8478260869565217
test_001881.png,the Heavy World become changed . Some die . Most live,Hie Weavy World lbecome Cndnaed . Sovrve aie. Moet live,0.2641509433962264
test_001882.png,"' But we - ' ' Stop your stupid talk , woman ! ' ' We are - '","‘Buk we -' ‘too your supid tale, woman 1 “We are =!",0.3114754098360656
test_001883.png,"' Be silent , woman , and listen , ' Band Appa Bondi said .","Be Silent | woman, and Listen,"" Rand Appa Bondi said.",0.1864406779661017
test_001884.png,and grow wings . Between the worlds are many strong,Onda Grows LIAS. Rebween Wre wotlds are Many Shong,0.37254901960784315
test_001885.png,"rays , not seen or felt , which change our bodies .","SO YS « nat Secon OCT tel\, wach Change Our roaches",0.5098039215686274
test_001886.png,"' We know much , ' repeated the Chief Captive . ' Some","We know much, Rtepected tre QnieX Cache ‘Sone",0.37037037037037035
test_001887.png,things we will tell you . All who make the journey from,rings we will tell YOu. All wus make the jounmey tron,0.2
test_001888.png,tigerfly is not a tigerfly until it changes . So humans,,1.0
test_001889.png,"stubbornly , throwing himself down . But Lily-yo and",gerlbornly ( Harowiag Langell dows ~ Bub Lily- xo and,0.34615384615384615
test_001890.png,"When you come here , when you come to the True","When you come here, when You Come to See True",0.10869565217391304
test_001891.png,"World , you become a true human . The grub of the","World, you becene a fue Wuhan. The Qrulo of sue",0.2653061224489796
test_001892.png,Flor were listening .,Her were \sten tag .,0.38095238095238093
test_001893.png,"change . ' ' I cannot know what he says , ' Haris said","change. s Cannot know Whol le says, Hanis goudl",0.35185185185185186
test_001894.png,heedlessly thrown down their souls .,Weedless! y trrsen dean hueit Souls.,0.3611111111111111
test_001895.png,"Lily-yo said , doubtingly . The Captive with the","Lily~ 9 said, daulbinaly . The. Caghive whl Lue",0.3333333333333333
test_001896.png,"young , ' said the Chief Captive . ' You begin newly here .","YUNA ‘said, Yue nek Caphve - ' You loeqin newly here.",0.3898305084745763
test_001897.png,each other . In their flight from the 4wiltmilt they had,eadr other. |n there Wight Prom Pre Gusiltuilt Hey load,0.3392857142857143
test_001898.png,Where are your souls ? ' Lily-yo and Flor looked at,Lshere ape your gouls ¢ Lily-yo and Fla lacked at,0.21568627450980393
test_001899.png,"fleshless jaw said , ' The grub of the tigerfly thinks","Llestilegs jew gad, the Qrery of We Hagerty Links",0.42592592592592593
test_001900.png,"' To this True World , as you call it , we come to die , '","Yo Wg True World, ag your call iF, we come to die, |",0.2413793103448276
test_001901.png,it dies when it changes into a tigerfly . ' ' You are still,it Weg when it Cuanoies Tato a Hoertly ‘You are abil,0.3728813559322034
test_001902.png,as we are . Some may be born right . ',OS We Ate. Koe May lore Loon Nat .,0.5263157894736842
test_001903.png,babies may be born with wings . ' The Captive with,"loalbies may loo loon noi WINGS The Cah ve wih,",0.52
test_001904.png,"the boneless arms added , ' Some may be born wrong ,","the doneless ars addad, “Some Mov lee born lat Ong ;",0.3269230769230769
test_001905.png,' You see . You needed them no more . You are still,“XOU Nee. YOu needea Shem No Mere. Yor Me ak\\\,0.43137254901960786
test_001906.png,Haris had trampled on his . It was unthinkable !,Nons hod taMoled an We. tt was untktaLoble!,0.4166666666666667
test_001907.png,young . You may be able to have babies . Some of those,YOUNG - Xou Moy le alde to have bobies. Some of ase,0.3148148148148148
test_001908.png,in life . To know is also good . Because we cannot move,in Me~ To know is algo good. Because we canncst move,0.16363636363636364
test_001909.png,is good and knows these things .,IS QoOch and Enews prese Hains.,0.4375
test_001910.png,' You are too foul to live ! ' Haris growled . ' Why are,You aie Soo Poul bo Vive!” Hanis Qrowsled. Why are,0.2857142857142857
test_001911.png,"itself and declared , ' To be a good shape is not all","itselt and keclared, ‘To be a good shape 1s not all",0.11320754716981132
test_001912.png,Chief Captive said . Suddenly his second head roused,ChieR Caphve Waa. Suddenly Ws sec6end Nnead houUser,0.3076923076923077
test_001913.png,well we can - think . This tribe of the True World,vsell we can - taiak Wis bike ot Ware True World,0.3
test_001914.png,"you not killed ? ' ' Because we know all things , ' the",VA nor leek? ‘Because we Lnaw all Hains Ke,0.43636363636363634
test_001915.png,at last . ' We do . ' ' Then why are you captives ? ',"ot \ost. ‘We do, ""Then why are you caphues ¢ |",0.32075471698113206
test_001916.png,spoke for the first time .,Spoke for We Lt Hee.,0.4230769230769231
test_001917.png,Captives rule the True World ? ' Lily-yo asked,Caghvess mule bee Thue World” Lily - yo agked,0.32608695652173914
test_001918.png,muttered together . ' Do you say that you poor,"Nutt ered bogetber., ‘Do YOU Say rot you. eoot",0.391304347826087
test_001919.png,So it lets us rule it . ' Flor and Lily-yo,So it lets ug pole it Fler ond Lily -yo,0.23809523809523808
test_001920.png,"The flyman with ear lobes and thumbs connected ,",The Elytian with ear (does and biumbs conneched ;,0.20833333333333334
test_001921.png,"making his perpetual little gesture of protest ,",Malaag Wis pereetuoal “ible Geshe a erctest |,0.3958333333333333
test_001922.png,think and plan and know . Those who know,Wuak and plan and know. These who know,0.15
test_001923.png,command the knives of others . ' ' No hurt will,command Hie knives ot oliers. ‘No hurt will,0.2127659574468085
test_001924.png,are slaves to it . Only an outcast is free . Because,are =Slaves bo ih. Only an eutcast is tree . Because,0.1346153846153846
test_001925.png,"' To rule is to serve , woman . Those who bear power","‘To wule is to Serve, tsonan. these who bear joawer",0.25
test_001926.png,' You will live among us and enjoy your life free,You will lve among US and QN\ey yout like Rree,0.24489795918367346
test_001927.png,from harm . ',trom lane |,0.5384615384615384
test_001928.png,"we are Captives , we have the time to talk and","We are Cagnves , bse have Hie He to Lobe and",0.32608695652173914
test_001929.png,"come to you , Lily-yo , ' Band Appa Bondi added .","Come to YU , Lily ~yo | Band Appa Bondi added.",0.20408163265306123
test_001930.png,Flor - this other man creature is plainly useless -,Flot ~bas olbker man cheokare Is plainly useless —,0.29411764705882354
test_001931.png,here at a good time . Memories of the Heavy World,were Ok ook Mee. Hemenes of Hre Heavy World,0.3469387755102041
test_001932.png,and its savage life are still fresh in you .,and its LQvOGe Uke are shi tres ia YOu.,0.36363636363636365
test_001933.png,"' Before she can enjoy , Lily-yo and her companion",Before ghe can enysy Lily—yo ank ler COMPAaNIcn,0.36
test_001934.png,' No ! ' the Chief Captive said with both mouths .,‘bol He Cuiel Captive Said wikk lodh Houtks.,0.38
test_001935.png,must help our great plan . ' ' The invasion ? ' Bondi,Must help our areok olan.’ ‘The iquasion? ' Bona,0.2830188679245283
test_001936.png,"asked . ' What else ? Flor and Lily-yo , you arrive",asked. ‘WOohod else? Flor and Lily YO Yu ONN V2,0.4117647058823529
test_001937.png,gasped Flor . ' Yes . We plan to attack the Heavy,"Fosped Mer, ‘Yes, We gran to attack MWe Heavy",0.30612244897959184
test_001938.png,World . You must help to lead our force . ' The long,World. You wmust help to \eod Gur force.’ The long,0.15384615384615385
test_001939.png,We need such memories . So we ask you to go,We need Such WeHONeS. So we acl. YOu ho q°,0.37209302325581395
test_001940.png,"afternoon of eternity wore on , that long golden road","oflernoan & elerntby wore Ga, thet long A Alden haad",0.32075471698113206
test_001941.png,of an afternoon that would somewhere lead to,ot an atlerneon Huot sould sonensiere leach bo,0.3409090909090909
test_001942.png,back there on a great plan we have . ' ' Go back ? ',back Mere on a areak Glan we have. 'Go back? ',0.19230769230769232
test_001943.png,everlasting night .,WeMasnag Night,0.5263157894736842
test_001944.png,new flesh and tendon strengthened . To sail up in the,New Vlesk and Sendon Strenathened - lo SW up ia We,0.2830188679245283
test_001945.png,with their wings soon died away as the wonderful,"nate, vere W3IAQS Sg0a died Awoy AS Wre uonderbu|",0.5625
test_001946.png,and Haris there were many events . Chief of these was,and Hans (here were many events. Cliel af rese was,0.16981132075471697
test_001947.png,had no place here .,hack no race ete.,0.3684210526315789
test_001948.png,flopping movements of flymen on the Heavy World,\Lopprag MOoveurent ok K\ymren On lle Heavy World,0.3404255319148936
test_001949.png,light gravity became an increasing delight - the ugly,Light Qravity become an in crea&ing Aelialr ~ tLe ugly,0.20754716981132076
test_001950.png,"Motion there was , but motion without event - except","Mohon there wos, lur nchon usthouk event ~ except",0.2692307692307692
test_001951.png,for those negligible events that seemed so large to,Vor Vrase neal qide eneat Huot Seened SO large to,0.37254901960784315
test_001952.png,"the creatures participating in them . For Lily-yo , Flor","the cTearures porticipahag ia them. tor Uly — yo, Fler",0.2857142857142857
test_001953.png,that they learned to fly properly . The pains associated,Wot they learned bo ly properly. The pQuns ASSo clateok,0.26785714285714285
test_001954.png,prepared to place complete reliance .,[oe HA 0 / (ack Carynele Wht tere Ce,0.7297297297297297
test_001955.png,"his own life , but Geoffrey's as well , to a strange girl",M0 Ow? “ie Oud Cafity Var th @ a ro vage fee,0.6491228070175439
test_001956.png,than a couple of telephone calls he was,Noly couple of phen calla ~L War,0.4358974358974359
test_001957.png,been inclined to regard women as something,An chia 7 We HIN? oh eeeattineg,0.6904761904761905
test_001958.png,career . Now he realised that he was entrusting not only,CHL. Naw fe Ki fA rit hk WHO ES her “y,0.6964285714285714
test_001959.png,which must necessarily be subordinated to his,HWuCh mw MU SSare ty he dar borcacritlea 10 Crs,0.7111111111111111
test_001960.png,whom he had never met and on whom after no more,HOM) fe hol pep mown mM Ahan oe) No ane,0.6170212765957447
test_001961.png,Alastair was a bachelor . All his life he had,Also M00 Q @thilor fd lus Ue Lek fat,0.6
test_001962.png,obvious that she did not fail to appreciate the,"sed fad he Le tat fet es eryrecdte , =",0.6170212765957447
test_001963.png,was prepared to accept the responsibility .,,1.0
test_001964.png,faith which he was placing in her and,,1.0
test_001965.png,It was a novel experience . Alastair was,,1.0
test_001966.png,quite unable to explain why he should feel,,1.0
test_001967.png,she checked back her instructions . It was,Hl eckiel Late tof sarluhbrw. prep,0.7142857142857143
test_001968.png,so much confidence in her . Once again,,1.0
test_001969.png,be waiting for you at the Hotel Roma at six this,/ Mt Mh Tg fete 0 Me Mel Xora at bo flys,0.625
test_001970.png,"both at midnight . "" They might have been",,1.0
test_001971.png,uneventful life had he come across a girl who,"ee Cee fad yf Ca le @ue ean, said LUO",0.6666666666666666
test_001972.png,evening - and I shall look forward to meeting you,wed ms J Juak = fanarn a ah (ee,0.7346938775510204
test_001973.png,sounded so charming and appeared to be so,tes $6 ue aes Gel? Cage Catt te Le fo,0.7317073170731707
test_001974.png,arranging a supper party . Then she rang off .,ol ae Q Capp) pity. fatia Site eng of,0.6304347826086957
test_001975.png,efficient .,,1.0
test_001976.png,""" Good luck , Air Marshal , "" she said gently . "" I 'll",,1.0
test_001977.png,Alastair admitted that never in a not altogether,Miata GAUNWA fae we Ww 2 cat. AE pale,0.7291666666666666
test_001978.png,"below , was not recognisable among the host",,1.0
test_001979.png,of lower peaks . The screen of the air-to-air,of fewer peahe Fe sereon of fhe ante “dr,0.4
test_001980.png,For some reason the orderlies had forgotten,,1.0
test_001981.png,"capped summit of Mont Blanc , seven miles",,1.0
test_001982.png,no permanent image .,,1.0
test_001983.png,to switch on the lights ; there was no colour -,,1.0
test_001984.png,physical features were distinguishable solely by,,1.0
test_001985.png,"flickered across its surface , but there was",,1.0
test_001986.png,radar glowed . Occasionally minute spots,,1.0
test_001987.png,gradations of silvery greyness . Even the snow-,,1.0
test_001988.png,ground immediately ahead .,ground imine diately ahead.,0.15384615384615385
test_001989.png,make a direct comparison between the radar,make A direct Comparisoh between the radar,0.07142857142857142
test_001990.png,"left , Milan . The directional angle of the",Lett /Mitan. The directional angle of She,0.16279069767441862
test_001991.png,turned the scale slowly to cover the,turned the scale showly # to covey the,0.1111111111111111
test_001992.png,image and the ground itself . Ahead lay the,mage and the grennd itself Ahead Lay the,0.13953488372093023
test_001993.png,In the exceptional clarity he was even able to,Ih the exceptional darity he was EVeCn able to,0.13043478260869565
test_001994.png,scanner could be adjusted to cover any,SC Ahher could be adjusted ty cever wy,0.2631578947368421
test_001995.png,particular area within its range . Geoffrey,"particular Are 4 within its lange, Geoffrey",0.13953488372093023
test_001996.png,"Plain of Lombardy ; to the right , Turin ; to the",Plain of Lombardy j to the right / on ' to the,0.14285714285714285
test_001997.png,"naked eye , obscured by the ground haze which even","feed OF, Obra by the jews hate whch ter",0.48
test_001998.png,at the speed recorder . It seemed almost incredible that,al fe sed woorer. Mb seeped almoll mcrdble fas,0.39285714285714285
test_001999.png,the tiny white figure of 8.5 against which the needle,Me Hay Loft le fyor f re aaeierl which the pee,0.5094339622641509
test_002000.png,on the clearest night limited angular vision . He glanced,op te clearest night Linted agate Lrsioh. fhe poet,0.38596491228070173
test_002001.png,"He was able to pick out towns , unrecognisable to the","he war able +o pick aud TOWNS, abla sous be fo the",0.4339622641509434
test_002002.png,was resting could really mean hundreds of knots .,jJat er cow? realy mean bimnodow SL bro’,0.5918367346938775
test_002003.png,"ahead of time , "" said Alastair . "" We 'll run","rherd of feme card Marfarr, Me Ul am",0.5434782608695652
test_002004.png,pitch changed as the nose of the aircraft,,1.0
test_002005.png,"Now , as Alastair reduced the thrust , the","Wen, «2 Abaotan reduced She flere phe",0.47619047619047616
test_002006.png,dipped slightly . The needle of the speed,,1.0
test_002007.png,miles from their destination .,,1.0
test_002008.png,they were still more than four hundred,,1.0
test_002009.png,"in on minimum engine power . "" Geoffrey",,1.0
test_002010.png,"before coming to rest at 5.0 . "" We 're a bit","hofre coming to net at 5.9, ""Ne're a 44",0.3111111111111111
test_002011.png,smiled . Alastair talked of running in when,,1.0
test_002012.png,"recorder swung gently through 8.0 , 7.0 , 6.0",recorder opting gely Mrrgh 8.9/9.0 b.0,0.4
test_002013.png,indication pointed to Eve being held .,widizotian pourttol Fe - Exe Bemg tare,0.631578947368421
test_002014.png,by special helicopter from the Horse Guards,,1.0
test_002015.png,"Parade to Boscombe Down , slept for six blessed","Poroche bo Bescombe Down, alopt for 2x Atoowol _",0.425531914893617
test_002016.png,along which he had motored so desperately little,"aora , he Lol a eee 0 - a _ U",0.7291666666666666
test_002017.png,"on the bridge over the Po , barely forty miles to port .","sulle loridge oes Wa Poy Basel, forty mestne to forks",0.4642857142857143
test_002018.png,They were nearing Modena . Geoffrey focused the radar scanner,,1.0
test_002019.png,more than twenty-four hours earlier . Since then,,1.0
test_002020.png,"conference in Bruce Denton's office , been whisked",Confrence ur Bruce Lerten's office Goon wtusladt,0.34
test_002021.png,"thought he could recognise the route of N12 ,",heousll Lo hE ed ek le ee,0.7555555555555555
test_002022.png,"he had flown to England , attended the vital","i ee eed, ote a Oe",0.7954545454545454
test_002023.png,refreshing hours and had now completed two-thirds,"eeciung fours arrol Lool now Compkette! KAP"" run",0.5714285714285714
test_002024.png,of the journey back to the place where every,ot Hw pum Back fo He palace where Query,0.38636363636363635
test_002025.png,He was able to trace the course of the river ; he,he wre oOo to trace He Courne of Ma TOD >,0.46938775510204084
test_002026.png,Tartaro at a few minutes past ten on the,Val dace da fy dusbuihr pigh fn tr i,0.7
test_002027.png,It came to just over six hundred,"W Cauve fh Alyf WS ah, Metre",0.71875
test_002028.png,previous night . He worked out the distance,preaenus Lyed. Me bikie ted fa Alifeute,0.6511627906976745
test_002029.png,movements of the Bentley . It had passed,tent 1/ Oe Wnty Mead pasted,0.525
test_002030.png,him at the temporary bridge over the,,1.0
test_002031.png,on the presumption that its route had been,,1.0
test_002032.png,through Florence and Rome and then,,1.0
test_002033.png,miles .,"i,",0.8571428571428571
test_002034.png,Geoffrey set himself to consider the,,1.0
test_002035.png,across Italy via Foggia to Barletta .,eh Wy Via Fepgd A VS,0.7297297297297297
test_002036.png,reproaches - and here he was bland and smiling .,i prmackes - and Wwe he was bland Gnd Sumliiq .,0.2708333333333333
test_002037.png,"own veranda , that he had taken the liberty of","OLon Vwanda , Hak he had talun Le boty of",0.3695652173913043
test_002038.png,to come over and make the presentation in her stead .,40 Come GU ancl nals ie presentan nn in nes S\ aad.,0.4528301886792453
test_002039.png,was less pleasant than appeared on the surface .,LIAS less eu¥asam Jlian appeced On Ale SU} Co |,0.5208333333333334
test_002040.png,"To Beryl , at least , this was anti-climax with a",NO eryl ok Kast tes was 0A -ciwanx With a,0.42857142857142855
test_002041.png,asking Jack - as a representative of the Vallin family -,,1.0
test_002042.png,But it did not take her long to realise that his mood,Bud Wk WA notable her luna +0 ywalise that Lis mood,0.32075471698113206
test_002043.png,vengeance . She had expected to be met with violent,,1.0
test_002044.png,"He told her nonchalantly , as he led the way to his","We told ho Non Chehant Uy , as ra Vd the lay *0 lus",0.37254901960784315
test_002045.png,"coming back from Barbados so soon . "" Beryl",COMIN back From TSarbados @so ‘ook. beryl,0.37209302325581395
test_002046.png,"too . They 're both here . "" "" I didn't know she was",too. They 'te both Were * * \fdidd + Vnorts dee was,0.34615384615384615
test_002047.png,""" I caught him just as he was going to the",2s Corrirt dns \uss as he was QAng +e le,0.5
test_002048.png,of fact I 'd asked him last night to deputise,of fact T'A ashad Wit lass Malet +o de prise,0.35555555555555557
test_002049.png,said the first thing that came into her head .,"Said the pest thing thed came ito her head,",0.1956521739130435
test_002050.png,for me and fetch her . He brought her to the party,"Lox M2 Curd 4 edd, her. He brougle ner +o Abe part y",0.4
test_002051.png,"airport to meet Blanche , "" he said . "" As a matter",OL Hovt 40 meet Slane he said. “AS @ medler,0.43137254901960786
test_002052.png,north of the island .,wth oe heel.,0.5714285714285714
test_002053.png,"poured cold water on the project . Everyone , he declared ,","pith od vcore pal syne, bs dele",0.6610169491525424
test_002054.png,"had had a thoroughly good time , and it would take them","wd ok < Loy gl ba, tl fle",0.7272727272727273
test_002055.png,nearly to next week to settle down again . Meanwhile,,1.0
test_002056.png,express their disgust at Sir John's abominable treatment,,1.0
test_002057.png,"of his guests . But Piers remained aloof , and when Beryl",ane wah. Gut Vis nal sed ed oF ba,0.7017543859649122
test_002058.png,"suggested having a second party , the following week , he",gle Taig «utd fy He lg a,0.7192982456140351
test_002059.png,Hubert would have betaken himself and his well-,i Ok | A-,0.8936170212765957
test_002060.png,"Jack and Blanche were quick to sympathise , and to",,1.0
test_002061.png,earned gratuity to his native village at the,oa optuy te = ag lag & i.,0.6363636363636364
test_002062.png,"with injustice and contempt , ignoring","Ltt, oh [6S Pee af Cav. H+. ya 7 / 7 aii",0.868421052631579
test_002063.png,It was all over and done with .,,1.0
test_002064.png,"it go at that , but she resolved to have","ip o at that , b.4 she peso/~lof fe bus",0.4
test_002065.png,ignorant child .,"1 sealer ety, lof",1.0
test_002066.png,her explanations as though he were,ae ex plirre fro a8 Thorp be epee,0.5882352941176471
test_002067.png,For the time being Beryl was content to let,for te pre bevy f/ vxo Cn tet fe bop,0.5813953488372093
test_002068.png,opportunity presented itself . He must,Sper atm te pare ste feel tend. Me bust,0.6052631578947368
test_002069.png,it out with Piers when a reasonable,"lt get tnht, Fie tle, @ tee",0.6285714285714286
test_002070.png,learn that he could not treat her,Oe,0.9696969696969697
test_002071.png,"a schoolmaster and she a small ,",G Slos/Inves le aul GbR G Sue |,0.78125
test_002072.png,her great disappointment at being,Ling gor Asa part fet avy en,0.6666666666666666
test_002073.png,them . But next morning she insisted,tthe. Bef bbNy< F- aac slo (ly SiS feof,0.8055555555555556
test_002074.png,He gave her no chance of any private,Me gare hy Ae hace of ary porate,0.3333333333333333
test_002075.png,"relations , and tell them of","rela Pers, and Pte ff  thbim af",0.42857142857142855
test_002076.png,held up in Balicou .,,1.0
test_002077.png,"conversation that evening , for when","Ca 0trtn trtin §«=§¥0f eeteky , fs shag.",0.8055555555555556
test_002078.png,"to find , if possible , Hubert and his","tes fred ; if posh , (Abt anv hs",0.42105263157894735
test_002079.png,"Blanche and Jack left , he went with",,1.0
test_002080.png,on his taking her out in the jeep -,"a “as a ler tog AY, =F 4 oe jeep —",0.6
test_002081.png,"he asked , letting in the clutch . "" No ; I want",WN) ald | bang OD te Aha. * ho} / ak,0.6041666666666666
test_002082.png,"beside him . "" Is that all you want to do ? """,bo fim. Lr fal au you and ts do ?*,0.4666666666666667
test_002083.png,to make you understand just what happened,ip pahd you urdirtard yirat what happend,0.34146341463414637
test_002084.png,"coldly . "" I 'm a little tired of being treated","ob,"" I'm a Ble ted of Long ttated",0.425531914893617
test_002085.png,"about this Balicou trip , "" she returned","aboedl dea Babou dnp, * cht réfecrd\dd",0.6
test_002086.png,"With an air of resignation he sent Judy , his","Vith an aur of reagnahen Ke tok Judy, bev",0.35555555555555557
test_002087.png,"like an ineffective imbecile . """,,1.0
test_002088.png,"Boxer , to the back , and made room for her",Boxer to tho back and wide rom for Kar,0.23255813953488372
test_002089.png,"to make the presentation , I run the damned","10 Mabe dN precptahan , Ir) Ha Admned",0.4883720930232558
test_002090.png,"to account for my manners , "" he retorted .",10 accoud for my waphers “be redo,0.4418604651162791
test_002091.png,""" And I 'm heartily sick of being constantly called",(Od I'm Bactby wah of beng constantly calltd,0.3137254901960784
test_002092.png,sugary things you ought to have been there,Luigaty Higa you oud do have hean there,0.30952380952380953
test_002093.png,you the best way I can by getting hold of Jack,you tre bet Lay | en by poling KAA of Jak,0.32608695652173914
test_002094.png,"fault . """,fold .*,0.5555555555555556
test_002095.png,""" What have I done wrong now ? I cover up for",‘hak fave | done GANS POC)? | Cover cep for,0.4222222222222222
test_002096.png,party to the best of my ability - saying the,,1.0
test_002097.png,to say - and all you can do is to find,+0 Sty ~ ann all you can do ‘sto fad xb,0.34210526315789475
test_002098.png,""" It 's your superior attitude that riles me . "" Beryl was",As fur suptes Med AS as or beayl ues,0.6551724137931034
test_002099.png,at Balicou doesn't interest you in the faintest degree . You,§ Aabees desc eat pine fail date te,0.65
test_002100.png,as though I didn't care a hoot about letting Hubert,tha tls tts oa ld de,0.7843137254901961
test_002101.png,"scarlet with annoyance . "" How I happened to be marooned",,1.0
test_002102.png,"and his pals down . """,,1.0
test_002103.png,"look as though it was only what you expected of me ,",has Hash aac oly ol goc ol of,0.6730769230769231
test_002104.png,""" Oh , drop that nonsense , Piers !","""Ob ; drop Ylat UOUSLUGE Fee F",0.5714285714285714
test_002105.png,to understand all the whys and,fo Lrdlerstarcl all fle whys aud,0.3333333333333333
test_002106.png,"wherefores of your actions , "" he said",ws Lure fores of You achous « te aad,0.42105263157894735
test_002107.png,"stiffly . "" Still less to criticise you . """,shifty. “Sh lees to enkeice you. |,0.4418604651162791
test_002108.png,path fringed and shaded by citrus trees .,par freged auol chaded G cts pees.,0.3902439024390244
test_002109.png,brought the jeep to a standstill in a rough,eget the 1200 0 ee a! aoa rou |,0.627906976744186
test_002110.png,""" If you want my true opinion I 'll give it .",Tf fie ae oe fru Cf on (U preert,0.6666666666666666
test_002111.png,""" As your employee it 's not my business",“As Your curplo yee ts ust sy brs: ts $,0.475
test_002112.png,"Be yourself , "" she exclaimed , with","be yorersel, ""phe exclarued, an Ft",0.4166666666666667
test_002113.png,"mounting exasperation . "" Very well ! "" He",eee exaggerate Vay wid! ~ ie,0.5952380952380952
test_002114.png,"the matter because , very naturally , you were","the wafer becarise , vey a dehy 20 You were",0.34782608695652173
test_002115.png,"sake show a glimmer of reason , "" was his","sake show Fee of LCALEH, : Was lus",0.4634146341463415
test_002116.png,You made some sort of a protest to Graybury .,le tqnmele domes. sort of a protest 7o Grays Gong,0.4
test_002117.png,equally indignant rejoinder .,,1.0
test_002118.png,I 'll give you credit for that . But you didn't press,"[MH five Jor creo, por that. fut Dias abide, F Press",0.4716981132075472
test_002119.png,"idyllic surroundings . "" "" How dare you say","jdyllic desrotiaadh gs ""Kw clare Yea tay",0.5348837209302325
test_002120.png,thoroughly enjoying Forrest's company in,peti ae A Meeps Forres t's CO) ary ri,0.65
test_002121.png,"such a thing ? "" she blazed . "" For goodness'","wuc, a es - let bapeel For peocluess’",0.5777777777777777
test_002122.png,"from him to fondle Judy , who , sensing something","fro C. fo fork ELS os, SLASCAL Something",0.5306122448979592
test_002123.png,"amiss , was nudging her in the endeavour to","GwnesS, C7@s fe Aarne ‘. Le ticles bak de",0.7441860465116279
test_002124.png,""" I know . Absurd as it may seem , I didn't want",— Misuerdhe Os Son SoCte » ee Pe aud,0.7708333333333334
test_002125.png,have had it in for Guy .,"ae Cul st bay Aer Guy,",0.5416666666666666
test_002126.png,if I had absolutely insisted on sailing at the,rf bheadl tosh. th (arses Lk om SarCong ad fo,0.6304347826086957
test_002127.png,"gain her attention . "" The truth is that",8@ 6 on ate a? Fett hh cs ee,0.675
test_002128.png,"you to think badly of me . "" She turned away",On to Mr$ badly ea i SGe betcmtall Amway,0.5909090909090909
test_002129.png,"time originally arranged , Sir John would","[Sn ¢ oregine by anomie, Gy, po A",0.6585365853658537
test_002130.png,on Guy's part that we missed seeing the,On Gas % perl Kal C9 ered C20 1-4 Kou,0.6666666666666666
test_002131.png,"You see , it was , apparently , through a mistake","Noe SL, Bocce, oppereLhy, Broa S 0 aes Ls",0.6326530612244898
test_002132.png,hardly have spoken with more contempt .,,1.0
test_002133.png,"dares to stand up to him . """,Mont de Glesall ncstide bu,0.8571428571428571
test_002134.png,""" What harm could possibly have come to Forrest",LoGt Sci Cold pessrbhke Cu Co“ i a,0.6595744680851063
test_002135.png,"flamingoes our first morning on the island . """,fen. noes Or fish mon tng on be oe,0.5217391304347826
test_002136.png,"through Sir John's nonsense ? "" Piers could",Brow) . bok “0 Moxste Ce ¢ ; Press Cou Cl,0.6046511627906976
test_002137.png,A bully like that respects anyone who,"A ball, Joke ae ae peels anZVOun?e aah",0.5135135135135135
test_002138.png,trying to say that Hewson would victimise,fiz ng be sey ey fe Los Mee,0.6829268292682927
test_002139.png,precisely the remark she had made to Guy .,preeitely Be new she Sel cuerch fo bug.,0.5238095238095238
test_002140.png,"important customers . "" "" So what ? You 're not",fan fer bend: a Ca © pe —,0.723404255319149
test_002141.png,Graybury is one of Mr. Hewson's most,"beer Coery “S One of ys , por |",0.6666666666666666
test_002142.png,Forrest for behaving with ordinary moral,Tooresk poy Coeiing toc lf oSbmany snorol,0.6
test_002143.png,courage !,COce 9 ae £,0.8888888888888888
test_002144.png,island I needn't tell you that Sir John,\s Oud ee Te LO yo. sis. ps,0.717948717948718
test_002145.png,Beryl tried to suppress the thought that this was,,1.0
test_002146.png,"She said icily , "" As you pride yourself on","c% ee cccky , “As ou Pree’ vipwinteh ee On",0.6744186046511628
test_002147.png,your knowledge of all the affairs of the,VOley fuochkel pe of ne offers ad (Vc,0.675
test_002148.png,""" What they can bring off ! I 'll admit that .","OL bee ton Groep off F (Bh cecbad 1S,",0.6956521739130435
test_002149.png,between what a senior and a junior,lente FEC S <a ee Rak co fuente,0.7647058823529411
test_002150.png,himself and his business to an unmention-,,1.0
test_002151.png,He 's quite capable of telling Sir John to take,fle's peeth cape of bellug Sy SoS. fo bebe,0.46808510638297873
test_002152.png,"partner can do , "" was her quick reply .","filae, can A, een pace’ ake",0.675
test_002153.png,"able destination . "" "" There 's a difference",a Sle ae ‘ : oe a Le fheresce,0.6363636363636364
test_002154.png,But Forrest might at least have tried . He 's,Jpel Bereesl aacgSl — halk i Lull FES,0.7555555555555555
test_002155.png,"pretty spineless ! ""","pore lly Seine lose J ,",0.55
test_002156.png,"with Sir John ? "" she enquired cuttingly .",,1.0
test_002157.png,I doubt it . He 's about as easy to push around,"to “f, Me § TS gee eo ( baal ame",0.7446808510638298
test_002158.png,an attempt to show my lady-love that I,,1.0
test_002159.png,"at that , but went on airily , "" I 'd have made","aig ay ol tend » wircky, ""(ee Cont iil",0.6595744680851063
test_002160.png,""" For all your good opinion of yourself ,","= ok yocer Fook oPibarinnts Gptensl en of reeasl,",0.8292682926829268
test_002161.png,put her interests before my own .,,1.0
test_002162.png,"as - as a grounded whale ! "" He had to smile",aS OS O Grouncleol «Se Ko fe SLM be con,0.6590909090909091
test_002163.png,""" You think you could have carried more weight","is 4,8 Vex Cace KE Goure Sg ek ALOYe caceg L",0.8260869565217391
test_002164.png,that her failure to appear at a function,hat he Herleije. 4 ayear at x factor,0.45
test_002165.png,"man was , she thought impatiently ,","nan. wes, She Chought imoatur lly,",0.34285714285714286
test_002166.png,"and warm sympathy , as she explained","ama Warm S wimpa thy, as she brplain ect",0.3888888888888889
test_002167.png,to have been guests at yesterday's,to have beem guests at yesterdays,0.058823529411764705
test_002168.png,on the estate was a major error :,on Lhe estate Was @ (Mj br LIF CF :,0.3939393939393939
test_002169.png,"how she had come to miss the party ,",eee ek eee & ance Cre party,0.6111111111111112
test_002170.png,made her send a complacent glance,made her Send a complatent glance,0.06060606060606061
test_002171.png,"celebrations , and their friendly welcome","celebrations, amnclh thee friendly welcome",0.17073170731707318
test_002172.png,Their air of smiling somnolence showed them,Thetr aly of smiling somnolence shonecl Chom,0.18604651162790697
test_002173.png,in Piers' direction . What a fuss-box the,"im. feeus' Aiveckion, What a fust-box Che",0.2926829268292683
test_002174.png,trying to worry her into the belief,Lying Lo rors ha-in.te Ge belce WA,0.4857142857142857
test_002175.png,"toothless mouth stretched in a wide grin , told her",,1.0
test_002176.png,at the Villa in time .,en) Pe 7 ra,0.8636363636363636
test_002177.png,"beside her , his battered hat in his hand , his","Uesicke Acs Suir Bettercel Lek im his honk, Kev",0.5106382978723404
test_002178.png,"would be 3"" plenty , plenty sad "" not to be back",,1.0
test_002179.png,"explained right at the start that "" 3Mis' Beryl ""","cetplaimech aight of AXe phat Adal , 3M«S) Beryl ”",0.42857142857142855
test_002180.png,"in halting 6patois that "" 3Mistah Piers "" had","Atite, Aedting 6 patois Louk , otistah Piece ae &",0.5111111111111111
test_002181.png,"And then she received a jolt . Old Hubert , standing","Bok un she veceveel a godt. Ohl Hib t , skawnrelons",0.4807692307692308
test_002182.png,"could see 3anudder 3t'ing , "" he went on in a",Ol See Seumuoler Bring ' he wert on by,0.4888888888888889
test_002183.png,"to all kin' o' boats , wid d'ose big , big","mall Kil of Soot, Wik olose bu, big",0.42857142857142855
test_002184.png,We all know how Balicou Island dangerous,,1.0
test_002185.png,"lower voice , his sunken black eyes twinkling .","lores YORE, Ndy Strabo, BA Yes toddckeg,",0.723404255319149
test_002186.png,That it wouldn't be her fault at all . That,That it rcreloln' be her fault ot all Thedk,0.3023255813953488
test_002187.png,"took the highest pride in keeping her word . "" I",Toh a hraphost ridh tin kayding her reel. “/,0.5
test_002188.png,"she was a lady who , like her Uncle Charles ,","Sh War a lady ubo, lle boy Uncle Cheuts",0.4
test_002189.png,"3"" He powerful anxious , poor Mistah Piers .",,1.0
test_002190.png,rocks in an' out o' de water .,leeae We on’ Cut of Ae rouceled,0.6333333333333333
test_002191.png,habit .,"pekele,",1.0
test_002192.png,"day . Though he did not refuse wine , which the",,1.0
test_002193.png,did not act as though he found it necessary,BOM ba Cae“ CAS Hogne Ae jhe wo aaa” aa,0.7674418604651163
test_002194.png,except in moderate compliance with his father's,CnGOP > ae Comp iemce fa aa Ae,0.6808510638297872
test_002195.png,"ways , even to reading law about two hours each",,1.0
test_002196.png,"judge always had on the table at dinner , he",,1.0
test_002197.png,He had almost entirely settled back into his old,ee Lead’ alones Parkes swhlbgl Loeb t6 Zs WH,0.6875
test_002198.png,against them with the lift of the next wave .,Aypintt sci. got Hew Lft oft Lert tyere,0.5777777777777777
test_002199.png,"of a mile and a half , came the yawl under her full",ofa Ake onl 4a elf; Caue He poe Luo leat fl,0.5686274509803921
test_002200.png,Around that rounded rocky promontory where the,yon tet ton dfel ely Poteenten uy lwe tle,0.6304347826086957
test_002201.png,"triangular sail , and to the judge's frightened eyes , so",i al ee Quo : te ae pees es So,0.6666666666666666
test_002202.png,close to the rocks that it would be dashed,"ela. L. Yt, a that eo ree S| a ean eae",0.6904761904761905
test_002203.png,white spray could be seen flying across the distance,date ey oe be Seer ty Across the i ee,0.4807692307692308
test_002204.png,with part of that howling northwest gale .,its We pod of Mel he leg rhocth ward folk .,0.6190476190476191
test_002205.png,What does time mean when weighed against the life of,Whe oer dan Wwusr~ aj Wie weiclrok ayans qa RR ok,0.6730769230769231
test_002206.png,""" That boy ! That damned fool boy ! What does he mean","""Thal bey © “hed davreck Kool boy © LWwhel oloer bn mea.",0.4339622641509434
test_002207.png,"two human beings ? "" Not until he was certain that the","{so Wanron breangs f : Nol ent ko Cer cayplan, dba We",0.5740740740740741
test_002208.png,"by trying to come home now , even if he did promise ?","by eying Yo Comm bom now, wey VY LX abot promee 7",0.41509433962264153
test_002209.png,empty his lungs of stifling air and refill them,"rely Wi Lencs ef St (vg ac ak el down,",0.6170212765957447
test_002210.png,being flung against the huge boulders did the judge,,1.0
test_002211.png,yawl had rounded the rocky point instead of,youl bead reondohl We coky poh inrkak of,0.46511627906976744
test_002212.png,yawl recover .,"fae! recover,",0.35714285714285715
test_002213.png,"weather side of that pier ! He 'll wreck ! ""","Lreatbas Fide of Hat pie! Kel creck f""",0.38636363636363635
test_002214.png,black eyes showing any emotion . With a,,1.0
test_002215.png,"stay rope fastened , Bill made the",,1.0
test_002216.png,"Willie Kim was speechless , only his slant","ye Ein wae weerlees, bly Vis VQut",0.5
test_002217.png,""" My God ! "" the judge cried out . "" The boy",", Uy God!"" the judge cned out. , Ine Cou",0.2727272727272727
test_002218.png,is going to try to make a landing on the,,1.0
test_002219.png,"quick shift of tiller , and at the same time","Quick fift of Ther, aud at the sawme UH",0.3181818181818182
test_002220.png,jibbing the boom to which he had the,"[iGeinp 2 bonu, & Ssuich he had He",0.4722222222222222
test_002221.png,"corner of the pier by inches , and","(NUL Oo Un pits by ivchts, dua",0.5588235294117647
test_002222.png,It seemed to the frightened judge,XE SOW to Ue FAQUCUA judge,0.6060606060606061
test_002223.png,same time dropping the small sheet,sould Kui Asoppig Ue swialt sheet,0.47058823529411764
test_002224.png,"of wet canvas , Bill cleared the","of wer coumoad, Bil Chose Ue",0.5
test_002225.png,"with the tiller still hard over , brought","WA Ur filles sitll Vouk ours, brougct",0.4634146341463415
test_002226.png,the tiller hard over and at the,Ue Niles Wook aves auok at Uw,0.5483870967741935
test_002227.png,as though his son would actually,rm” Ujouge Lia nove would acluctly,0.4375
test_002228.png,shoot the craft in under the outer,clieek Ure calx ive Wudes Um outes,0.5882352941176471
test_002229.png,end of the wharf . But by pressing,WA of Ue what. But by pi doing,0.35294117647058826
test_002230.png,the yawl up against the waves,UL youn Wp agorwst Une odode,0.5862068965517241
test_002231.png,"everything , when he wants to . ""","ised fox rng , bibeti. bb lake @ fe”",0.7878787878787878
test_002232.png,"that were a little unsteady , they",hMhokh bere gg Gtr Le a aaa A Brey,0.6764705882352942
test_002233.png,"He plenty smart though . "" As they",he haat Vlncairk Vhowe te Hoey,0.7058823529411765
test_002234.png,"reached the pier , the judge on legs",Hea tel lie per Pe fee ctv Goq,0.6111111111111112
test_002235.png,hip as I ever saw . That boy of,,1.0
test_002236.png,""" that was as pretty a piece of seamans-",) Far luoy W Phy G Pree GF equate,0.675
test_002237.png,play in damn fine luck this time .,plag Arn Gatiway frre Lethe flit tamed.,0.6176470588235294
test_002238.png,"pier , leading the yawl toward","Prev , LEAR ely re Perey SG tend fo lucre/",1.0333333333333334
test_002239.png,""" 3Naw , "" disputed Willie . 3"" Just",ZS VA er © OL 7 pee Aba Lee Fo fal,0.8055555555555556
test_002240.png,""" Willie , "" the judge said huskily ,",,1.0
test_002241.png,"found Bueno Buck , now on the",fos fi € 200 Merck facie Bsa thot,0.7586206896551724
test_002242.png,mine seems to know how to do,,1.0
test_002243.png,""" Hello , Dad ! "" Bill called . "" I hope you",,1.0
test_002244.png,water in her . I wouldn't be,,1.0
test_002245.png,drag the boat ashore and turn,,1.0
test_002246.png,speed records on the way in .,,1.0
test_002247.png,surprised if we broke all,LES fn A iff ee Bathe ll,0.64
test_002248.png,"Yes sir , I am slightly wet , and",,1.0
test_002249.png,weren't worried . We 're going to,"precea, LF cori et Lhe te porg fo",0.6363636363636364
test_002250.png,"had more clothes on . """,,1.0
test_002251.png,Buck would be wetter if he,,1.0
test_002252.png,her over . She has a foot of,fes coer. She foc = foot of,0.32142857142857145
test_002253.png,"inches . Maybe big one four feet ,","ches, May bE 6-5 O¢. four feet y",0.38235294117647056
test_002254.png,"man at catch 'em than Injun , Judge .","Min, AF carch th L4Aan AAO 1, jade",0.6216216216216216
test_002255.png,dragged out but before it was turned,ara 4 5¢ of out Lut before 14 was furned,0.3611111111111111
test_002256.png,"pushing at the stern , the yawl was soon",prusthiny Or the stern / The. pr w/ Was [007,0.425
test_002257.png,over Bueno Buck reached into the foot,OU ES Bueno Ruck reached nfo Lhe. oor,0.32432432432432434
test_002258.png,"huh ? """,buh 27,0.5714285714285714
test_002259.png,You look . Little one more as fifteen,You look LHe one ore as Li K4eer,0.32432432432432434
test_002260.png,"of water , tossed out a string of silvery","OF wa tt, Sosscl eurt a stein of Svitery",0.4146341463414634
test_002261.png,With four doing the job and the waves,,1.0
test_002262.png,"lake trout and said - 3"" Bill , he 's better","lake trouk ANA Sara ~ £° RM, Ae S Seer",0.4772727272727273
test_002263.png,few moments later the yawl was upside,,1.0
test_002264.png,"exclaimed the judge . "" Toss them on the grass",ahciment His puote. “Jom Him ox VE 7700,0.6521739130434783
test_002265.png,"down , exposing its shallow keel .","im, ekjrgetig cee Vite Aen, Keck.",0.8235294117647058
test_002266.png,""" By George , that is a beautiful string of fish ! ""","hy Graze, Halain aif okey of fai”",0.6538461538461539
test_002267.png,"and then we 'll all get hold and heave . "" A","anol Leo, we Wat poh Fell anor Heace. “Al",0.5909090909090909
test_002268.png,"with tears . "" It 's so unfair , "" she said .","an or,“ ji ¢ 20 Un fow'r “ A4&e mae.",0.7111111111111111
test_002269.png,"Bertram's face was grim . "" You think it was the Snort ,",,1.0
test_002270.png,"don't you ? "" John gave a short laugh . "" I did , "" he","Aim t yor? Aan navies ohivk Lan. “Tord,” Ae",0.6296296296296297
test_002271.png,"said ; "" but I 'd better stop thinking that now .",Poh | Lrat Tk belly rhe Rabie Bal maa.,0.7142857142857143
test_002272.png,"Pericles is fitted with an identically similar one . """,,1.0
test_002273.png,""" So there you are , my dear . "" Peggy 's eyes filled",ss Vrse age cat snag site : Peasy 'n +400 Pr LLeok,0.7358490566037735
test_002274.png,in sharing his discomfort with Peggy .,cae aaa Auf OAS comrn per! ony 1A Pay fy - .,0.868421052631579
test_002275.png,sick . Just because he 's an Honourable he can do,nip. Jost deccomse fain on Umareth Fr can AO,0.5714285714285714
test_002276.png,""" That little beast Robbie Munyard spent six",“Thal LH feosth Retbre Ham yanek opta! arx,0.6363636363636364
test_002277.png,"him ? "" John didn't answer . There was no point","fom 4 A obs ha, if Cm YY . Taint wal Cro post",0.5957446808510638
test_002278.png,"what he likes . Anyway , why pick on you to succeed","woal A, Like. Ara my ity pir ar ie bo Aacceros",0.5490196078431373
test_002279.png,dockyard and now that she 's ready for sea he goes,Mork yard and nny Kal rig - eee for ree Ba art,0.5
test_002280.png,months ashore while Pericles was refitting in the,,1.0
test_002281.png,bombs during the last war . Having deposited his,,1.0
test_002282.png,went in search of a drink . The lower bar was,Oink an aearh aka dre. ke tower bar 0,0.4222222222222222
test_002283.png,"empty , save for the lady known by all habitue",,1.0
test_002284.png,"interest to The George , unhappily destroyed by German","bile Le De Coorge, Mibappily doakoyed hy Ferman",0.42592592592592593
test_002285.png,baggage and unpacked his overnight-bag he,baggage and unpacked Mur crernght Aa Au,0.2682926829268293
test_002286.png,"So he put up for the night at The Admiral's Head , that","S% he put up fer the right at The Admiral; beod, Med",0.21818181818181817
test_002287.png,"famous Portsmouth hostelry , second only in historic","famous Ipitrmoith Rettelny, ateand only An hurherie",0.38461538461538464
test_002288.png,man who was staring moodily into a gin,(Man AWwhe das Alorng Ancodliy Anke ol atn,0.5789473684210527
test_002289.png,"*?2s as ' Seaweed ' , and a youngish , sharp-eyed","KL 6 w Seamed f Uda Youngir , pharp-tyea",0.42857142857142855
test_002290.png,and tonic .,,1.0
test_002291.png,"of the hotel . She greeted John , however , with less",,1.0
test_002292.png,than her usual cordiality and flashed a warning,,1.0
test_002293.png,"memory was good , so was this stranger's .","meny Wwe ated , Ae War Mu a beng",0.6428571428571429
test_002294.png,of the bar was not 6persona grata . If her,oh Me Lar war med Eporrone Grohe. df Mer,0.4523809523809524
test_002295.png,Seaweed's memory was prodigious ; her manner,"Seaused y (Mémorg, WA) predigucus - Hes Anavner",0.4772727272727273
test_002296.png,""" You 're Commander Winter , "" he said . "" Have a","""Uau'ge Commander biter Le “nid. Wave a",0.3673469387755102
test_002297.png,must have been worth a great deal to the proprietors,fut Aare Aeon Aer 0 gyeat dial Ao Me prepre ter,0.40384615384615385
test_002298.png,glance at him . Evidently the other occupant,ance ot 4um . Carelenkly the clher Cceupanf,0.36363636363636365
test_002299.png,"gin ? "" He turned to Seaweed -",gin? He Autned At Seanveed -,0.3
test_002300.png,"Youngest D.S.C. in the war , what ? Crawled","Yeungert D.¢.C.1n We war, Wak? Crawl",0.32558139534883723
test_002301.png,what ! ' - as the Guards officer said on his return,what! ~ a2 by Cavards bfecor pnid en ur Whisn,0.5098039215686274
test_002302.png,"from a visit to the Royal Navy . Submarines , what .","from adit Lethe ayal lbvg. Umarints , rtah",0.4230769230769231
test_002303.png,bomb . Should have been a V.C.,Avert eula Mave hen a KE,0.5666666666666667
test_002304.png,"habits . ' Drink gin and call each other wallahs ,","bolts. ""Pik gin aud call cach olles Wwillthe,",0.4
test_002305.png,""" Make it a large one , darling . I know the naval","Mahe itn Aarge one, datting | Lew My naval",0.36
test_002306.png,inside a submarine casing to defuse a Jerry,,1.0
test_002307.png,inherited desire to snub the man . If he did he,"Lier ked destre Ke anube Me Man, JH Le did Ke",0.40425531914893614
test_002308.png,"came to the rescue . "" You haven't introduced",tame he We Peoeue . ug CaS oe ae,0.6
test_002309.png,"obviously thirsty . "" John fought back his",ar ualy LMhipa ky John fright hack hes,0.4523809523809524
test_002310.png,the lounge or return to his bedroom .,,1.0
test_002311.png,Seaweed sensed his embarrassment and,Sea weed /twita sé. ontearracameny’ Cind,0.5555555555555556
test_002312.png,would have to leave the bar and either sit in,wUll bare fo Lave Ke Lar td ¢ bey 2th An,0.4888888888888889
test_002313.png,"What are you waiting for , darling ? The officer is","Matar Uru aading for, terting ? be oflecer 42",0.37254901960784315
test_002314.png,"yourself , "" she said with mock severity .",wourelf rhe raid mith aneck Atverdg,0.4523809523809524
test_002315.png,was . I 'm Ian Bawley . Does that mean anything,WY Jas Jan Kawtey . Leer tha “mean any ling,0.40425531914893614
test_002316.png,"fault entirely , "" said the stranger . "" It 's my conceited","fault entirely, “raid Me obeanger “tS, omg conceited",0.3220338983050847
test_002317.png,in the Daily Courier .,,1.0
test_002318.png,"to you ? "" It did . Ian Bawley's name was",he-yau? Wad. Jan Cawligl Tame Deer,0.5853658536585366
test_002319.png,"strangers - that 's right , John , isn't it ? "" "" My","pkrangers Abt ' gb ~ Jalon, smn 2° My",0.5576923076923077
test_002320.png,printed at the head of most naval articles,prenttd AM Kead Of mort arnl arkeete,0.4523809523809524
test_002321.png,""" It 's a rule on these premises . No treating with","toa guean Ure premeses, Ae Nreating ath",0.45098039215686275
test_002322.png,nature - I assumed that you both knew who I,patiure - Januned Mat Vou death benim be /,0.4883720930232558
test_002323.png,"otherwise than take it . "" Pleased to meet you ,","pthertise than teke 42.” Pleased te eet you,",0.22916666666666666
test_002324.png,"Commander , "" he said . "" Now what about that","Commander, he Aad . ; Nour wrket about thet",0.26666666666666666
test_002325.png,"drink ? "" John nodded - he could afford to buy",drink ae Jotn modoled — he couled afford te bey,0.2391304347826087
test_002326.png,one in return and he was lonely .,"one aun return or Ae Weg Lonely,",0.36363636363636365
test_002327.png,He held out his hand and John could not do,He tell out hes fond and John cold net ale,0.23809523809523808
test_002328.png,"Bawley ? "" "" A pressman is always on the job . ""","Bautey 2” "" A presoman a aluveys on the je",0.3541666666666667
test_002329.png,""" Oh , the Press , "" said Seaweed . "" Down here on business , Mr.",": Oh , the Press, * saiol Seuneed.” blown here Ore business, Mr,",0.26153846153846155
test_002330.png,"absolutely right , "" said Bawley , as he pushed over",absolute right Sak Baurdey as he pushed over,0.2692307692307692
test_002331.png,a Lieutenant-Commander . Perhaps we could,"a A seikpeiind Commerder, Perkop> we coulel",0.4634146341463415
test_002332.png,please don't address me as Commander . I 'm,,1.0
test_002333.png,all else . We pride ourselves about accuracy on,oll lb. Wve pricle ourselyes eubgut Maes | OTL,0.48936170212765956
test_002334.png,"his glass . "" Fill it up , darling . Accuracy above","his glory. Fill it vp, dlorting  Accumus above",0.3333333333333333
test_002335.png,"drop the rank - such a mouthful ! "" "" You 're",plrop the rank — Auch o meuthfl! © You're,0.26666666666666666
test_002336.png,""" For the sake of accuracy , "" he said , "" and I",for the soke of acouracy fe said “arch Q Res,0.4166666666666667
test_002337.png,know how you newspaper people value that commodity ! -,,1.0
test_002338.png,the Courier .,the Courier.,0.07692307692307693
test_002339.png,Ever known us bowl a wide about your Service ?,Ever Rnown us bowl a wide about your Servier?,0.06521739130434782
test_002340.png,"Somewhat embarrassing , what ? "" "" How can the","Soreuhed embarrassing, : what 2” - Heus COME the",0.3695652173913043
test_002341.png,"gin with relish . It was his favourite brand ,",gun ancth relish cle BY AAMiAy hiv feveurte branch,0.4782608695652174
test_002342.png,"his career , and his companion's attitude was",his cored onck his companions attitude wos,0.2222222222222222
test_002343.png,Check and counter-check - nothing but the truth .,"Chee on court-checfe - pething- but the truth,",0.2857142857142857
test_002344.png,"truth be embarrassing ? "" John sipped his double",truth be i aasiatae a fob sipped. hes deukte,0.3958333333333333
test_002345.png,challenging .,"challenging,",0.15384615384615385
test_002346.png,he was on the verge of a new chapter in,"he we, on the verye of OO new chopter in",0.15384615384615385
test_002347.png,Life at home and in Bath had been a,4A ibe at Aeoms an “an Bath hol beer a,0.37142857142857144
test_002348.png,"Bawley . "" The truth is usually very embarra-",Bowley — The truth ws usuctly very embotta-,0.2222222222222222
test_002349.png,He 'd never before met a pressman and,He oW Nerams” before met & presmon anc,0.32432432432432434
test_002350.png,"found him curiously stimulating . "" You 're a",feunoh hin curiously stimulating.” You're On,0.2222222222222222
test_002351.png,trifle too comfortable and humdrum .,"tri fe tev Com: far-tnky OuneXd Arvavdrvme,",0.6944444444444444
test_002352.png,said John .,,1.0
test_002353.png,""" You know a great deal about me , """,: Yow ye oe. greet olect about mets,0.4722222222222222
test_002354.png,"bit of a humorist , aren't you ? "" said","bit of BR Rumer ust, arent yew ‘ ” seid",0.3333333333333333
test_002355.png,"ssing . You 're in submarines , aren't you ? ""","saing Yow re an. submarines , cue n't you?",0.2826086956521739
test_002356.png,""" It 's my business . I 'll tell you more . You 're","e's my busuners , Yee telh you grote, Vow! re",0.45098039215686275
test_002357.png,"right ? "" "" Who told you ? "" "" Little bird .",pight 2° Who told you?” “Lib bird.,0.36363636363636365
test_002358.png,going to take over command of Pericles . Am I,bain to teRe over commend of Pericles. Am SL,0.2
test_002359.png,"Other half ? "" John nodded . "" On me . "" Bawley",Other Folf 2 John moodle.“ Orn are. Powtey,0.44680851063829785
test_002360.png,"'em up , darling ! ""","enA. UP, dlerting ce",0.65
test_002361.png,"shook his head . "" All paid for by His Lordship , ""","shook fris Reok, ACL pai for by His Lordship,",0.29411764705882354
test_002362.png,man with a couple of kids . Can't go wasting,mom weth @ Coupee of feids - Cont yo ainoiry,0.4090909090909091
test_002363.png,"he said . "" Expense account . You 're a married","fre seach. Expense aneurt , You're oo merricd",0.3829787234042553
test_002364.png,your substance on a complete stranger . Set,"Your substonte on h complete stranyer, Set",0.16279069767441862
test_002365.png,"why should you ? "" "" I see . "" John took the","hay ahold you? ""TV gee” Solu took Hu",0.45454545454545453
test_002366.png,"companion . "" You want me to talk , is that it ? ""","pana pauin. Yu wauk wu to tAk, ts Mat bF",0.54
test_002367.png,"John flushed . "" I 'm not in need of charity . "" "" Come",dus ushed.” nwa ua Mund ob chemly” Guns,0.6545454545454545
test_002368.png,"off it , "" said Bawley . "" The proprietor of the Daily","H\ it Suut ate, “The papi ¢ Hu Vou ly",0.6296296296296297
test_002369.png,refilled glass and looked over the rim at his,ld dass oma loolud wo Hu vim ak lus,0.5333333333333333
test_002370.png,"Courier knows what 's going on . If he doesn't mind ,",,1.0
test_002371.png,"in the shiny papers ? """,WW me aA] pages ©,0.6086956521739131
test_002372.png,"of course . "" "" On one condition , "" said John .",conse “Oe cae condlibicn” Bad Calan,0.6041666666666666
test_002373.png,"nothing to tell me , yet . But we 'll be meeting","wstiaony fo tdh wu, yi But well toe Asch",0.5833333333333334
test_002374.png,""" Tell me who the little bird was . "" "" Can't",“Ta war who War lke bud wes. Cousth,0.6
test_002375.png,"have dinner with me ? On His Lordship ,","hone dim with we. Gu ths Lovasher ,",0.4358974358974359
test_002376.png,"again , no doubt , and then you will have .",,1.0
test_002377.png,""" You misjudge me , "" said Bawley . "" You have",,1.0
test_002378.png,"Regard this as a softening-up process , and",red Hus ag : so ia “f 1 ee,0.6744186046511628
test_002379.png,you guess ? Whose portrait appears regularly,"eu guns? Whe se pola Ap plas really,",0.4772727272727273
test_002380.png,""" Robbie "" and friend ' , what ? You know the",Roba” oma frond; what? You Lanne Ht,0.5111111111111111
test_002381.png,"Service matters . ""","Yuwie, Mais)",0.7894736842105263
test_002382.png,"said John , "" but you can pay for my drinks",,1.0
test_002383.png,"contact , is our Robbie ; he gives us the gen and",,1.0
test_002384.png,"if you want to , as long as you keep off",,1.0
test_002385.png,""" You mean Munyard ? "" "" Sure . Very useful",Yn We and Mangan” “Suu. Very ust,0.5581395348837209
test_002386.png,"sort of thing . "" "" You 'll get nothing out of me , """,,1.0
test_002387.png,we give him the publicity . ' The Honourable,,1.0
test_002388.png,""" Good-oh ! One for the grill-room , darling , and","Geod-de\ em fov Ye allan dedivy, amd",0.6
test_002389.png,disposed towards each other .,Uspoud toads one curd,0.5517241379310345
test_002390.png,"tell George to bring in the 6carte du jour . """,,1.0
test_002391.png,Bawley was a man of his word . He kept,gery vat Ne ve ete eee,0.7631578947368421
test_002392.png,passed all too quickly . As they parted in,"passed all too idd, Ae Huy gaits iM",0.40476190476190477
test_002393.png,host and a splendid raconteur . The evening,"noel aaad 0. Splunk d racowteur, Te warring",0.4418604651162791
test_002394.png,the vestibule the two men were well,"Wu eh ble, Wa Loo Ma wore WLS",0.6285714285714286
test_002395.png,"away from Service matters , was an excellent","maa from ewe waders, was as Cella",0.4318181818181818
test_002396.png,lets me off the chain I 'll take you,lit me Ve cro (Ul bale yo,0.5277777777777778
test_002397.png,John took it and put it in his pocket .,"alu tock tb aud puck th (vr luis gockal,",0.5641025641025641
test_002398.png,"of the work is done . "" He held out a card .",,1.0
test_002399.png,give me a ring at this number and I 'll,pe WAL a ey a Hus muaaber oar 7,0.6410256410256411
test_002400.png,""" You should . Next time you 're in Town",,1.0
test_002401.png,take you round the pubs where most,Fale you vawmdl to Hu pubs lah Wot,0.5294117647058824
test_002402.png,""" Thanks , "" he said . "" If ever my missus",,1.0
test_002403.png,up on that .,,1.0
test_002404.png,""" Ever been to Fleet Street ? "" asked Bawley .",‘Laver bow to That Shred asked Barbi,0.5
test_002405.png,""" I shall be busy for a while , cleaning up after",A G shall be busy fer avhihe i Rearing uj after,0.22448979591836735
test_002406.png,lying in pairs alongside the jetty at Fort Blockhouse .,"Lying in pars alongside the vey af tore blockhouse.,",0.2
test_002407.png,""" I don't know when that will be , "" said John .","‘g don't Urano when that ill de ,* sacd Nolan .",0.3125
test_002408.png,Black and grimly businesslike they both looked and,Mac> and gvirnky busjnesslite ey both focke! gyrch,0.38
test_002409.png,Glad I met you . Don't forget to give me a ring -,Sad g met gou. don't fovgct to give me @& ns -,0.2653061224489796
test_002410.png,"Master bloody Munyard . "" THERE were six submarines ,","Master bloody Nunyard .” THERE weve Six submarines,",0.11320754716981132
test_002411.png,charged their electric batteries .,caused ter eectic babb-eres .,0.3235294117647059
test_002412.png,"sounded , for all of them were rumbling as they","Dunded , for all of tiem Were RumbLi n9 ag ther",0.2127659574468085
test_002413.png,"any time - knock twice and ask for Bawley , what ? """,any time - knock twice and asd fev bawfey 1 had = |,0.19230769230769232
test_002414.png,a substantial breakfast . Although usually a very,a subsartiall biatfast | tough; usually a ie,0.2857142857142857
test_002415.png,Turton noticed its existence as they sat in silence over,Turton noticed its exikaxe as they Sat 77 Slhence ever,0.21428571428571427
test_002416.png,talkative lady Madeleine respected her husband's,Pplbadue lady Uadeloine respected he husbandj 's,0.22916666666666666
test_002417.png,through the open windows of the Captain's house . It,Plough the open windows df the Cajolain’s house. It,0.17307692307692307
test_002418.png,A light wind wafted the smoke of diesel exhaust in,is Gant wind wooed the. Soke of diese Xk exharst in,0.32
test_002419.png,pervaded every room but neither Harry nor Madeleine,pervaded = room but neither Howrey nov Nadelo'ne,0.23529411764705882
test_002420.png,"silences , for she knew they betokened a worry of",Slences | for che Knew rey belo ened a Ory of,0.24489795918367346
test_002421.png,some sort .,Some SO rt,0.5454545454545454
test_002422.png,affair of Parsifal . Harry had lost a good deal of weight .,affaiv es Rusilal. Haxry hed lost a good dead of wegeprt,0.2711864406779661
test_002423.png,There had been many such breakfasts lately since the,| heve. hac beex were SU bieadfast s lalely since tHe,0.36538461538461536
test_002424.png,but she could see that it no longer came naturally .,bus she could sxe Hal jt no longev came matuvally |,0.19230769230769232
test_002425.png,"to experience such catastrophes as the loss of a submarine ,","© capevience sudy catasirgages as fre fess of a submarine,",0.26666666666666666
test_002426.png,It is the common lot of all Squadron Senior Officers,"It iS te commen, fot of of Nquadvex &nioy Officers",0.28846153846153844
test_002427.png,"His normal placid and steady-going manner remained ,","His nove’ jolacid and Steady aor WIANRMeEr revmai ned ,",0.38461538461538464
test_002428.png,far between .,Vay dehioeery :,0.6923076923076923
test_002429.png,though in peace time these happenings are few and,"Hough, in peace time. these Dafgpeni nas cLye feos and",0.2857142857142857
test_002430.png,This is the testing time for all . The affair blows up into,This io the. teshing Liye. for ald . (he a [faa blows ujo indo,0.2542372881355932
test_002431.png,usual and in fact had applied all the usual specifics,usuad aud in fect hacl applied QQ tre useeg @ goeci {7s,0.3584905660377358
test_002432.png,must present an unruffled appearance and carry on as,must picsent an unnafiled Ce fojpe@vemce OU carry on aS,0.36538461538461536
test_002433.png,"written letters to the bereaved , had visited many in the",oniten Liters fo toe bereaved had wisi ted many in tic,0.24561403508771928
test_002434.png,"locality , had been interviewed by the Press , had driven","Locality chad been frie viewed by toe Press , had dnvey",0.19298245614035087
test_002435.png,must continue as before . During this period the Captain,muss comtinue aS before. ‘Daring tis pevied te Gple'n,0.26785714285714285
test_002436.png,a national disaster and then when it is all over life,a national disusitv aud then when if i all ouw Ue,0.24528301886792453
test_002437.png,if nothing unusual has happened . Harry Turton had,{ nothing unusuakd has happened . Harry Turton had,0.08
test_002438.png,suitable for such occasions .,crite & fev sud) Occacjons.,0.4827586206896552
test_002439.png,his surviving submarines a good deal harder than,"his Surviving SUIMAVIHES aw good deak havde, than",0.3125
test_002440.png,"Jeannie 'll be on that coach , Dan . """,Jeannie LL he on Hiatk Couch / Dan .,0.3157894736842105
test_002441.png,thinking what a skill he had for reading,Hulul uheA a syll be lack for reeicl,0.525
test_002442.png,"near me . "" Yes , "" I said . "" It 'll be here to-",div We . L sala. ~ 1+ (20 he hoe +to-,0.5918367346938775
test_002443.png,He rode down to where I was waiting . I was,"le pode down to Uwe | Wa, wali - | Var",0.3953488372093023
test_002444.png,"for a hold-up as any , "" he said , reining in",Yor a Mold up aie) ws he jsorA (Pou Uy,0.5777777777777777
test_002445.png,"my mind . "" This would be as good a place","a, mud. “Ths wold he oo goock a plac",0.36585365853658536
test_002446.png,"morrow as likely as not . "" I paused . "" Miss",,1.0
test_002447.png,"in it . ""","bY, wane",1.0
test_002448.png,But I reckon they 'll be too busy shooting at,RuA Ifedwwn Hew LY he {eyo ay Baool~ oA,0.6222222222222222
test_002449.png,"in , Johnny . "" "" I know . But if lead starts",,1.0
test_002450.png,""" Yes , "" he said . "" I know . "" "" No harm must come","Yoo he ial [lwo , No Vann vuyt cove",0.5961538461538461
test_002451.png,"to her , Dan . "" "" She 'll be all right . It 's the","fo bw, Pan * She he ale WA Hy He",0.6078431372549019
test_002452.png,men who 'll be after that coach I 'm interested,mon hol pe afl Had (oar Iw wlodled,0.5531914893617021
test_002453.png,"flying she might be in danger . "" "" That 's so .","(lay fre wild he wn Aor"" “That So |",0.5833333333333334
test_002454.png,us to bother with the coach and the folks,"Wo 40 bob whe Me con OnyA Me pollo,",0.6097560975609756
test_002455.png,"turned the conversation . "" Let 's ride over",trick +ho cowry ~L4) pde cx,0.6818181818181818
test_002456.png,giving me one of his strange looks . Then he,"aa? Vo Ory of us lect loll, Then le",0.5909090909090909
test_002457.png,and have a look at the mining camp .,and lowe q lnk ak tHe i Carp,0.4722222222222222
test_002458.png,""" Maybe , "" I said . "" But we 've got to remember","Hay he,“ Load. ~ QUA we've 4 to (oremhy",0.5510204081632653
test_002459.png,"working for , as well as the townsfolk and","I Wr, a9 VR ay Hee forwofolk aro",0.5714285714285714
test_002460.png,"of responsible for her . "" "" Of course , "" he said ,",o ? pda pov ke (ow le. © Of ene * he Jad,0.5961538461538461
test_002461.png,"that girl all the time , Dan . I feel kind","Hud svt alk He dire, Pan. | fuer bind",0.47619047619047616
test_002462.png,"the agency detective . """,,1.0
test_002463.png,After all it 's them we 're supposed to be,"Ales alR Ys then, we ke JappaeA to he",0.42857142857142855
test_002464.png,I said . I watched him because I was always,"Y add Di wtedelatiol turer beccanre | Woy ior,",0.7674418604651163
test_002465.png,Dead . Shuffled out of the deck . Blasted,Mak. Stiff lad OA of fre kk . Rlarled,0.4634146341463415
test_002466.png,"last night . """,oA mad,0.9285714285714286
test_002467.png,With something of a start I remembered the,Witla somo oP « Ack ( raruteredA He,0.5714285714285714
test_002468.png,down with a shotgun outside the Palace,tow~ ith a ghohinn Ome Hx Palace,0.42105263157894735
test_002469.png,""" Maybe you don't know about Appleton ,",: Mn re ats don 4 loro ahoor A fy pt,0.6410256410256411
test_002470.png,"tried to surprise him . "" Dead ? "" he said . "" Yes .","“eed YO turpre Muy. “Deal?” be tal “Yeo,",0.5576923076923077
test_002471.png,"Dan ? "" "" Know what ? "" "" That he 's dead , """,bon? lt fhat 2 * That te ‘htael,0.6
test_002472.png,man who 'd brought us into this business .,wala: talad eo ah Wo rte Wain buninen |,0.6190476190476191
test_002473.png,fascinated by the way he looked when you,,1.0
test_002474.png,leading to the ridge . I followed . From the,Maclin fo tre dy . | (ollorcely trom He,0.4772727272727273
test_002475.png,"mining camp , "" he said abruptly . He wheeled",reduce) (ap | he sed atop up’) tp Sheclect,0.6222222222222222
test_002476.png,"Marshal , "" I added . His face was fixed ,","Kestral, | acdclod - Ho [ae LJ ts Pixed,",0.5714285714285714
test_002477.png,country that lay all round Gilburg Crossing .,Conan sy Her lo wh cond Alb Com.,0.6222222222222222
test_002478.png,""" Fenton or Somers , "" he said . "" Or the Town","""Fenton tr Joven * be. tud, “ Or He Dur.",0.5
test_002479.png,"unreadable as a rock . "" Let 's get over to the","Un(oadk abl a, a code. “(WHA qt over +0 pe",0.5319148936170213
test_002480.png,top you could see something of the wild hill,0 jo Ye Cork Je need Hoo old ludf,0.75
test_002481.png,his horse back off the trail and up the slope,,1.0
test_002482.png,miles . The real high country of the Rockies,"wley, The eal Warf aS uf tHe Rocduc,",0.5227272727272727
test_002483.png,The air was fresh and clear and you,The ar Wan kel and dey aed yun,0.4
test_002484.png,could see far over west and north for many,Cod ve fev we and wos fey a,0.5238095238095238
test_002485.png,"a vast stretch of hills , canyons , buttes and","& VGA (wah of bill, egos, buy and",0.5217391304347826
test_002486.png,malpais .,,1.0
test_002487.png,lifted up in the distance like a pale water-,Upkel wy ur He disana We & pate Waly,0.5454545454545454
test_002488.png,colour drawing . Between us and that lay,Colouys on Ven YW w&A Wied ay,0.65
test_002489.png,"into draws , circling a big mesa by a","ye Warr , ac cla on lon Mma a 1",0.6756756756756757
test_002490.png,the horses and drank enough to cure our,"He berye, And Warnlc cpor/, we tc ow",0.6410256410256411
test_002491.png,got hotter as the day wore on and we rested,GF ales do Hy ns wee orn Grek Le Poohe,0.6744186046511628
test_002492.png,"cut the trail leading from Gilburg to the north . ""","us He rat ead row, oie to Me noth.",0.5098039215686274
test_002493.png,""" The mine-workings lie north of the town , ""","The Pune ~ Wen, Lt no, af riz town , |",0.5111111111111111
test_002494.png,"So we swung west , making slow going over","So Wwe dhe Uy , vralury Jlow ao OoVvAs",0.6097560975609756
test_002495.png,"rough country , sliding on shale , climbing down",,1.0
test_002496.png,gratefully by a small creek where we watered,gsudetl ee a du gel ue Le Waleed,0.5909090909090909
test_002497.png,"said Dan . "" If we head west we ought to","ford Dan."" If ve leach weft wwe ofl te",0.4
test_002498.png,"four or five mile valley , sandy-floored . It",oy cy NE unde vail | Noraghg — lowcecd +,0.6888888888888889
test_002499.png,thirst .,,1.0
test_002500.png,We turned north into it and after about four,We tinnd nu Ar UrAc U ana efle O>0A for,0.5227272727272727
test_002501.png,we figured would lead to the miners' camp .,re (Lyre wort A lao do He nmunery corny.,0.5348837209302325
test_002502.png,miles it led into a small canyon which,puts U Ud Ihe a gel (ou whut,0.631578947368421
test_002503.png,over a fairly wide area working singly or,OVE lary rvAL opens aca oe a ar,0.7560975609756098
test_002504.png,opened out into a wide shallow draw .,opened 9-4 Uso 4 wilde challos dro |,0.35135135135135137
test_002505.png,in pairs .,wr pang,0.7
test_002506.png,Here in a dried-up creek-bed we found,Wek Oned -uyo coaek-hed Le fer,0.5675675675675675
test_002507.png,the miners at work . They were scattered,+g en tA welk. Thy LY YrQ ya oleh,0.65
test_002508.png,An hour's riding brought us to a trail that,br louwr Ad—~ ied Va us +0 «a fal Pred,0.6511627906976745
test_002509.png,"out , "" If you come any closer , I 'll sure blow","pA WP ge ore mF dine ""Ub 0 Blow",0.7083333333333334
test_002510.png,shack and as we got near someone inside bawled,,1.0
test_002511.png,"to him about what happened last night . """,SO ee eee ee Lapyured! Pe my,0.7560975609756098
test_002512.png,"your whiskers off . "" "" Take it easy , mister , "" I sang","fod whiter df © Tale A borg yall, Ma",0.6428571428571429
test_002513.png,got no whiskers so as you can see . Just you,,1.0
test_002514.png,We didn't approach unchallenged . Just short,Wo atdaA approad un hallo A WA chp,0.5227272727272727
test_002515.png,go and tell Nick Dowd we 've come to talk,40 And HM Wade Dowd we've Cong oO tale,0.43902439024390244
test_002516.png,"out . "" We don't aim to come any closer and we 've",,1.0
test_002517.png,of the diggings there was a roughly-built,,1.0
test_002518.png,"there 's gold and women there 's always trouble , """,,1.0
test_002519.png,was never long on patience .,WA Ni a tea po once :,0.7142857142857143
test_002520.png,"wavered . We sat our horses , waiting . "" Looks as",Wy OoWere S We jor ty Were | wa. lLovoly te,0.64
test_002521.png,peeking out through a hole in the shack never,peeluy oA Kreg oo lok Uv te Crack nuwy,0.5555555555555556
test_002522.png,"though they 're expecting trouble , "" I said . "" Where","Mtria(l Mra ire expe ck) oul |” ( youd, “ Ulue",0.6296296296296297
test_002523.png,"whistle then , loud and shrill . The gun barrel",,1.0
test_002524.png,"observed Dan , shifting about in his saddle . He",,1.0
test_002525.png,""" Oh , "" said the unseen guard . He blew a","bu” urd re Ler, gaerd H2 hho a",0.6428571428571429
test_002526.png,Mr. Copthorne knew a way round by the side,,1.0
test_002527.png,kind of sequence .,birt fh penance.,0.5555555555555556
test_002528.png,in a huddle upon an upturned wheelbarrow .,"han & Aen Ath te icin an pep buine of pybulbeitrory,",0.7857142857142857
test_002529.png,gasp it was scientifically supposed his whole,"aed at per te Vif <a Lh, Ponapo eer hs mrbet",0.6888888888888889
test_002530.png,were going on in his bewildered brain . When,were grne on wn bee Beintdlered Drawn. Alten,0.4090909090909091
test_002531.png,life came up before him in some cinematic,,1.0
test_002532.png,outbuilding where the grave digger kept his spades,,1.0
test_002533.png,of the church where there was a small open,,1.0
test_002534.png,"be open . It was . He entered , and seated himself",,1.0
test_002535.png,a man was drowning and towards his last,A mon . we Anwnthe avd Arak kK Left,0.6410256410256411
test_002536.png,and forks and tidying up implements . It might,,1.0
test_002537.png,His curious headgear fell off . Strange things,,1.0
test_002538.png,Walking out of the chapel later on . Continuing,,1.0
test_002539.png,"boy , then a young youth . He saw himself refusing",,1.0
test_002540.png,"on , his leaping mind flashed pictures of chi-",,1.0
test_002541.png,dly decadence and absorption in debase-,"ML, laacessce aust abgottan 1, baeze-",0.5897435897435898
test_002542.png,baptism according to the sect his parents belonged to .,,1.0
test_002543.png,Mr. Copthorne was on dry land in a church,a Cophbo-rie GVAI Ov oly ye Le Ha aes,0.6829268292682927
test_002544.png,"canery and corruption , the growth of the dea-",,1.0
test_002545.png,"outbuilding , but this was happening to him now . He",Oct ben haley Gut 4bis ims beppeet 42 bern gars. Fe,0.6538461538461539
test_002546.png,ment and Satanic debauchery .,,1.0
test_002547.png,"saw himself as a sulky , ugly , malformed , repressed","ie) beers! ALla & “bes 7 “pe, Mnclfncrtod P }Yfer Dot",0.7924528301886793
test_002548.png,was Mr. Copthorne all right . Perhaps he had,"Was [ty Cop thorue all cighé , Perhaps he haof",0.25
test_002549.png,speak normally .,peak dovinal ly.,0.4375
test_002550.png,"hunted eyes , as if the poor fellow had rocks in","hy fed eyes, as if *he poor feller had bocks /t7",0.22916666666666666
test_002551.png,"in London . Very strange his eyes looked . Mad ,","/a Ltiscalese: Very stray e his eyes looked. Vlad,",0.375
test_002552.png,"He didn't know what to make of it , but it","lhe Ardler + kv10W What te uate of vb, bak st",0.5476190476190477
test_002553.png,"his head , so the verger described afterwards .","lay 5 heed, so the ver ger descarbed of ker wards.",0.3191489361702128
test_002554.png,been attending some kind of fancy dress do,bee att ecadlited Sotwe keyurd of forcy olvess che,0.5476190476190477
test_002555.png,""" You 're very early about , sir , "" he said , trying to","(Joc ve very early about, si,” be sadd, keying fo",0.30357142857142855
test_002556.png,"the fourteenth century . """,,1.0
test_002557.png,"me , "" said Mr. Copthorne . The verger",,1.0
test_002558.png,to take a look at the church . I 've,IO haan te Ob C6,0.7777777777777778
test_002559.png,never been inside . Very remiss of,,1.0
test_002560.png,the thought came to me I 'd like,,1.0
test_002561.png,"as the dawn was breaking , and",,1.0
test_002562.png,"windows , sir , they date back to",,1.0
test_002563.png,""" Yes . I travelled down from London",,1.0
test_002564.png,"led the way in . "" The stained glass",,1.0
test_002565.png,and her luggage had disappeared and they were alone,"Ord ler luggage had dicoppaosed and Ana, were alone",0.23529411764705882
test_002566.png,"flights back . """,flights back.,0.1875
test_002567.png,"taxi . "" Just a moment , darling , "" Gavin pressed her","lox. , dust Q moment, daxling Gavin ereced her",0.2962962962962963
test_002568.png,"quickly through the customs . "" Gay ! "" "" Gavin ! "" The girl","Quickly through the cuBioms. , Gay!"" é Gavin!"" The Gc",0.23333333333333334
test_002569.png,"hand and smiled . "" I want to check up on the","rand Ard smiled. , | want 40 dwck UO On Ara",0.37777777777777777
test_002570.png,There were few passengers on the plane and Gavin was,"There, Were 4Qn possenqers on the plard ard Gavin Was",0.21153846153846154
test_002571.png,together . The porter brought Gavin's bag out to the,together. “The porter loraugnt Gavin's bag out to 4n2,0.17307692307692307
test_002572.png,went quickly back to fetch them .,,1.0
test_002573.png,"taxi , and then found that in","PEK, CHAAOL Lecce proeete ol , oe ae",1.0344827586206897
test_002574.png,of despair Gay knew that of course,Of Cle 2201 t- Seg fied CLV fh ot! G4 Coezs>¢,0.9411764705882353
test_002575.png,Gavin she had left her sun-,,1.0
test_002576.png,off the plane with him were talking .,ng he place tet Bian idler Yi ep,0.6216216216216216
test_002577.png,"pocket-book , with a sick feeling",,1.0
test_002578.png,the excitement of meeting,,1.0
test_002579.png,Gavin and the girl who had got,feces a1 he Pe 7 WAG fant gen,0.6666666666666666
test_002580.png,glasses on the veranda . She,POP fea On Be pererc.me. She,0.5714285714285714
test_002581.png,He was writing something in his,,1.0
test_002582.png,Gay went out to the waiting,base d WeLe.r Aet/ xo ¥lle Abeer 41g,0.9259259259259259
test_002583.png,"beach . A moon like this mustn't be wasted . """,wood. A woon Qilto Aus WuUsin'—t BO wosled |,0.5434782608695652
test_002584.png,He gestured towards the bay where the full,He Cannel AQRORs Mo “Oy Ware JLo pul,0.6190476190476191
test_002585.png,laid his hand on hers . Gay smiled at him,oud lus Lond an Wad . Ypy eusiled a bau,0.5121951219512195
test_002586.png,kisses she had seen him giving Elaine .,Wsso0s =o WOR eoon LuW Rring Claune,0.5897435897435898
test_002587.png,"only , yet remembering for a second the",Ny 2 Anantoanng er a Qeaand Ajo,0.6410256410256411
test_002588.png,now Gavin was in love with her and her,aes (pein wan An Love vai bor ¥ bar,0.5263157894736842
test_002589.png,"again , happy beyond belief , knowing that","Sal LOpPY age vacy, \unaIRIAD Mod",0.8333333333333334
test_002590.png,""" And then we 'll go for a stroll along the",ANA Moan wo QQ 90 Yor 0 ATO! Oy Ave,0.6511627906976745
test_002591.png,"moon was just rising over the rocks , then","WOON WO aa MBINg aor Wo rods , Men",0.6190476190476191
test_002592.png,"would never be jealous again , would even take Larry's advice and",,1.0
test_002593.png,"look the other way if need be . "" I say ! "" Gavin was looking over her","foot Me offer way  naad Qe."" say’ Gavun wre Looking aver Res",0.38571428571428573
test_002594.png,"lovely , she 's French , a very well known model I believe .",Povey mw) “rend Q vay well Pnow moctel 1 Gedune,0.5
test_002595.png,"All that was part of the past , she would put it behind her . She","OW Mod wor parr of Re pant, ARe woul! pul 4 Bduncl hor. Re",0.46153846153846156
test_002596.png,"shoulder . "" That 's a pretty girl ! "" Gay glanced behind her , "" Isn't she","Boulter, ""Thako a prlly que’ "" ay glanced! Belinot Tor, , danA he",0.4533333333333333
test_002597.png,"Lilyan remonstrated . "" They want to be","He. lyon cepted SMClL CL , (Met Adteet¢ se b¢2",0.8205128205128205
test_002598.png,"can't find a table for two . ""","tl920¥ goon a hitte foe tuo,’",0.6666666666666666
test_002599.png,"cafe*?2 , "" Doc said , "" they are packed","pe fd,"" hiAO. ill, “Mey Ae LHe",0.675
test_002600.png,sitting just inside having coffee .,,1.0
test_002601.png,tonight so come and join us if you,Keven gl SO COe7e Bo Vimsad LOI YS Paad,0.9117647058823529
test_002602.png,"boy friend , "" Doc called . "" No , Doc ! ""","bey feted,” loo ceetled. ""No, lec /7",0.47619047619047616
test_002603.png,"alone . "" "" I 've booked a table at the","datovtl.° "" / ""jt toottd 2 feel e 226 ter",0.6153846153846154
test_002604.png,"Gay , a little puzzled , went through","Jey , Le ~lle fRGf OL, ME Lf: cece le",0.7837837837837838
test_002605.png,to the bar . Doc and Lilyan were,40 fhe ba. LC Aud Ae by? Wwec€,0.59375
test_002606.png,""" Come and join us and bring your",,1.0
test_002607.png,Gay thanked him and walked out on to,AO Raoxkeed bun Quad o0hela Oh ar. lo,0.75
test_002608.png,As Gay watched he offered the girl a,,1.0
test_002609.png,"She looked round scanning the tables ,",,1.0
test_002610.png,"then caught her breath , a cold hand",ae ee OCA QA A> fr R Ose a A ee,0.7777777777777778
test_002611.png,hers in an intimate way .,,1.0
test_002612.png,seated at a small table in a shadowy,"ALARA OANA DG JAUAK Nob Lx, a Madoro4",0.8055555555555556
test_002613.png,corner talking animatedly to Simone .,"CO A R4 Lotte 2.0, OLA Lacey Lo AURROAL -",0.8918918918918919
test_002614.png,had bought a drink and taken it outside .,LO LOa.Q+Q dAHrke aud lokreu il arhkiadk,0.7073170731707317
test_002615.png,"cigarette and lit it , his hands cupping",A Qaserme Orscs JW 1d A Rauch Cupp lug,0.7
test_002616.png,seeming to clutch her heart . Gavin was,ALAR AAO) SO C&rlokr Le 2 park Fox hon,0.8717948717948718
test_002617.png,the terrace thinking that perhaps Gavin,JEK {e4-Q.02 Moke rg Kot celaps Goss,0.6923076923076923
test_002618.png,"Doc , while she wanted to do no more than",,1.0
test_002619.png,"but she turned away , giving a little",,1.0
test_002620.png,"gesture of hopelessness , knowing that her",YAMANE OL KOPP tay fer owssrg sat Lu,0.7857142857142857
test_002621.png,"run upstairs to her room , knowing that",,1.0
test_002622.png,"Gay stood irresolute for a moment , half",Joy alood A*R6OkNR Lor O acres Racf,0.625
test_002623.png,"loved her , was already flirting with a girl","FORAA 2%, 1304 CLreacde LRU ig pik a Quit",0.6818181818181818
test_002624.png,decided to go back and join Lilyan and,,1.0
test_002625.png,"Larry's advice flashed through her mind ,",LOwrty4A achice Lak pA Wvaugt A.B rpc,0.6585365853658537
test_002626.png,Gavin although he had told her that he,OAs OH LOwgh Lr Vad ferd Pw ipasr L4,0.6842105263157895
test_002627.png,that he had only met a few minutes before .,,1.0
test_002628.png,as Gay drew out a chair and sat,,1.0
test_002629.png,"that Larry had given her , while she","M1Ae ABeceg Ata antes ALE, tutrle flee",0.7777777777777778
test_002630.png,"anything , "" Gay told herself desperately ,","Pr2yllecer? , . JY AMA LeecSe Vi AAuLG ,",0.7906976744186046
test_002631.png,The others were all dancing and,,1.0
test_002632.png,"Simone on to the floor . "" It doesn't mean",,1.0
test_002633.png,trying to understand Gavin's point of,Ay peg 40 @ricter SWla21 joe foot Of,0.7837837837837838
test_002634.png,view and remembering the advice,,1.0
test_002635.png,felt wretched beyond words .,,1.0
test_002636.png,"down Gavin , without a word , swept","Pocre foe , Bttb OLY CB Wwe, Steg",0.7714285714285715
test_002637.png,"to help her control her feelings . "" Come and",ee fhe: Le Johny: “Come and,0.6222222222222222
test_002638.png,with the cigarette packet which lay on the table,wh erpareh pect wer ay on. fla table,0.4791666666666667
test_002639.png,ging a smile .,fe a 2,0.7857142857142857
test_002640.png,taste but it was unkind beyond words . She fumbled,aay a i wet pakiod bey enol words. (ZL fom bled,0.46
test_002641.png,"lifeline and Gay got up quickly , mana-",Lf a aud & yer “e pre$y haweia =,0.7435897435897436
test_002642.png,His behaviour was not only boorish and in the worst of,hi Lehaviour Wat nef gnly ee aud tha worst of,0.37037037037037035
test_002643.png,"dance , "" Doc's cheery voice came as a","farce, = Poet chesry voice Came ae a",0.2894736842105263
test_002644.png,not wanting to smoke but needing some action,Lad ie hs trofke L./ mee aly (ome ade,0.6363636363636364
test_002645.png,and no doubt he would come back soon and,Ve 410 Aoubt dic bYOn1 lof Choc baclk O47 LIA,0.75
test_002646.png,"would make love to the French girl on the sands ,",Would nule love fo phe (ral? gurl alt tle Scat;,0.46938775510204084
test_002647.png,kisses on the way back to the hotel .,boce UE bay Lacle ky hose raf,0.6756756756756757
test_002648.png,after Simone had left expect her to accept his,afer Siaane hacl Ll expect her Ao acppr beg,0.32608695652173914
test_002649.png,and Simone go through the doorway that led,aul S/uane 9° Viragh pac Powrenry Haat fel,0.5476190476190477
test_002650.png,down to the beach . Gay closed her eyes for a,"own to bbe beacly, Gay closed her GE for 2",0.24444444444444444
test_002651.png,As he swung her on to the floor Gay saw Gavin,Ag he sansa A lik ov to phe Moor bay SAW/ Gayivr,0.4888888888888889
test_002652.png,moment in disgust . She was fully aware that Gavin,pronnt i oh. sgust _ She wo tily aware hoa t Cavin,0.38
test_002653.png,"mentally adolescent cad . "" "" Oh , Doc ... "" Gay protested",neal adalescost ead? ‘Ch Dae. * Cay prdlesled,0.4827586206896552
test_002654.png,Sentence Database P02-109,Sontewve Dabbase [P O2 -10 a,0.44
test_002655.png,"weakly , "" you don't know Gavin . "" "" I 've only met him","wea Ky "" Vou er Bec ban"" ""Ty only met tim",0.48214285714285715
test_002656.png,today but I think I can safely say that I know,bodeg ed Fn Lees obily oa thee Foe,0.6521739130434783
test_002657.png,"heart out over ? "" Doc nodded towards the door . "" You","bend a over 7"" Doc nade towards the dogy me You",0.3148148148148148
test_002658.png,-----------------------------------------------------,IONICNICE L/aglaodsce,1.0
test_002659.png,""" And that 's the man whom you have been eating your",,1.0
test_002660.png,"him a great deal better than you do . """,ce a areal des Leller than You 7 ’,0.41025641025641024
test_002661.png,"may consider him a man , I would say he was a","see cet bon a man, i would Say he Was a",0.35555555555555557
test_002662.png,who doesn't care two jots for your feelings .,Who GO%En'l Care wo 908 fer yo Peching?,0.4666666666666667
test_002663.png,thought you were sensible too . Don't,hat ght you were sarsthle foo. lLen't,0.35135135135135137
test_002664.png,If he behaves like this now what is your,if te behaves lke tis fow what 15 your,0.175
test_002665.png,"fine girl , intelligent , and pretty , and I had","Pine girl j inteligent , ane pretty , and 1 had",0.10416666666666667
test_002666.png,make a fool of yourself over someone,WIGKE 9 foo) of yourself Tver Sorp7cOn7e©,0.4444444444444444
test_002667.png,yourself away on a chap like that . You 're a,"yourself quiay On a cha? like thal, vouyve a",0.26666666666666666
test_002668.png,"Gay , and don't even contemplate throwing","Gay , Wd en t Cx? con terrplal © row) of",0.4878048780487805
test_002669.png,"Doc gave her hand a shake . "" Wake up","boc Gave her hand a shixke. , Wake uP",0.1891891891891892
test_002670.png,married life going to be like ?,raed hfe young jo Le tke =,0.41935483870967744
test_002671.png,glad to be able to occupy herself .,,1.0
test_002672.png,dining together . She opened her bag,,1.0
test_002673.png,"letter . She drew it out and opened it ,",,1.0
test_002674.png,was behaving since they had seen them,sk Aekorins pyuicc the hod geen thom,0.4594594594594595
test_002675.png,Doc asked Lilyan to dance and once,“Dec arhel Sits bh dane anol ance,0.47058823529411764
test_002676.png,to get out her compact and saw Grace's,H gh ot ky company anol Rew Cprace's,0.42105263157894735
test_002677.png,"feeling self-conscious and awkward , sure that","Gren, Akh - conscious anol aurhwarl , Ane Ait",0.4782608695652174
test_002678.png,people were talking about the way Gavin,,1.0
test_002679.png,again Gay found herself alone at the table,agen Gor Lanol Aes alan ak the fait,0.5
test_002680.png,He 's getting on well but is pretty helpless still with his,He s aetna on welt bul prelly hdefon ee with ky,0.4576271186440678
test_002681.png,""" So glad that you are having such a lovely time , dearie , ""","‘So atad Rat you ane having puch a Kovels time, deane,”",0.26229508196721313
test_002682.png,and have been over to sit with her father and do what,"ant Rove been oven ko sit wilh Ker falke, ant do what",0.20754716981132076
test_002683.png,"it ran . "" Your cards are lovely . I rang up Miss Harland","wk pan. * Your cords ane tovely 4 Rano, up Jha HanPand ere",0.42105263157894735
test_002684.png,I can for him so that she can get out to do her shopping .,S can fon Kirn so frat phe can ag oul te do hen shoppeng,0.29310344827586204
test_002685.png,broken arm .,bn onen aQnm,0.5833333333333334
test_002686.png,No other news except that Elaine is engaged,Ne 0 Cher hews excepf EC lacine es engaged,0.3023255813953488
test_002687.png,with at her party . That was why,With ab ber puely. Tad Was why,0.3125
test_002688.png,knew why Gavin had come to see,K pew why Gavin had Come (o See,0.2
test_002689.png,Gay read the rest of the letter then put,bay | read 6 he rest f bh C.tler put,0.4
test_002690.png,"Everything was quite clear now , and to",,1.0
test_002691.png,to the man she had spent so much time,bo the Mit che bocl spew SG much hime,0.3783783783783784
test_002692.png,Gavin had come back to her .,Laitih hacl ca 4 & ber,0.6071428571428571
test_002693.png,"and going to marry a foreigner ... ""","aud geting , motty a fereymer ... ;",0.3611111111111111
test_002694.png,her .,Ie p,0.6
test_002695.png,"it back in her bag . Elaine was engaged ,","Ne hae w Ler bag i ee Was engaged,",0.3902439024390244
test_002696.png,rather a sense of relief now that she,ba they Qa Sense of tehef tow bel she,0.35135135135135137
test_002697.png,"her own surprise Gay felt no heartbreak ,",her CWhH Suprise boy fell Pho breartbreak,0.36585365853658536
test_002698.png,for Gavin at the way he was behaving as she,Foy Gown al the bua » Le tuas Belang AS She,0.46511627906976744
test_002699.png,"understand , knowing that Gay was as much ashamed","Underslord , Known Thal Gay Wat ar Mech shame",0.32653061224489793
test_002700.png,""" That is a pretty dress , "" Lilyan commented , obviously sensing","The! ‘fa pret x chen | a commented, oburousy Se asing",0.4307692307692308
test_002701.png,Because she was second best . The others came back,Secause She Woes seconel besd. The otheer came back To,0.28
test_002702.png,"knowing that they were real friends , even if they were new ones .","Sito Lining thet the» wee yeal ,evte fF the, wem Rew ones",0.45454545454545453
test_002703.png,"Gay's distress and in a way that Doc , as a man , could not","Says Aisery Gad (aa way tha) Doe 74S afECra, Could nol",0.423728813559322
test_002704.png,"she felt happier . Gay loved them for their warm sympathy ,",Feit happr . bay Loued # Ler Far thes Us gira Syrypat /,0.5084745762711864
test_002705.png,"to the table , all of them making a fuss of her and at once","Th2 table ,all oF them aati a fuer of her and al ouce She",0.3220338983050847
test_002706.png,was hurt for herself .,wos ber! for her sel F,0.3181818181818182
test_002707.png,one has to know something about fishing,Onn Was sees lekeus Se oss} sues,0.7435897435897436
test_002708.png,I don't think I 'd go to Edinburgh un-,L ect +ile \V'A ze he CAlneu rain Us -,0.7105263157894737
test_002709.png,"take my pick , whereas in Yarmouth",Vobse ae CIWe ces “A NYaunoulk,0.7058823529411765
test_002710.png,"be a doctor , and I already know",Ke rN Aocler | ora \ WN readin (roo,0.59375
test_002711.png,"home , or perhaps a student studying to",Wane or Qevays Cx Qadak wud teases,0.6666666666666666
test_002712.png,""" There are all sorts of wonder-",leg ale ah Sask ok eas,0.65625
test_002713.png,less I was a Scot and wanting to get,lags Leos a Seok aid ae cy,0.5833333333333334
test_002714.png,ful jobs in London and I could,BAAN oees in Canton aanck \Veoarch,0.6666666666666666
test_002715.png,and in Liverpool they 'd want sea-farers .,ad ae laye Qas\ rary Toh wo Sean forery.,0.6190476190476191
test_002716.png,"all about that . """,- Ad te,0.8333333333333334
test_002717.png,"Sometimes they talked on the theme of "" when we get married "" ,","Sometimes they tale on the theme of “when we a maied” ,",0.1746031746031746
test_002718.png,"and then all was wonderful , and perhaps it had only been",aNd then all was vende fut ; ANA pecnaps it had omy beerc,0.2631578947368421
test_002719.png,"that lark , I can tell you ! ""","thai lan, JT can teu ypu |",0.4
test_002720.png,"a slip of the tongue when Nigel had said , only last","a Lip of the Lik’: wad when er had Gaid , ake, Last",0.40384615384615385
test_002721.png,"She was engaged to Nigel , had been for two years .",She was ae 6 to ss ae _ had been fer nal? cain,0.45098039215686275
test_002722.png,"evening , "" If we get married , old girl , you 'll have to stop","ELENING oy we aa married , old gic, cpu # have 10 stop",0.4126984126984127
test_002723.png,been standing in for Luke Parsons at his surgery in,llr cau to qr luke fastens at lui dures Wu,0.5686274509803921
test_002724.png,Little Phelpham .,ite flullnaur.,0.5882352941176471
test_002725.png,She couldn't remember what they had been talking about or,fe culdr't real alla? May lial bear alt about Ww,0.5087719298245614
test_002726.png,"with it was coupled a disembodied fragment of information ,","pills if lia ceupltd @ dicea roc feytat of lypruahear,",0.5932203389830508
test_002727.png,"which ' lark ' she would have to stop , only that significant tiny","yliic ask’ Glee wdc bit b fig , uly laf iu faut hig",0.6363636363636364
test_002728.png,which now took on an ominous significance : Nigel had been,uid wow % feok au quinthe Eu face Mel Lan bee,0.5689655172413793
test_002729.png,"word shouted into her very soul a horn of warning , and","wad dutta Jub Ler yey dal a tan OF eidg , dua",0.5454545454545454
test_002730.png,seen in Farlingham on an occasion he had sworn he had,llr ji Fly bad tu an oansicn le lad qa le baht,0.5660377358490566
test_002731.png,the situation would have been intolerable,the eloation Would Lave sean tUroleiadl,0.34146341463414637
test_002732.png,when she was not free ; this much they had,Whew Sle wos Kot Pree j this vwaucls They Lad,0.35714285714285715
test_002733.png,about their relationship . So when Nigel,asout thew ralatouslup. So vwoheu Nivel,0.325
test_002734.png,Now Nigel had every right to go where he,Hows Nivel acl cers nyt to se whe ke,0.45
test_002735.png,had there not been some give and take,bad thore vet beau Re oucl tale,0.4864864864864865
test_002736.png,liked during his off-duty periods,U bedl deseo daring TONS off did percdls,0.6666666666666666
test_002737.png,had told her about taking Luke's,aac told ler about tain Luke's,0.15625
test_002738.png,conceded one to the other . They rarely,"Coucedad our to tHe otters, They ee",0.358974358974359
test_002739.png,"found they were off duty together , and",found They WeTR off ty Ryethos . aud,0.3333333333333333
test_002740.png,"evening surgery she had said ,","RUeLrtag al aie ste Vad Scud,",0.6333333333333333
test_002741.png,"of variety and it 's a change . "" Nigel was the hospital's",Or VAbreTDY ANDO IT A QHWCE. * We WAS THE pesPNAT'S,0.7586206896551724
test_002742.png,"he shrugged diffidently , "" I like the work . One gets plenty","KE ffOuct DEE OLINTW,* 1 like JHE NRL, OnE AEN (4VO",0.7213114754098361
test_002743.png,asked hopefully .,,1.0
test_002744.png,"suppose , to meet me for supper somewhere ? "" she had","(HOE, Io WET me fe qupree pwenteve 29° Ste HO",0.6037735849056604
test_002745.png,"Junior Medical Officer . "" You won't be free about nine , I","fnie Imbitae, oFetceR. “fon WONT & FeEE ABOaT NIM, |",0.711864406779661
test_002746.png,""" Bless you ! I hope Luke is suitably grateful , darling . "" "" Oh , well , ""","‘BE 4 / | hope lakt & SuiTARgeg CRA TEF HL, POUNGE. a Ob, Wit, i",0.6842105263157895
test_002747.png,"I 've got to see 'em . If I am free , though ,","ve aot to Ce on K | am free , neil /",0.45652173913043476
test_002748.png,""" Hardly likely , my sweet . Luke's surgery goes on for",Huvly ely poy sweet. Luke's oe! — Oy fe,0.4727272727272727
test_002749.png,"I 'll give you a ring , O.K. ? "" O.K. , "" she had",Ul we you «iy 0. K 2 0K.’ sh Lia,0.5918367346938775
test_002750.png,replied readily . So how could Nigel have,"pepred veadily, SS ewe coul A Uicel ave.",0.3902439024390244
test_002751.png,dancing with a blonde at eight-thirty that,Law ottng witl aA blonde a ct bithy tlt,0.47619047619047616
test_002752.png,"hours . If they get in before eight-thirty , even",,1.0
test_002753.png,"though they 're standing on one another's toes ,","Soo Wanylee standing Oy OUR abothey ' Toes,",0.4583333333333333
test_002754.png,"been at the Load of Trouble roadhouse ,","beth at the Load of Yvouble voad loute ,",0.20512820512820512
test_002755.png,very evening ?,,1.0
test_002756.png,"face , Di , but it certainly looked like","face 4, hat ct certailg tokio the",0.425
test_002757.png,"NUF 121 . "" "" He probably loaned his car","WU F 104° , fretatlly Anenen A Car~",0.65
test_002758.png,""" No , "" she told Phil Gubbins , a junior","Me, he Aol (hit Gilling, a gucnior",0.4634146341463415
test_002759.png,Nigel from the back . D.j. and all .,"Mig ck from Nee acke , ZY acc all",0.4722222222222222
test_002760.png,"Young Gubbins shrugged . "" I didn't see his","Youcreg Jel tie alruggid., V dil 4 te Me;",0.6046511627906976
test_002761.png,"to somebody , Phil . He 's always doing that . """,,1.0
test_002762.png,"to go into the Load of Trouble . """,Me. 90 wate Me doadl of Lrowle.*,0.5294117647058824
test_002763.png,Of course such as I couldn't afford,LL couse uc a? J Cnlha Fh after,0.5142857142857142
test_002764.png,"houseman , "" it wasn't Nigel you saw ,","AOUALLUOP? , , Le gon 4 Miyel ee Ten,",0.7105263157894737
test_002765.png,"my lad . "" "" It was Nigel's car , anyway .",,1.0
test_002766.png,"With a blonde , too . Imagine ! "" Nigel was frowning . He","Wilk a Ldende , too - Imagine Ve Mgt Was Frawmun sy . He",0.3684210526315789
test_002767.png,"mouth , an act of devotion he didn't over-indulge .",Maud | dm ack oy duwoktion he diakm’ t Tver — Un duals,0.5490196078431373
test_002768.png,"suddenly in an upsurging of relief , "" that stupid",Suddemly tram upsirsna of relic * yak Shp oh,0.48
test_002769.png,Gubbins boy thought he saw you at the Load of Trouble .,Gulia s Oey Yount he Sonu nae OK the good af Troadte .,0.45454545454545453
test_002770.png,""" 5Ye-es ? "" he lowered his eyes and kissed her on the","""s We-es Me, Dovstned. Kis engs cond Rised her on the",0.4074074074074074
test_002771.png,handsome at other times .,hOmdsame ok othe tumes,0.36
test_002772.png,""" What about it , my sweet ? "" "" Well , "" she laughed","“laid aboauk ik na Sreek 2° “Wl,” she Gas’ eck",0.6037735849056604
test_002773.png,looked distinguished when he frowned ; boyishly,Looked dishoroueshedt When he \raomed | Seyish he,0.3829787234042553
test_002774.png,""" Gubbins ? Gubbins ? "" he fretted . "" Who 's he ? """,,1.0
test_002775.png,"he now demanded . "" What was he",,1.0
test_002776.png,"member of the staff , distinguished or not ,",tnZen fe ef Le @§ 4A YZ CfA ngee Kem OD bee,0.7727272727272727
test_002777.png,Nigel often had to think hard to sort,,1.0
test_002778.png,"doing at the Load of Trouble ? """,2oOr ug at Lia Loacl of Vrowe & an,0.53125
test_002779.png,"them out . "" He 's the carrotty lad , isn't he ? """,,1.0
test_002780.png,Though Diana knew the name of every,,1.0
test_002781.png,""" Don't be such a baby ! "" They were going",: Qo} Ne DM O Brotey Uy WAS own,0.6904761904761905
test_002782.png,to have an open quarrel,,1.0
test_002783.png,"joking , Nigel . "" "" You shouldn't joke",\RMY WES Yer skrortdinat Yorrs,0.7948717948717948
test_002784.png,""" But I want it ! "" she protested . "" It 's my ring . """,Rad Ved Hoe Deed e's Wy ey,0.7454545454545455
test_002785.png,""" You just gave it back to me . "" "" I",,1.0
test_002786.png,didn't ! I was joking . You know I was,,1.0
test_002787.png,"any minute , and she knew it .",,1.0
test_002788.png,"about serious things like engagements . """,,1.0
test_002789.png,"Almost in desperation she appealed , "" Will you meet","Nurosh (nr okespuctvon Ske appeatect , © WA you weet",0.4230769230769231
test_002790.png,"he told her , and suddenly seized her in an embrace",AQ to \h ngs Ormco Sudele wy Scitech Les tnan ewmbuce,0.5882352941176471
test_002791.png,"kissing somebody else's girl , "" he decided wickedly ,","KASSimroy Sow-etoocdy else's anil le HH Licked wickedly ,",0.48148148148148145
test_002792.png,receive a sharp slap for his pains .,ERiveG QA SherP Slay ter hak Pains.,0.5
test_002793.png,"me up for tea , of course . I just thought . "" "" I 'll see , ""","Wre ve Go dea , of Course. + just Haovey bet, tt Ser,",0.5
test_002794.png,"me at the gate , four o'clock tomorrow ? "" "" Why ? "" he",WR ak the Ope Gor ochek eae *Wiay 2 he,0.6
test_002795.png,"enquired , combing his thick , tawny hair . "" To bring",,1.0
test_002796.png,"which really hurt . "" Without your ring it 's just like",WACK realy Vnuld. . aie Brees Wove ig v¥'S \ust Coke,0.5818181818181818
test_002797.png,"and kissed her again , somewhat startled to","OH oh Kassed lLAgs ADRNN, Some Walk, SA AL of 2",0.7906976744186046
test_002798.png,"what you 'd get , "" she flashed at him , and","What Your of get, ' She Floshedl of Lirica, Pete",0.5
test_002799.png,"out of his sight . "" Mine , "" Nigel Lester had","oak of bis SYGhE, a ry (Wis el Ket kor hod",0.5869565217391305
test_002800.png,"decided with a sigh of satisfaction , and",Sec oes wit @ 51Gb Of CHIN f2 Ch per ced,0.6341463414634146
test_002801.png,then regarded the ring which he retrieved,V then segae ofc o/ phe lief Wieh 4e fE41CVEM,0.6829268292682927
test_002802.png,which had followed her slim young figure,hier hod pllawed hep Slur young figure,0.275
test_002803.png,with some bitterness .,Wifly sOu7e Or OF iUOLS,0.8636363636363636
test_002804.png,"so had left him , on her dignity and not",SO hak Left Ve Cr er Sign ke Oud L710 F,0.6
test_002805.png,""" If I were somebody else's girl that 's",df T were sew body efoe 's gith fhatk > |,0.425
test_002806.png,seeing the look of admiration and revelation,,1.0
test_002807.png,"from his pocket . "" At a price , "" he concluded ,","bic Gee Peoke# : (YE @ PCE, “Ae Core Set HA.",0.7346938775510204
test_002808.png,"there was just time to smoke a cigarette ,","thee 101 fk Aune fo anole a cigacethe,",0.42857142857142855
test_002809.png,hospital .,"Avaputal,",0.6
test_002810.png,"They often had such a rendezvous , for",,1.0
test_002811.png,Sentence Database P03-189,dombemece Datatase PQS - 442,0.56
test_002812.png,"if one walked slowly , between road and","y Arie balhel Abort, bekroeter oak | god",0.6410256410256411
test_002813.png,steely . ' I see . ' Scorn lashed his,,1.0
test_002814.png,badly - at any price . I hope,,1.0
test_002815.png,"His mouth hardened , his eyes became",,1.0
test_002816.png,Truth ! ' His gaze held hers,,1.0
test_002817.png,you are satisfied . ',,1.0
test_002818.png,words . ' I wonder you dared trust,,1.0
test_002819.png,him to my care . ' ' Nicholas - ',trwon te peg Care “Nichrbar ~',0.6363636363636364
test_002820.png,masterfully . ' You wanted it so,,1.0
test_002821.png,' Well ! At least I know the truth .,Mell! At afo [ hero fle brH.,0.5555555555555556
test_002822.png,vulsion that was homicidal .,,1.0
test_002823.png,"mantle , and said with such","partle, And Pat Werth zuct",0.4444444444444444
test_002824.png,"And as he spoke , the thought","And a2 be gpeke, He tov",0.41379310344827586
test_002825.png,he put back his professional,Ae pot back Lag tofers ot,0.42857142857142855
test_002826.png,tied . He dare not precipitate,,1.0
test_002827.png,room filled him with a re-,,1.0
test_002828.png,"icy politeness , such withdrawn",,1.0
test_002829.png,"Even in that , his hands were",,1.0
test_002830.png,of Philip lying in the other,if Wiehe Lyeny cx the PEs,0.5714285714285714
test_002831.png,coronary . And in that second,Ne aa rues,0.896551724137931
test_002832.png,what might well be another,,1.0
test_002833.png,will contact your new doctor,pl Contack yous lLitey~ Hector,0.5
test_002834.png,"his # prescription pad , and",,1.0
test_002835.png,"# scribble on it . Then ,",,1.0
test_002836.png,' I will leave you the necessary pre-,,1.0
test_002837.png,"waistcoat pocket , take out",,1.0
test_002838.png,he tore off the leaflet and,,1.0
test_002839.png,"with a gesture she knew so well ,",Irth a_getnce he ken 70 toed,0.5151515151515151
test_002840.png,scription for the sedatives . You,ys - xi “ ie of,0.7878787878787878
test_002841.png,when you reach your parents',jyten Gor reack Yous parent’,0.35714285714285715
test_002842.png,house . ' She watched him flick,,1.0
test_002843.png,his fountain-pen from his,Len forentan spew from Be;,0.48
test_002844.png,thing - not even friendship .,,1.0
test_002845.png,him . She couldn't hate him ...,,1.0
test_002846.png,"him go , unable to speak , she",,1.0
test_002847.png,felt that part of her was leaving,"ped Hat pod of be wa, har,",0.5151515151515151
test_002848.png,with a deadly finality . Watching,"Yt, a doa, frabty Mtb,",0.6060606060606061
test_002849.png,"' Good-bye , Sandra , ' he said","Yoo bye, fandca, Le oarct",0.5161290322580645
test_002850.png,If only he would have con-,,1.0
test_002851.png,"fided in her , given some expla-",,1.0
test_002852.png,nation . Now there was no-,"Aki e, | / oar (l2Le bien Chee",0.8846153846153846
test_002853.png,a hand and grasped hers .,,1.0
test_002854.png,solace in that fact at least .,"Qetla-~ce te load fact at Caf,",0.5333333333333333
test_002855.png,"the word . Nicholas , Philip ...",,1.0
test_002856.png,peace of mind ? Philip put out,[2eace of fren ? Vhslags poet rot,0.5
test_002857.png,He needed her . She would find,,1.0
test_002858.png,Love . She revolted against,,1.0
test_002859.png,"words : ' I love you - oh , you",,1.0
test_002860.png,"where was happiness , or",,1.0
test_002861.png,She went back to Philip . But,,1.0
test_002862.png,know that well enough . ',,1.0
test_002863.png,all she could hear were Nicholas's,,1.0
test_002864.png,what they were saying . Sandra,"whad lay were Payiny, Lenka",0.4
test_002865.png,"given her . ' I 'm sorry , darling . '",,1.0
test_002866.png,She had her truth . How much had built,She lad bes truth. bpro ipl Cel bell,0.47368421052631576
test_002867.png,talking to Nicholas and wondering,"polhi_, te Niklas tact won etn,",0.48484848484848486
test_002868.png,I knew he was responsible for,aap OK ttapdwncntil hous,0.7931034482758621
test_002869.png,said instinctively : ' I told him,"Q2~4l lecotin ctr ek,’ pot ba",0.7878787878787878
test_002870.png,"up from that first ideal , and how",,1.0
test_002871.png,"little joy , or satisfaction , it had",,1.0
test_002872.png,He looked nervous . It had been,"Me Cow hed ur, va, Jo lat beer",0.5806451612903226
test_002873.png,Beryl's death . ',"becg€'s Aeatl,",0.5882352941176471
test_002874.png,"hell lying there , knowing she was","Wk Cyriry Mere, krone 7 kk boa,",0.6470588235294118
test_002875.png,you sure that she was telling the truth ? ',,1.0
test_002876.png,disbelieve the facts . ' Elation,"As» belle Hefach, Eletor",0.59375
test_002877.png,no matter how one might want to,Le trates lrvry one nett wat bo,0.5483870967741935
test_002878.png,Her eyes darkened in torment . ' Are,"fs eye, obackensol v. torment Ar",0.4722222222222222
test_002879.png,touched him after the cold wind,"Penched hiv, afffes the cold lial",0.3548387096774194
test_002880.png,"' Good heavens , darling , why on earth",,1.0
test_002881.png,to see what comes out at the inquest .,,1.0
test_002882.png,"should she lie ? Besides , it wasn't just","Dhorwltd Le C2 Berrole, A evar. 4p",0.7073170731707317
test_002883.png,"her word . There was enough evidence ,","As pord here we, Leraigh Cnide ce ,",0.42105263157894735
test_002884.png,of suspense . ' It will be interesting,,1.0
test_002885.png,will matter most . ' Strange how just,pill mates Mmerd.'rrape hors pry],0.5405405405405406
test_002886.png,"will be truthful , but what he leaves out","prlll te truth, bot what lhe Leaves out",0.2682926829268293
test_002887.png,then Philip was so certain that Nicholas,"fle Vntbsy wa,20 actor Hat Nikole",0.625
test_002888.png,Sandra too deeply to ruin her,,1.0
test_002889.png,origin of her recent illness . His notes,,1.0
test_002890.png,future happiness . Had ever circum-,,1.0
test_002891.png,he 'll confine himself to the nervous,"hel corps hae bf Fe He avon,",0.5945945945945946
test_002892.png,would never betray him . He loved,,1.0
test_002893.png,Philip's spirits soared .,Pl Leyy's amt Sheek iil,0.8
test_002894.png,What his story will be . I reckon,,1.0
test_002895.png,stances conspired so cunningly ?,"Whine. , Com pescol Cemreseyly ?",0.75
test_002896.png,Something in Sandra's attitude struck,Some Hieng oe ‘“s Motte hack,0.5675675675675675
test_002897.png,"can you ? ' ' Forgive is an unctuous ,",,1.0
test_002898.png,He was better ; he had made a,"Khe ure, tetas. Le back made a",0.5517241379310345
test_002899.png,miraculous recovery and Sandra would,"Von tuber, reconery ol keel Mee of",0.6944444444444444
test_002900.png,' You can't forgive him for this -,Yor Can U foopve Lom for I<,0.5
test_002901.png,"patronizing word , ' she replied . ' I despise","pitomae, wordy rhe rpled. Tauynd,",0.5869565217391305
test_002902.png,the deceit . The lies . ',,1.0
test_002903.png,certainly looked after his own .,,1.0
test_002904.png,"him suddenly , making him say :",,1.0
test_002905.png,"soon be his wife . The Devil , he thought ,",,1.0
test_002906.png,purpose than the throwing of dust in his,preepose Vjac Foe joing of Seal b Sx,0.525
test_002907.png,"the original colour of his own natural vowels ,","He orien a C colo, of Sos Oe-« deal lowe,",0.5106382978723404
test_002908.png,"His digressions too , seemed to have no other",las Hipressip as i. - Denna he he CO 2 ata.,0.6222222222222222
test_002909.png,a grey superimposition of respectability over,C2 Pox Spe danpros: leon of ragsec hols Ef Ove,0.6666666666666666
test_002910.png,"just dusty-grey but muddy , slimy even .",foal desl ges CA sasiaglele. hoa Lor,0.8
test_002911.png,"the fake friend of the family , like the",ke foke french of ke truly 9 Ie,0.5
test_002912.png,"client's eyes , the dust of fake security , of","chee. bs eS , a Laas of fohe Pm Tg GE",0.6304347826086957
test_002913.png,"the result being somehow as ineffective , not",Ae ele Hl Leag So<nc luce Qs ise feclree j uae,0.6444444444444445
test_002914.png,"His voice was like his black and pin-stripe ,","Hs) Spec Wel Lada o G3 an pin -S$ ine,",0.6222222222222222
