filename,reference,prediction,cer
test_000000.png,"assuredness "" Bella Bella Marie "" ( Parlophone ) , a lively song that changes tempo mid-way .","assuredness "" Bella Bella Marie "" ( Ralphone ) a lively song that changed tempo midway .",0.07526881720430108
test_000001.png,"I don't think he will storm the charts with this one , but it 's a good start .","I don't think he will storm the charts with this one , but it's a good start .",0.012658227848101266
test_000002.png,"CHRIS CHARLES , 39 , who lives in Stockton-on-Tees , is an accountant .","CHRIS CHARLES , 33 , who lives in Stockton-on - Tee's , is an accountant .",0.056338028169014086
test_000003.png,Become a success with a disc and hey presto ! You 're a star ... . Rolly sings with,Become a success with a disc and key presto ! You're a star ... Rolly sings with,0.04819277108433735
test_000004.png,"Tolch , as he is known in Tin Pan Alley , likes songs with a month in the title . He wrote","Folch , as he is known in Tin Pan Alley , lives songs with a month in the title . He wrote",0.022222222222222223
test_000005.png,""" My September Love , "" the big David Whitfield hit of 1956 .","Mr. September Love . "" The big David Whitfield hit of 1956 .",0.09836065573770492
test_000006.png,He is also a director of a couple of garages . And he finds time as well to be a lyric,He is also a director of a couple of gorges . And he finds time as well to be a lyric,0.023255813953488372
test_000007.png,"writer . He writes with Tolchard Evans , composer of "" Lady of Spain "" and other big hits .","writer . He writes with Tolchard Evans , composer of "" Lady of Spain "" and other big hits .",0.0
test_000008.png,"The numbers include "" Scotland the Brave , "" "" Men of Harlech , ""","The numbers include "" Scotland the Brave ? "" "" Men of Harlem , """,0.046153846153846156
test_000009.png,"Fay Compton stars in "" No Hiding Place "" (I T V , 9.35 p.m. ) .","Bay Compton stars in "" No Hiding Place "" ( CITV. 9.35 p.m. ) .",0.1111111111111111
test_000010.png,She plays the possessive mother of a man whose hobby revolves,She plays the possessive mother of a man whose hobby revolves,0.0
test_000011.png,round a doll's house .,round a doll's house .,0.0
test_000012.png,"THREE people will be hypnotised in tonight's "" Lifeline ""","THREE people will be hypnotised in tonight's "" Life-line """,0.017543859649122806
test_000013.png,"( B B C , 10.15 ) .","cribe , 10.is ) .",0.47368421052631576
test_000014.png,""" McNamara's Band , "" "" Greensleeves "" and "" English Rose . ""","Mr. Niagara's band , "" "" Greensleeves "" and "" English Rose . """,0.11475409836065574
test_000015.png,of Rhodesia and Nyasaland ( 10.30 p.m. ) .,"of Rhodesia and Nyasaland Co.30,000 ) .",0.21428571428571427
test_000016.png,They will be asked to comment on the design of everyday articles,They will be asked to comment on the design of everyday articles,0.0
test_000017.png,"playwright Arnold Wesker . "" Instead , Muggeridge's appointment","playwright Arnold Walker . "" Instead , Muggeridge's appointment",0.031746031746031744
test_000018.png,such as a chair and a motor-car . The idea is to see what happens when,such as a chair and a motor-car . The idea is to see what happens when,0.0
test_000019.png,will be with Sir Roy Welensky the Premier of the Federation,will be with Sir Roy Welensky the Premier of the Federation,0.0
test_000020.png,parts of the mind not normally available without hypnosis are used .,parts of the wind not normally available without hyposis are used .,0.029411764705882353
test_000021.png,"I T V have postponed Malcolm Muggeridge's "" Appointment with","I TV have postponed Malcolm Muggeridge's "" Appointment with",0.016666666666666666
test_000022.png,"success last night in I T V's "" Private Potter , "" his","success last night in ITV's "" Private Potter , "" his",0.037037037037037035
test_000023.png,man could only be regarded as a machine .,man could only be regarded as a machine .,0.0
test_000024.png,"date . "" ACTOR Tom Courtenay was an outstanding","State . "" ACTOR Tom Courtenay was an outstanding",0.0425531914893617
test_000025.png,the switch because of the topicality of African,the switch because of the typicality of African,0.02127659574468085
test_000026.png,essay on soldiering which stated that a fighting,essory on cold-eating which stated that a fighting,0.125
test_000027.png,"Say Granada T V , the producers : "" We decided to make","Say Granada TV , the producers : "" We decided to make",0.018518518518518517
test_000028.png,first big T V part . The play was a brilliantly-written,first big TV part . The play was a brilliantly-written,0.01818181818181818
test_000029.png,affairs . The Wesker interview will be seen at a later,officifairs . The Wesker Interview will be seen at a later,0.1111111111111111
test_000030.png,"craggy face , and obstinate , baffled eyes . They stripped","graggy face , and obstinate , baffled eyes . They stripped",0.017241379310344827
test_000031.png,claimed he had seen a vision of God - only the padre and his,claimed he had seen a vision of God - only the padre and his,0.0
test_000032.png,"Potter screamed during an action , and was arrested . He","Potter screamed during an action , and was arrested . He",0.0
test_000033.png,"him of his ugly battle-dress , to leave him for","When others ugly battle-dress , to leave him for",0.14893617021276595
test_000034.png,vision .,visory .,0.375
test_000035.png,"what he was - Potter , a frightened boy who had a","What he was - Bitter , a frightened boy who had an",0.08163265306122448
test_000036.png,"C O believed him . Courtenay played the part with a gawky ,","to be lived him . Courtenay played the past with a gawky ,",0.1016949152542373
test_000037.png,Northern defiance . The cameras played continuously on his,Northern defiance . The cameras played continuously on his,0.0
test_000038.png,to the European Common Market .,to the European Common Market .,0.0
test_000039.png,"scene , ranging from pubs , the Eton wall game ,","scene , ranging from pubs , the Eton wall games",0.041666666666666664
test_000040.png,"Dennis Brogan , Shelagh Delaney , and Alan Sillitoe .","Dennis Brogan , Shelagh Delaney , and Alan Sillitore",0.05660377358490566
test_000041.png,"The film replaced "" What 's My Line ? "" and "" Be My","The film replaced "" What's My Line ? "" and "" Be My",0.0196078431372549
test_000042.png,British personalities . Among them - Professor,British personalities . Among them-Professor,0.043478260869565216
test_000043.png,The film covered a wide aspect of the British,The film covered a wide aspect of the British,0.0
test_000044.png,"Guest "" programmes because of an electricians'","Guest "" programmes because of an electricians """,0.043478260869565216
test_000045.png,"of an American T V reporter , Eric Sevareid , and","of an American TV reporter , Eric Sevareid , and",0.02040816326530612
test_000046.png,strike . It showed Britain today through the eyes,estrike . It showed Britain today through the eyes,0.02040816326530612
test_000047.png,Britain was slipping behind ... .,Britain was sleeping behind ... .,0.06060606060606061
test_000048.png,to make the strongest criticisms . He said,to make the strongest criticisms . He said,0.0
test_000049.png,Shelagh Delaney and Alan Sillitoe attacked,Shelagh Delaney and Alan Sillitoe attacked,0.0
test_000050.png,"that in the race of the modern nations ,","that in the race of the modern nations ,",0.0
test_000051.png,education . It was left to reporter Sevareid,reducation . It was left to reporter Severoid,0.06818181818181818
test_000052.png,other chums sniffing the wind and,other chums sniffing the wind and,0.0
test_000053.png,offering to drop by for a chat .,offering to drop by for a chat .,0.0
test_000054.png,arrived two hours earlier by appointment,arrived two hours earlier by appointment,0.0
test_000055.png,to talk to the author of Borstal Boy and,to talk to the author of Borstal Boy and,0.0
test_000056.png,"The Hostage about his new work , if any ,","The Hostage about his new work , if any ,",0.0
test_000057.png,and who is now being pluckily convivial,and who is now being pluckily convincial,0.05128205128205128
test_000058.png,"has rung a couple of times , calls from","has run a couple of times , calls from",0.02564102564102564
test_000059.png,to fight off the frustration . The telephone,to fight of the frustration . The telephone,0.022727272727272728
test_000060.png,ALSO present is a London journalist who,ALSO present is a London journalist who,0.0
test_000061.png,the Synoptics can be reasonably solved by paying due regard to the time and,Mr. Symptics can be reasonably solved by paying due regard to the time and,0.06666666666666667
test_000062.png,"plan and to the different public for which , or against which , the author wrote .","plan and to the different public for which , or against which , the author would",0.06097560975609756
test_000063.png,The third article excluded any allegorical interpretation of the Gospel .,The third article excluded any allegorical interpretation of the Gospel .,0.0
test_000064.png,The second said that the problems which arise from the comparisons with,The second serial that the problems which arise from the comparisons with,0.056338028169014086
test_000065.png,Fourth Gospel by explanations based on assumed textual dislocations . The,Fantil Gospel by explanations based on assumed textual Matractions . The,0.1506849315068493
test_000066.png,There is a whole group of theories which attempt to explain the problems of the,where is a cutate group of thorias cut it attempt to explain the problems of the,0.17721518987341772
test_000067.png,"could of the chaos by placing the fragments , or sheets , or pages , in order .","could at the chaos by placing the fragments , or sheets , or pages , in order .",0.02531645569620253
test_000068.png,present state of the Gospel is the result of an accident-prone history . The,present stuck at the Gospel is the result of an accident - prone history . The,0.09210526315789473
test_000069.png,"accidentally damaged . An editor , who was not the author , made what he","coccidentally damaged . In editor , who was not the author , much what he",0.08333333333333333
test_000070.png,"original was written on a roll , or codex , which fell into disorder or was","original was written on a roll , or cookx , which tell into disorder was",0.08
test_000071.png,showing that such changes are part of a,showing that such changes are part of a,0.0
test_000072.png,how this enlargement was effected nor has he,how this enlargement was effected nor has he,0.0
test_000073.png,The one real weakness of the Commentator's,The one real weakness of the Commentator's,0.0
test_000074.png,this is possible it is necessary to examine the,this is possible it is necessary to examine the,0.0
test_000075.png,"he has not , until now , been able to exhibit exactly","he has not , until now , been able to exhibit exactly",0.0
test_000076.png,been able to explain the textual movements by,been able to explain the textual movements by,0.0
test_000077.png,"case is that , in common with all his colleagues ,","case is that , in common with all his colleagues ,",0.0
test_000078.png,text of the Gospel .,text of the Gospel .,0.0
test_000079.png,simple and coherent plan . To understand how,simple and coherent plan . To understand how,0.0
test_000080.png,wording . It is not possible to establish any one,according . It is not possible to establish any one,0.061224489795918366
test_000081.png,THE Fourth Gospel was almost certainly,THE Fourth Gospel was almost certainly,0.0
test_000082.png,Gospel represents the work of generations of,Gospel represents the work of generations of,0.0
test_000083.png,scholars who have compared the many manu-,scholars who have compared the many man in-,0.07317073170731707
test_000084.png,written in Greek . A modern text of the,written in Greek . A modern text of the,0.0
test_000085.png,which is most likely to have been the original,which is most likely to have been the original,0.0
test_000086.png,text with absolute precision .,text with absolute precision .,0.0
test_000087.png,scripts of John and worked out the version,scripts of John and worked out the version,0.0
test_000088.png,paragraphos markings were omitted . C. H. Roberts is of,poragraphes markings were omitted . C.H. Roberts is of,0.05454545454545454
test_000089.png,"The bar was the commonest marking , but others","The bar was the commonest working , but others",0.043478260869565216
test_000090.png,"some markings would be used , although which , it is","Some workshops would be used , "" Ough which , it is",0.23076923076923078
test_000091.png,impossible to say .,impossible to say .,0.0
test_000092.png,were also used . Dots sometimes served in place of the,where also used . Oots sometimes served in place of the,0.037037037037037035
test_000093.png,"bar , and there are cases where spacing is used as","door , and there are cases where spacing is used as",0.06
test_000094.png,the opinion that in the original of the Fourth Gospel,the opinion that in the original of the Fourth Gospel,0.0
test_000095.png,it is now used to mark a paragraph ending . Frequently,it is now used to work a paragraph ending . Frequently,0.037037037037037035
test_000096.png,the original of the Gospel would be unmarked . The,the original of the Gospel would be unworked . The,0.04
test_000097.png,Professor E. G. Turner is inclined to take the view that,Professor E. G. Turner is inclined to take view that,0.07142857142857142
test_000098.png,about one third of a page of Souter's print .,about one third of a page of Souter's print .,0.0
test_000099.png,manuscripts . A common size of column would hold,Thousands . A common size of column would hold,0.16666666666666666
test_000100.png,columns . This is the invariable practice of ancient,columns . This is the invariable practice of ancient,0.0
test_000101.png,"whether paragraphed or not , would be laid out in","whether paragrophed or not , would be laid out in",0.02040816326530612
test_000102.png,"original of the Gospel , whether written on a roll or codex ,","original of the Gospel , whether written on a roll or codex ,",0.0
test_000103.png,a simple and serviceable book . It was robust - the number,a simple and sex-icable book . It was robust - the number,0.05172413793103448
test_000104.png,an easy form of book in which to find a,can easy form of book in which # to find a,0.07692307692307693
test_000105.png,reference .,reference .,0.0
test_000106.png,The edge of this sheet was attached to a wooden dowel,The edge of this sheet was attached to a wooden clowel,0.03773584905660377
test_000107.png,this - and it was easily stored . It had two disadvantages . It,this - and it was easily stored . It had two disadvantages . It,0.0
test_000108.png,and the sheet wound round this central pin . The roll made,and the sheet wound round this central pain . The roll made,0.017241379310344827
test_000109.png,which have survived the centuries is ample evidence of,which have survived the centuries is ample evidence of,0.0
test_000110.png,"was generally a single-sided form of book , and it was not","was generally a single-sided form of back , and it was not",0.034482758620689655
test_000111.png,"overwhelmed Herculaneum and Pompeii in A.D. 79 , his","obverwhelmed Herculanem and Pompeii in A.D. 79 , his",0.038461538461538464
test_000112.png,the elder Pliny tells of the use of papyrus in roll-making .,the older Pliny tells of the use of papyrus in roll-making .,0.016666666666666666
test_000113.png,The other form of book was the codex . In this the,The other form of book was the codex . In this the,0.0
test_000114.png,they are in modern books .,they are in modern books .,0.0
test_000115.png,sheets were bound together down one edge much as,sheets were bound together down one edge much as,0.0
test_000116.png,information is contemporaneous with the New Testament .,information is contemporaneous with the New Testament .,0.0
test_000117.png,"ecclesiastical circles . In his Natural History , 13 . 11-12 ,","cedesiasocial circles . In his Natural History , 13.11.12 ,",0.14516129032258066
test_000118.png,As Pliny was killed in the eruption of Vesuvius which,As Pliny was killed in the eruption of Vesuvius which,0.0
test_000119.png,This last objection might have had some weight in,This last objection might have had some weight in,0.0
test_000120.png,"the roll , a sheet could easily be glued on .","the roll , a sheet could easily be glued on .",0.0
test_000121.png,whether or not a particular text was written on,whether or not a particular list was written on,0.06382978723404255
test_000122.png,might be bulky . It is sometimes possible to tell,might be bulky . It is sometimes possible to tell,0.0
test_000123.png,Against these advantages the codex was fragile and,against these advantages the codex was fragile and,0.02
test_000124.png,"writing , but any papyrus left unused at the","writing , but any papyrus left unused at the",0.0
test_000125.png,a roll or a codex . Rolls were prepared for,a roll or a codex . Rolls were prepared for,0.0
test_000126.png,end could be cut off . If the text was longer than,and could be cut off . If the text was longer than,0.02
test_000127.png,The codex form was not so accommodating . Even,The codex form was not so accommodating . Even,0.0
test_000128.png,while one whole side of his roll was unused .,while one whole side of his roll was unused .,0.0
test_000129.png,"over the binding , or the whole codex rebound .","over the binding , or the whole codex rebound .",0.0
test_000130.png,"The verso of the roll was blank , and one","The Verso of the roll was blank , and one",0.024390243902439025
test_000131.png,"in the case of the single-sheet quire , an extra","in the case of the single-sheet quite , an extra",0.020833333333333332
test_000132.png,"sending out his Gospel lacking the ending ,","sending out his Gospel lacking the ending ,",0.0
test_000133.png,"cannot think of an author , Mark for example ,","cannot think of an author , Mark for example ,",0.0
test_000134.png,sheet glued on might have to be gummed on,sheet glued on night have to be gumped on,0.04878048780487805
test_000135.png,in it the reservoir ... and I made both the,"in it the learvain . "" And I made both the",0.18604651162790697
test_000136.png,"construction in lines 9 , 23-25 of the Moabite Stone ,","remortraublah in line . It is the Neabite Range ,",0.5185185185185185
test_000137.png,which read : And I built Baal-meon and made,which read : And I but # Bail-mean and made,0.11627906976744186
test_000138.png,A natural transition from gardens and,a national transition from gardens and,0.10810810810810811
test_000139.png,reservoirs for water inside the town .,reschools for water inside the barn .,0.21052631578947367
test_000140.png,the rock . King Mesha of Moab boasts of their,"the beach , King Masha of Idaho boats of their",0.24444444444444444
test_000141.png,supply . The pools are probably natural springs,simply . The pods are probably natural springs,0.0851063829787234
test_000142.png,enlarged to become reservoirs or cisterns in,an longed to become reservoirs or cipleums in,0.18181818181818182
test_000143.png,orchards to the vital question of water,an clands to the vital question of water,0.1282051282051282
test_000144.png,"the Shmah , loves the Lord God with","the shmah , loves the Lord God with",0.02857142857142857
test_000145.png,is the Shamir and such a man fulfils,as the Shamir and such a man full films,0.1111111111111111
test_000146.png,"prayer says : "" What am I ? A worm "" , he","proser says : "" What on I ? A worn , "" he",0.17073170731707318
test_000147.png,"all his heart , and with all his soul and",all his heart and with all his soul and,0.04878048780487805
test_000148.png,"word "" SHAMIR "" means guarded or preser-","word "" SHAMIR "" means guarded or present",0.05
test_000149.png,"ved . Therefore , the real man , who","ved . Therefore , the real man , who",0.0
test_000150.png,with all his might and studies the,with all his night and studies the,0.029411764705882353
test_000151.png,"regards himself as insignificant , as the","regards himself as insignificant , as the",0.0
test_000152.png,word of God .,word of God .,0.0
test_000153.png,The word Shamir was used as a,The word Shamir was used as a,0.0
test_000154.png,personal name ( Git. 68a ) . The Hebrew,personal name ( Gitt. 68a ) . The Hebrew,0.02564102564102564
test_000155.png,us earthly creatures to build an Altar,us earthly creatures to build an Altar,0.0
test_000156.png,"This man is the worm , the creature that",This man is the worn the creature that,0.075
test_000157.png,"to mould our character , to melt our",to mould our character to melt our,0.05555555555555555
test_000158.png,Such a Shamir possesses the real acid,Such a Shamir possesses the real aid,0.02702702702702703
test_000159.png,self against all the irrelevant pleasures .,self against all the irrelevant pleasures .,0.0
test_000160.png,for God to come nearer to God .,for God to come nearer to God .,0.0
test_000161.png,a man is the Shamir that guards him-,a man is the Shamir that guards him-,0.0
test_000162.png,cuts and polishes Altar-Stones . Such,cuts and polishes . Altar-stones . Such,0.08108108108108109
test_000163.png,heart of stone . This Shamir helps,heart of Stone . This Shamir helps,0.029411764705882353
test_000164.png,facts . And these creatures existed from the,facts . And these creatures existed from the,0.0
test_000165.png,"beginning . It is "" the stone , which the builders","begrimning . It is the stone , which the builders",0.08
test_000166.png,"of the corner "" . ( Ps. 118 , 22 . ) And the stone shall","of the corner ? ( ( Ps. 118 , 22 ) And the stone shall",0.07142857142857142
test_000167.png,tell !,tele . ',0.6666666666666666
test_000168.png,The action of the Shamir writes books and their,The action of the Shawir writes books and their,0.02127659574468085
test_000169.png,"diamond that incises the hardest rock , the hardest","didiamund that incises the hardest rock , the hardest",0.058823529411764705
test_000170.png,books are readable . This Shamir is indeed a rare,books are readable . This Shamir is indeed a rare,0.0
test_000171.png,"refused , but it is to become the head-stone","refused , but it is to become the head-stone",0.0
test_000172.png,"crushing our soul "" ( see Hab. 2 , 10-11 ) . And it is","crushing our soul "" ( see Hab. 2 , 10-11 ) . And it is",0.0
test_000173.png,"Lord , as the waters cover the sea . "" ( Hab. 2 , 14 . )","Lord , as the waters cover the sea ? ( ( ( Hab. 2.14 ) . )",0.16071428571428573
test_000174.png,""" For the stone shall cry out of the wall "" , like",""" For the stone shall cry out of the wall "" , like",0.0
test_000175.png,filled with the knowledge of the Glory of the,filled with the knowledge of the Glory of the,0.0
test_000176.png,"creak in answer "" "" if the roof of our security is","break in answer "" "" if the roof of out security is",0.04
test_000177.png,"through the Shamir : "" That the earth shall be","through the Shamir : "" That the earth shall be",0.0
test_000178.png,"Baalam's ass , "" and the purlin of timber shall","Baglaw's ass "" and the purlim of timber shall",0.10638297872340426
test_000179.png,the Light which can be read in every,the Light which can be read in every,0.0
test_000180.png,They make us the Altar for God to emit,Shey make us the Altar for God to emit,0.02631578947368421
test_000181.png,a deep impression on our feelings and senses .,a deep impression on our feelings and senses .,0.0
test_000182.png,"of life , and all facts are "" one "" . We have all","of life , and all facts are "" one . "" We have all",0.04081632653061224
test_000183.png,"most important creature , that was created on","myout important creature , that was created by",0.08888888888888889
test_000184.png,"Sabbath , real peace to the whole world .","Sabbath , real peace to the whole world .",0.0
test_000185.png,"language . The Shamir is the "" seventh "" and",playgage . The Shawir is the ' seventh ' and,0.13636363636363635
test_000186.png,"which is written on two plates , the hard facts","which is written , by two plates , the hard facts",0.0851063829787234
test_000187.png,"the eve of the Sabbath , to bring the","the eve of the Sabbath , to bring the",0.0
test_000188.png,"The Shamir's daily life writes the Decalogue ,",The Shamfir's daily life writes the Decalogue,0.06521739130434782
test_000189.png,come across human Shamirs and they leave,"roupe , across human Shamirs and they leave",0.125
test_000190.png,"diligently unto my commandments , which I command",diligently up to my company depends which I campaigned,0.30612244897959184
test_000191.png,"shall come to pass , if 1ye shall 1hearken","shall come to pass , if the shall that they",0.21428571428571427
test_000192.png,"your soul . "" This may seem very good , but there","your soul . "" This may seem very good , but there",0.0
test_000193.png,is something deficient .,is something deficient .,0.0
test_000194.png,serve Him with all your heart and with all,scene thing with all your heart and with all,0.16666666666666666
test_000195.png,"you this day , to love the Lord your God , and to","you this day , to love the Lord your God , and , to",0.04081632653061224
test_000196.png,"Then the whole earth will be His Altar . "" And it","They the whole earth will be his Altar . "" And it",0.04081632653061224
test_000197.png,"Lord God with all their visionary power ,","Lord God with all their visionary power ,",0.0
test_000198.png,"summons of destiny , to solve the economic","summons of destiny , to solve the economic",0.0
test_000199.png,the work will have to be done by each,the work will have to be done by each,0.0
test_000200.png,mind together we cannot solve the further,imind together we cannot solve the further,0.024390243902439025
test_000201.png,"Jochai ( Tanis 6a ) "" if Israel does not fulfil","Jockai ( Tanis Ga ) "" if Israel does not fulfil",0.0425531914893617
test_000202.png,"the wish of the Lord , failing to serve the","the wish of the Lord , falling to serve the",0.023255813953488372
test_000203.png,Under such conditions without putting your,Under such conditions without putting your,0.0
test_000204.png,problems . Hence says Rabbi Simeon ben,problems . Hence says Rabbi Simeon ben,0.0
test_000205.png,"individual "" .","individual "" .",0.0
test_000206.png,"gratify selfish aims , then each man will gather-in","gravity selfish aims , then each man will gather-in",0.0392156862745098
test_000207.png,"for himself only , instead of all to help to gather your","for himself only , instead of all to help to gather your",0.0
test_000208.png,"and visionary power is not united , man will remain in his heart","and visionary power is not united , man will remain in his heart",0.0
test_000209.png,"They will not work in union . If physical power , spiritual power","They will not work in union . if physical power , spiritual power",0.015384615384615385
test_000210.png,"corn , your wine and your oil .","with , your wine and your oil",0.1935483870967742
test_000211.png,selfish and think only of one's personal advantage to,Selfish and think only of one's personal advantage to,0.018867924528301886
test_000212.png,our duty ) . Of course the individual will,"our duty ) , of course the individual will",0.047619047619047616
test_000213.png,"freedom from fear , fear of starvation in the",freedom from fear of starvation in the,0.15555555555555556
test_000214.png,"the yourself is thy greatest enemy , the self-","the yourself in the greatest enemy , the self-",0.043478260869565216
test_000215.png,seeking self .,seeking self .,0.0
test_000216.png,Freedom from want cannot be fulfilled nor,Freedom from want cannot fulfilled nor,0.07317073170731707
test_000217.png,coming for the people in need . They will,coming for the people in need . They will,0.0
test_000218.png,"aside , and serve other gods , and worship them "" ,","inside and serve others goals , and worship them """,0.17647058823529413
test_000219.png,think of the animals first ( which is of course,think of the animals first ( which is of course,0.0
test_000220.png,"eat and be full but : "" Take heed to yourself ,","heat and be full but : "" Take head to yourself ,",0.0425531914893617
test_000221.png,"that your heart be not deceived , and 1ye turn","than your heart be not deceived , and I ye turn",0.06521739130434782
test_000222.png,midst of plenty . Help will not be easily forth-,midist of plenty . Help will not be easily forth-,0.020833333333333332
test_000223.png,"good land which the Lord 1giveth you . ""","good land which the Lord I give the you . "" .",0.15
test_000224.png,"two masters , and you worship self-interest , isolating","two masters and you worship self-interest , isolating",0.03636363636363636
test_000225.png,""" And then the Lord's wrath be kindled against you , and he","And then the Lord 's worth be kindled against you , and he",0.0847457627118644
test_000226.png,"shut up the heavens , that there is no rain , and that the land","shut up the heavens that there is no rain , and that the land",0.031746031746031744
test_000227.png,"yourself , under such conditions the goods are your gods .","yourself , under such conditions the goods are your goals .",0.034482758620689655
test_000228.png,And you serve Mammon and God . And you cannot serve,And you serve Mammon and God . And you cannot serve,0.0
test_000229.png,yield not her fruit and lest 1ye perish quickly from off the,yield not her Fruit and lost the parish quickly from off the,0.08333333333333333
test_000230.png,"adds and in your soul , searching your soul .","adds and in your soul , searching your soul .",0.0
test_000231.png,For without the vision to serve the Lord your God with all,For without the vision to serve the Lord your God with all,0.0
test_000232.png,"up these my words in your heart and in your soul . "" The text","up these my words in your heart and in your soul . "" The text",0.0
test_000233.png,"the problem of life cannot be solved . "" Therefore shall 1ye lay","the problem of life cannot be solved . "" Therefore shall be lay",0.03125
test_000234.png,your heart and with all your soul and with all your might,your heart and with all your soul and with all your night,0.017543859649122806
test_000235.png,"in the first part of the Shmah , we have first "" and","in the first part of the showall , we have first "" and",0.09615384615384616
test_000236.png,to the children any more diligently and the,to the children any more diligently and the,0.0
test_000237.png,"shall teach them to your children . "" And as we have go-","shall teach them to your children . "" And as we have go-",0.0
test_000238.png,"they may be as frontlets between your eyes . "" First to","they may be as frontlets between your eyes "" first to",0.05454545454545454
test_000239.png,them without visionary power .,them without visionary power .,0.0
test_000240.png,"to bind them for a sign upon your hand , that","the bind them for a sign upon your hand , that",0.044444444444444446
test_000241.png,"ne through the mill , we need not teach them","me through the will , we need not teach them",0.045454545454545456
test_000242.png,children will grasp now what will befall,children will grasp now what will befall,0.0
test_000243.png,"bind them to have the vision and then "" And 1ye","bind them to have the vision and then "" And I get",0.0851063829787234
test_000244.png,And the sequence in the text is different than,And the sequence in the text is different than,0.0
test_000245.png,And they are ( 1 ) Matzo ; ( 2 ) Bitter Herbs ; ( 3 ) Salt-water and,"And they are G ) Matzo ; (2 ) Bitter Herbs , ( 3 ) Salt-water and",0.07352941176470588
test_000246.png,just as there is a message sealed in the four emblems which,Just as there is a message sealed in the four emblems which,0.01694915254237288
test_000247.png,back .,back .,0.0
test_000248.png,And the tsitsits had a message sealed inside the knots,And the tsitsits had a message sealed inside the knots,0.0
test_000249.png,Charauses ( a kind of fruit mixture in likeness of the,Chairases ( a kind of fruit mixture in likeness of the,0.037037037037037035
test_000250.png,appearance of mortar ) ; and ( 4 ) an attitude to lean,appearance of mortar ) ; and ( 4 ) an attitude to learn,0.018518518518518517
test_000251.png,"are used on Passover , to depict the "" time of our freedom "" .","are used on Passover , to depict the "" time of our freedom "" .",0.0
test_000252.png,symbolises the bitterness that is hurled against us .,symbolises the bitterness that is hurled against us,0.03773584905660377
test_000253.png,"( 1 ) Matzos is deficient bread , ( LECHEM ANJO in Hebrew ) ,",CID Matzos is deficient bread . ( LECHEMANJO in Hebrewly,0.18032786885245902
test_000254.png,and that God dwells within us .,and that God dwells within us .,0.0
test_000255.png,"We eat it . We accept it , to show we have self-control","While eat it . We accept it , to show we have self-confrontful",0.14545454545454545
test_000256.png,to learn . Education is always the most important task .,to learn . Education is always the most important tasks .,0.017857142857142856
test_000257.png,"so are we deficient without spiritual knowledge , and to","so are we deficient without spiritual knowledge , and to",0.0
test_000258.png,Education gives : Freedom of Speech . ( 2 ) Bitter Herbs,Education gives : Freedom of Speech . ( 2 ) Bitter Herbs,0.0
test_000259.png,cure our mental incapacity we should be willing,cure our mental incapacity we should be willing,0.0
test_000260.png,"facts "" together and explains them , represents the Oral","facts "" together and explains them , represents the oral",0.017857142857142856
test_000261.png,the salt-water at the Seder-Table represents the Covenant of the Torah,the salt-water at the Seder-Table represents the Covenant of the Torah,0.0
test_000262.png,Self-control gives us : Freedom to worship God . ( 3 ) Salt Water and Charauses :,Self-control gives us freedom to worship God . ( ' So Salt Water and Chair-,0.1728395061728395
test_000263.png,ourselves and have peace with one-another . And the sweet,pouselves and have peace with one-another . And the Sweet,0.05263157894736842
test_000264.png,"Mortar ( the CHARAUSES in Hebrew ) that binds all the "" hard-","Maltar G.the CHAROUSES in Hebrew ) that binds all the "" hand-",0.09836065573770492
test_000265.png,"( MELACH BRITH ELOHECHO in Hebrew , Salt is the covenant of 1thy God ,","COUELAKH BRITH ELOHECHO in Hebrew , Salt is the covenant of the God ,",0.08571428571428572
test_000266.png,Tradition .,condition .,0.2727272727272727
test_000267.png,"Levit. 2 , 13 . ) Salt preserves and we should have this salt in","Levit. 2 , B. ) Salt preserves and we should have this sat in",0.0625
test_000268.png,11 ) . That gives us freedom from want .,will . That gives us freedom from work .,0.175
test_000269.png,"meek : "" But the meek shall inherit the earth ; and shall","meers . "" But the week shall inherit the earth ; and shall",0.07017543859649122
test_000270.png,"Living the life of the Torah ( "" dipping-in "" ) makes us","shieving the life of the Torah ( "" digging - in "" I makes us",0.14285714285714285
test_000271.png,"delight themselves in the abundance of Peace "" ( Psalm 37 ,","defright themselves in the abundance of Peace ( Psalm 37 ,",0.06779661016949153
test_000272.png,"We dip into both , at the Seder . And we want to understand","We dig into both , at the Fedes . And we want to understand",0.05084745762711865
test_000273.png,"more of the Torah and the Oral Tradition , our inheritance .","more of the Torah and the Old Tradition , our inheritance .",0.05
test_000274.png,( This is the PARDUS . ) Matzo represents,Chris is the PARDUS ) . Matzo represents,0.14634146341463414
test_000275.png,Derush ; ( 4 ) Leaning-back represents Saud .,Dermsh ; C41 ) Leaning-back represents South,0.17777777777777778
test_000276.png,how to live and accept all the bitterness,how to live and accept all the bitterness,0.0
test_000277.png,and the sweet Mortar in which we dip-in represents,and the sweet mortar in which we die-in represents,0.04
test_000278.png,is called : The Feast of Matzos . The,is called . The Feast of Matzos . The,0.02702702702702703
test_000279.png,"principle and this gives us "" a wink "" ( Remez )","perincide . and this gives us "" a mink "" ( Reneg )",0.16666666666666666
test_000280.png,represents Remez ; ( 3 ) Dipping-in represents,represents ; ( 3 ) Dieping-in represents,0.15217391304347827
test_000281.png,that is hurled against us . The Salt-water,that is hurled against us . The Salt-water,0.0
test_000282.png,the literal meaning of Pesach which,the literal meaning of Pesach which,0.0
test_000283.png,( 1 ) Matzo represents Peshat ; ( 2 ) Moraur,GO ) Matzo represents Peshawar ) ( 2 ) Moravur,0.18181818181818182
test_000284.png,Bitter-Herbs represent the spiritual,bitter-Herby represent the spiritual,0.05555555555555555
test_000285.png,the richness of the Law and that we should,of the richness of the Law and that we should,0.07142857142857142
test_000286.png,"freedoms "" which are Divine . There are four ways of","freedoms "" which are Divine . There are four ways of",0.0
test_000287.png,burdens of Egypt . ( 2 ) I will rid you of their bondage .,dourdens of Egypt . ( 2 ) I will rid you of their bondage .,0.034482758620689655
test_000288.png,redemption : ( 1 ) I will bring you out from under the,redemption : I'll I will bring you out from under the,0.09259259259259259
test_000289.png,"And we answer , that the Lord our God gave us "" four freedoms ""","And we answer , that the Lord our God gave us "" four freedoms """,0.0
test_000290.png,without which Society cannot make progress . And we drink,without which society cannot make progress . And we drink,0.017543859649122806
test_000291.png,""" four cups "" to thank the Lord our God for the "" four",""" four ages "" to thank the Lord our God for the "" four",0.05555555555555555
test_000292.png,burdens of Egypt : How was it that Israel was,burdens of Egypt . How was it that Israel was,0.022222222222222223
test_000293.png,"Because , they kept the Passover and they were","Because , they kept the Passover and they were",0.0
test_000294.png,people . ( 1 ) I will bring you out from under the,people . ( I will bring you out from under the,0.08
test_000295.png,( 3 ) I will redeem you . ( 4 ) I will take you to me for a,(13 ) I will redeem you . I'll I will take you to me for a,0.1016949152542373
test_000296.png,was known even to Abraham and Lot .,was known even to Abraham and Lof .,0.02857142857142857
test_000297.png,brought out from under the burdens of Egypt ?,borought out from under the burdens of Egypt ?,0.022222222222222223
test_000298.png,"eating Matzos in Egypt and the "" Feast of Matzos ""","eating Matzos in Egypt and the "" feast of Matzos """,0.02
test_000299.png,derived little comfort from it .,derived little comfort from its,0.0625
test_000300.png,"James had grown up in Presbyterian Scotland ,","James had grown up in Presbyterian Scotland ,",0.0
test_000301.png,The new century opened with James 1 ascending,The new century opened with James I ascending,0.022222222222222223
test_000302.png,Book was issued in 1604 but the Puritans,Bork was issued in 1604 but the Puritans,0.025
test_000303.png,the throne . He was quite prepared to be,the throne . He was quite prepared to be,0.0
test_000304.png,"spoiled that . The Puritans had high hopes , for","espoiled that . The Puritans had high hopes , for",0.020833333333333332
test_000305.png,tolerant towards Rome though the Gunpowder Plot,tolerant towards Rome though the Gunpower Plot-,0.0425531914893617
test_000306.png,"but those hopes were dashed . True , a new Prayer","but those hopes were dashed . True , a new Prayer",0.0
test_000307.png,remained . Other changes in the Book were equally,remained . Other dangers in the Book were equally,0.061224489795918366
test_000308.png,They objected to the word Confirmation . So the phrase,They objected to the war conformation . So the phrase,0.07407407407407407
test_000309.png,' or the laying on of hands upon children baptized and,for the laying on of hands upon children baptized and,0.037037037037037035
test_000310.png,They objected to the word Absolution . So the phrase ' or,"They objected to the word Abschlion . So the phrase "" or",0.08771929824561403
test_000311.png,the remission of sins ' was added . But Absolution remained .,the remission of six war added . But Bosculion remained .,0.16393442622950818
test_000312.png,added to the Catechism .,added to the Caledism .,0.125
test_000313.png,minor except for the new section on the Sacraments,minore except for the new section on the Sacramento,0.04
test_000314.png,to the Catechism following ' were added . But Confirmation,"to the Catholicism following ' "" were added . But confirmation",0.13793103448275862
test_000315.png,able to render an account of their faith according,battle to render an account of their faith according,0.06
test_000316.png,This indicated how ephemeral in the Church had,This indicated how ephemeral in the Church had,0.0
test_000317.png,verily and indeed taken and received by the,everily and indeed taken and received by the,0.023255813953488372
test_000318.png,( which was never actually authorized ! ) .,which was never actually # authorized by,0.20930232558139536
test_000319.png,"been the mood which produced the Black Rubric , for","been the mood which produced the Black Rubric , for",0.0
test_000320.png,himself immortal by becoming associated with,himself immortal by becoming associated with,0.0
test_000321.png,"it says that ' the Body and Blood of Christ , which are","it says that ' the Body and Blood of Christ , which are",0.0
test_000322.png,faithful in the Lord's Supper . ' It could hardly be more,faithful in the Lord's Supper . ' It could hardly be more,0.0
test_000323.png,a Bible translation - the Authorized Version,a Bible translation - the authorized Version,0.022727272727272728
test_000324.png,"definite . It was at this time , too , that King James made","definite . It was at this time , too , that King James made",0.0
test_000325.png,a deliberate return to the Book of 1549 and,a deliberate return to the Book of 1549 and,0.0
test_000326.png,In that year Shakespeare had just turned,In that year Shakespeare had just turned,0.0
test_000327.png,just learning to read . James was followed by,just learning to read . James was followed by,0.0
test_000328.png,before . Bacon was at work and Milton was,before . Bacon was at work and Milton was,0.0
test_000329.png,important Prayer Books in the Anglican,important Prayer Books in the Anglican,0.0
test_000330.png,"Charles , in whose reign came the Scottish","Charles , in those reign came the Scottish",0.023809523809523808
test_000331.png,became the foster mother of some of the most,became the foster mother of some of the most,0.0
test_000332.png,Prayer Book in 1637 . Significantly this made,Prayer Book in 1637 . Significantly this made,0.0
test_000333.png,forty and had written Hamlet two years,forty and had written Hamlet two years,0.0
test_000334.png,Communion .,Communion .,0.0
test_000335.png,first public acts was a hard-hitting battle with,first public acts was a herd-hitting battle with,0.020833333333333332
test_000336.png,mutual . But Laud was no Romanizer . One of his,medical . But land was no Romanizer . One of his,0.1276595744680851
test_000337.png,"the Jesuit , Fisher . But anyone who was friendly","the Jesuit , Fisher . But anyone who was friendly",0.0
test_000338.png,was necessarily a menace .,from necessarily a menace .,0.15384615384615385
test_000339.png,now so much nobler a figure than former historians,show so much nobler a figure than former historians,0.04
test_000340.png,led us to believe . Laud was enthusiastically hated,led us to believe . Land was enthusiastically hated,0.0196078431372549
test_000341.png,"with James and Charles , the Puritans argued ,","with James and Charles , the Puritans argued ,",0.0
test_000342.png,"by Calvinists and Puritans , and the sentiment was","by Calvinists and Puritans , and the sentiment was",0.0
test_000343.png,"Forever associated with Charles is Archbishop Laud ,","Forever associated with Charles is Archbishop Land ,",0.019230769230769232
test_000344.png,Laud made a positive approach . He set out to increase,hand made a position approach . He set out to increase,0.07407407407407407
test_000345.png,and so was the office of a bishop . Altars should be,and so was the office of a bishop . Altars should be,0.0
test_000346.png,table which was handy for the most improbable uses .,table which was Randy for the most improbable uses .,0.019230769230769232
test_000347.png,"altars and not any broken down , transportable","allows and not any holes down , transpelled",0.2826086956521739
test_000348.png,a sense of reverence . The Prayer Book was to be respected,a sense of reverence . The Prayer Book was tribe respected,0.034482758620689655
test_000349.png,Or when he found cock-fighting going on in church ?,Mr. when he found cool-fighting going on in church ?,0.0784313725490196
test_000350.png,"to face their fears , to see through them and come out on the","to face their fears , to see through them and come out on the",0.0
test_000351.png,"by laughing at what are very real fears . As adults , we know","by laughing at what are very real fears . As adults , we know",0.0
test_000352.png,but to a child they are very real . Not that I am suggesting,but to a child they are very real . Not that I am suggesting,0.0
test_000353.png,that children should be molly-coddled - they must be made,that children should be really-caddled - they must be made,0.07017543859649122
test_000354.png,other side as victors .,other side as victors .,0.0
test_000355.png,Even worse is to laugh . Tremendous damage may be done to a child,Even worse is to laugh . Tremendous damage may be done to a child,0.0
test_000356.png,"that their fears are groundless , indeed to us they appear laughable ,","that their fears are grondles , indeed to us they appear laughable ,",0.02857142857142857
test_000357.png,it together until the child can see how,it together until the child can see how,0.0
test_000358.png,"situation is frightening , and then to face","stimation is frightening , and then to face",0.06976744186046512
test_000359.png,unnecessary its fears were .,unnecessary its fears were .,0.0
test_000360.png,To ridicule them only pushes them farther,To ridicule them only pushes them farther,0.0
test_000361.png,reaped at forty or fifty . Far better to,reaped at forty or fifty . Far later to,0.075
test_000362.png,agree with a child that a particular,agree with a child that a particular,0.0
test_000363.png,the harvest of which may still be being,the harvest of which may still be being,0.0
test_000364.png,"into themselves , so that they become","into themselves , so that they become",0.0
test_000365.png,unable to speak about it to anybody and,unable to speak about it to anybody and,0.0
test_000366.png,"the seeds of any amount of trouble are sown ,",the seeds of any amount of trouble are coming,0.1111111111111111
test_000367.png,to some extent against it . To keep a child,to some extent against it . To keep a child,0.0
test_000368.png,of twelve or thirteen under the,of twelve art thirteen under the,0.06451612903225806
test_000369.png,Because situations which may contain,Because situations which may contain,0.0
test_000370.png,it is a good idea to condition a child,it is a good idea to condition a child,0.0
test_000371.png,"all the elements of fear can arise suddenly ,","all the elements of fear can arise suddenly ,",0.0
test_000372.png,later chapter there are some situations,later chapter there are some situations,0.0
test_000373.png,which occur less frequently than,which occur less frequently than,0.0
test_000374.png,is unwise . As I shall suggest in a,isceive . As I shall suggest in a,0.14285714285714285
test_000375.png,impression that nothing nasty ever,impressions that nothing nasty ever,0.029411764705882353
test_000376.png,"happens is not merely dishonest , it","happers is not merely dishonest , it",0.027777777777777776
test_000377.png,frightening possibilities and yet by facing,frightening possibilities and yet by facing,0.0
test_000378.png,"finally defeat us . More than that , that God","finally defeat us . More than that , that God",0.0
test_000379.png,In Gethsemane He prayed that the cup,In Gaturemane he prayed that the cup,0.1111111111111111
test_000380.png,"lives and that the nearer we get to Him ,","Lives and that the wearer we get to him ,",0.07317073170731707
test_000381.png,them and knowing God is with us and,them and knowing God is with us and,0.0
test_000382.png,the way to face life . To see all the latent,the way to face life . To see all the latent,0.0
test_000383.png,"that , with Him , there is nothing that can","that , with Him , there is nothing that can",0.0
test_000384.png,the stronger we become .,the stronger we become .,0.0
test_000385.png,has something important to do with our,has something important to do with our,0.0
test_000386.png,should pass from Him . Jesus shows us,should pave from him . Jesus shows us,0.08108108108108109
test_000387.png,do for the world Using my hand .,do for the world using my hand .,0.03125
test_000388.png,"Because of the plan That God , Who","Because of the plan That God , who",0.029411764705882353
test_000389.png,"my hand ; That my hand is big Big ,","my hand . That my hand is Big ,",0.14285714285714285
test_000390.png,... Today A wonderful thought In the,Today A wonderful thought . In the,0.16666666666666666
test_000391.png,"dwells in my hand , Knows this","dwells in my hand , knows this",0.03333333333333333
test_000392.png,Was this : That a secret plan Is hid in,was this : That a secret plan . Is hid in,0.07692307692307693
test_000393.png,dawn was given ... And the thought,drawn was given ... . And the thought,0.08823529411764706
test_000394.png,"secret plan , Of the things He will","secret plan , Of the things the will",0.05714285714285714
test_000395.png,"Toyohiko Kagawa . Loving Saviour , who experienced","Toyohiko Kagawa . Loving Serious , who experienced",0.06
test_000396.png,"seen to be allies and not enemies and that ,",been to be allies and not enemies and life .,0.13636363636363635
test_000397.png,"nature knows better than we do , what it is to","mature known better than we do , what it is to",0.043478260869565216
test_000398.png,we are with Thee .,we are with thee .,0.05555555555555555
test_000399.png,"come what may , we are never alone when","come what may , we are never alone when",0.0
test_000400.png,"be really afraid , help us to know that when","the really afraid , help us to know that when",0.045454545454545456
test_000401.png,"we face life boldly , many of the shadows are","We face like boldly , many of the shadows are",0.044444444444444446
test_000402.png,"all human emotion , and whose sensitive","all human emotion , and whose sensitive",0.0
test_000403.png,only a disturbed tossing and turning,only a disturbed tossing and turning,0.0
test_000404.png,which causes them to wake feeling worse,which causes them to wake feeling worse,0.0
test_000405.png,"conditions , work themselves to a standstill .","conditions , work themselves to a standstill .",0.0
test_000406.png,"To others , the long hours of the night bring","To others , the long hours of the night bring",0.0
test_000407.png,than when they went to bed . We may begin,than when they went to bed . We may begin,0.0
test_000408.png,"the mind . Very few people , under normal","the mind . Very few people , under normal",0.0
test_000409.png,to understand this a little better when we,to understand this a little better when we,0.0
test_000410.png,realize that tiredness itself is largely in,realize that tiredness itself is largely in,0.0
test_000411.png,"journey which , an hour before , she would","journey which , on hour before , she would",0.023809523809523808
test_000412.png,The mind tires first and conveys the impression,The mind five first and country the impression,0.14893617021276595
test_000413.png,a mother has news late at night that her,a mother has never late of night that his,0.175
test_000414.png,child is in danger . She will undertake a,child is in danger . She will undulate a,0.0975609756097561
test_000415.png,of tiredness to the body . This can be proved by,of hisdour to the body . This can be proved by,0.14583333333333334
test_000416.png,have declared impossible .,have declared impossible .,0.0
test_000417.png,body who feels thoroughly tired . Suppose,body who fists thoroughly tired . Suppose,0.07317073170731707
test_000418.png,noting the effect of a new stimulus on some-,acting the spirit of a new Minister on Rome-,0.36363636363636365
test_000419.png,bring on an almost immediate feeling of,bringing on an almost immediate feeling of,0.07692307692307693
test_000420.png,tiredness - such as when your wife mentions,tiredness - such as when your wife mentions,0.0
test_000421.png,veritable surge of energy . Many a girl who,venitable surge of energy . Many a girl who,0.023255813953488372
test_000422.png,"the washing-up - while others , if they","the washing-up - while others , if they",0.0
test_000423.png,"refer to something you like doing , bring a","refer to something you like doing , being a",0.023255813953488372
test_000424.png,up with no apparent tiredness at all when,upon his with no apparent tiredness at all when,0.14634146341463414
test_000425.png,is ' too tired to help mum ' will later jump,is 'too tired to help mum ' will later jump,0.022727272727272728
test_000426.png,her boy friend calls and go for a long walk .,her boy friend calls and go for along walk .,0.022222222222222223
test_000427.png,"Even more simply , test your own reactions","Even more simply , but your own reactions",0.07142857142857142
test_000428.png,to different situations . There are some which,to different situations . There are some which,0.0
test_000429.png,"if the cause of our pain is too deep seated ,",if the cause of our pain is too deep socially,0.15555555555555556
test_000430.png,Any mental confusion can cause this and,Only mental confusion can cause this and,0.05128205128205128
test_000431.png,the best way is probably to seek advice .,the best way is probably to seek advice .,0.0
test_000432.png,a burden to their families and their friends .,a burden to their families and their friends .,0.0
test_000433.png,"so we are unable to cure our own minds ,",so we are unable to care over own mind,0.15
test_000434.png,involving careful and patient treatment .,schoolising careful and patient treatment .,0.14634146341463414
test_000435.png,As we are unable to cure our own bodies,As we are unable to cure our own bodies,0.0
test_000436.png,They drag themselves around and can become,They drag themselves around and can become,0.0
test_000437.png,if the trouble is a complicated one,if the trouble is a complicated one,0.0
test_000438.png,"inability to deal with life , especially under","simability to deal with life , superiority under",0.1956521739130435
test_000439.png,and is in fact no differently regarded than,and it in joint no difficulty regarded than,0.23255813953488372
test_000440.png,the diverse pattern which is the twentieth,the diocese pattern which is the twentieth,0.07142857142857142
test_000441.png,"of the mind is no longer feared or shunned ,","of the mind is no larger fraud or shummel ,",0.18181818181818182
test_000442.png,One of the greatest steps forward that has been,One of the quoted steps toward that that the,0.2765957446808511
test_000443.png,great deal of tiredness which comes from,great deal of hisdrew which comes from,0.15
test_000444.png,no major complication but results from an,momogie compilation but results from an,0.1951219512195122
test_000445.png,century .,clinker ya .,0.6666666666666666
test_000446.png,"physical illness . There is , nevertheless , a","physical illness . Thus it , surestholm , a",0.2608695652173913
test_000447.png,made this century is the way in which illness,made the century is the way in which illness,0.044444444444444446
test_000448.png,"In the days when most people were born ,","In the days , when most people were born ,",0.05
test_000449.png,"months , even a Prime Minister could go to",uncultus ; even a Prime Minister could go to,0.16666666666666666
test_000450.png,"be happening at the other end of England ,",be happening at the other end of England,0.047619047619047616
test_000451.png,"from America weeks , from the Far East ,","from America weeks , from the Far East ,",0.0
test_000452.png,sleep in blissful ignorance of what might,sleep in Bristol ignorance of what might,0.12195121951219512
test_000453.png,"the village , it was not difficult for anybody","the village , it was not difficult for anybody",0.0
test_000454.png,held a high and responsible office lived in,held a high and responsible of ice lived in,0.023255813953488372
test_000455.png,"When news from the Continent took days ,","When he was from the Continent took days ,",0.075
test_000456.png,far greater simplicity than their successors .,far greater simplicity than their successors .,0.0
test_000457.png,to live a day at a time . Even those who,to live a day at a time . Even there who,0.05
test_000458.png,lived and died within the boundaries of,lived and died within the boundaries of,0.0
test_000459.png,that it taxes the mind . Two hundred,that it takes the mind . Two hundred,0.027777777777777776
test_000460.png,thirty even sixty miles from his,thirty even sixty miles from his,0.0
test_000461.png,"years ago , men lived and worked","years ago , men lived and worked",0.0
test_000462.png,"In other ways , too , life for the ordinary","In other ways , Loo life for the ordinary",0.06976744186046512
test_000463.png,work . The only connexion is the,work . The only connexion is the,0.0
test_000464.png,"piece . Now a man may live twenty ,","piece . Now a man may live twenty ,",0.0
test_000465.png,individual has become so complex,individual has become so complex,0.0
test_000466.png,travel day by day .,travel day by day .,0.0
test_000467.png,"in one place , their lives were of one","In one place , their lives were of one",0.02631578947368421
test_000468.png,pipeline of the railway on which they,pipeline of the railway on which they,0.0
test_000469.png,"In many cases , their homes know little of","In many cases , their homestrow little of",0.07142857142857142
test_000470.png,their place of work and their associates at,their place of work and their associates at,0.0
test_000471.png,are possibly like in the surroundings of their,are possibly like in the surroundings of their,0.0
test_000472.png,a ' double ' life without ever deliberately,a double life without ever deliberately,0.09302325581395349
test_000473.png,of what is going on . It is easier to live life in,of what is going on . It is easier to live life in,0.0
test_000474.png,"compartments but over the years it builds up ,","compartments but over the years it builds up ,",0.0
test_000475.png,"homes . It is easy , desperately easy , to lead","shomes . It is easy , desperately easy to lead",0.06382978723404255
test_000476.png,the office or works wonder what they,the office or works wonder what they they,0.1388888888888889
test_000477.png,and to do so inevitably builds up tensions which,and to do inevitably builds up tensions which,0.0625
test_000478.png,need to be handled correctly .,need to be handled correctly .,0.0
test_000479.png,planning to do so or in fact being conscious,plamning to do so or in fact being conscious,0.022727272727272728
test_000480.png,"as fully as possible , without having our energy sapped by un-","are farly as possible , without having our energy rapped by an-",0.0967741935483871
test_000481.png,We have a saying ' My head will never save my feet ' . Time,We have a saying ' My head will never save my feet ' . Time,0.0
test_000482.png,necessary weariness . ( a ) Order makes for a decrease in tiredness .,necessary weariness . ( at Order makes for a decrease in tiredness .,0.028985507246376812
test_000483.png,Can we then frame some ' rules ' which may enable us to live life,Can we then some some 'rades ' which may enable us to live life .,0.12307692307692308
test_000484.png,upstairs or down to the shops .,upstairs or down to the shops .,0.0
test_000485.png,after time we forget something and have to go back,after time we forget something and have to go back,0.0
test_000486.png,write out all the necessary jobs waiting to,while out of the necessary job waiting to,0.13953488372093023
test_000487.png,The business man would find that he reached,The business man would find that he reached,0.0
test_000488.png,rather than getting from one thing to the next .,rather than getting from on thing to the next .,0.020833333333333332
test_000489.png,"be done and then work quietly through them ,",We don and then work quietly though them,0.11363636363636363
test_000490.png,thing else . If we would only sit down and,thing the Tyne would only sit down and,0.21428571428571427
test_000491.png,The housewife would find life far less tiring,The housewife would find his for her living,0.2
test_000492.png,the end of the day with far less strain if,the end of the day with for her stair of,0.16666666666666666
test_000493.png,"if she made a list , followed a routine of work","ijshimodeo list , followed a routine of work",0.14893617021276595
test_000494.png,we would find life considerably less exhausting,was would find life considerably his schooling,0.23404255319148937
test_000495.png,aimlessly along is more wearying than any-,simlessly along in most worrying than any,0.16666666666666666
test_000496.png,he was a little more systematic . To drift,he was a little man systematic . To shift,0.11904761904761904
test_000497.png,I am more than conscious of this . How anybody,I am more than conscious of this . How anybody,0.0
test_000498.png,out for forty years I find difficult to understand .,best 'far forty years ' I find difficult to understand .,0.1346153846153846
test_000499.png,commerce may be kept going - though if ever,Commerce may be kept going through if ever,0.09302325581395349
test_000500.png,of ' staggered ' hours it may do an immense,"of ""staggered "" hours it may do an immense",0.06976744186046512
test_000501.png,it becomes possible to work out a system,it becomes possible to work out a system,0.0
test_000502.png,amount of good over and above relieving,amount of good over and above relieving,0.0
test_000503.png,the pressure on over-crowded trains .,the pressure on over crowded trains .,0.02702702702702703
test_000504.png,can go through the same routine day in and day,Can go through the same routine day we and obey,0.13043478260869565
test_000505.png,A lot of it is inevitable so that industry and,A lot of it is inevitable so that industry and,0.0
test_000506.png,ago to hear of a school who tried a six-,ago to hear of a school who tried a six-,0.0
test_000507.png,and I was interested some little while,and I was interested some little while,0.0
test_000508.png,for this . I know how much of a drag it can be,for this . I know how much of a drag it can be,0.0
test_000509.png,hardly like to add further to the dullness,hardly like to add further to the dullness,0.0
test_000510.png,"in a predetermined groove , I would","in a predetermined groove , I would",0.0
test_000511.png,which it engenders . But I am not arguing,which it engenders . But I am not arguing,0.0
test_000512.png,day timetable .,day timetable .,0.0
test_000513.png,"As it is , with so much of our life already","to it is , with common of our life already",0.16279069767441862
test_000514.png,"to five of the timetable , the following","to five of the timetable , the following",0.0
test_000515.png,knowing exactly what the subject,knowing exactly what the subject,0.0
test_000516.png,started day one again and so on .,started day one again and so on .,0.0
test_000517.png,By this means they avoided each,By this means they avoided each,0.0
test_000518.png,Monday was day six and Tuesday,Monday was day six and Tuesday,0.0
test_000519.png,3 p.m. .,3 p.m.,0.25
test_000520.png,"They only worked , of course , a five-","They only worked , of course , a five-",0.0
test_000521.png,week being the same with a pupil,week being the same with a pupil,0.0
test_000522.png,Monday to Friday were days one,Monday to Friday were days one,0.0
test_000523.png,day week so that in the first week,day week so that in the first week,0.0
test_000524.png,would be on Friday afternoon at,would be on Friday afternoon at,0.0
test_000525.png,sympathy with the young wife,sympathy with the young wife,0.0
test_000526.png,day of the timetable it was - but,play of the timetable it was - but,0.06060606060606061
test_000527.png,To have order does not mean getting,To have older does not mean getting,0.02857142857142857
test_000528.png,"It was a little complicated to work ,","It was a little complicated to work ,",0.0
test_000529.png,and kept everybody on their toes .,and kept everybody on their thus .,0.058823529411764705
test_000530.png,"of course , and there had to be a big","of course , and there had to big",0.13513513513513514
test_000531.png,who does not always want to do,who does not always want to do,0.0
test_000532.png,it added immensely to the interest,it added immensely to the interest,0.0
test_000533.png,notice in the entrance saying which,Notice in the entrance saying which,0.02857142857142857
test_000534.png,into a dull routine . I have great,into adult routine . I have great,0.058823529411764705
test_000535.png,the washing on a Monday .,the washing on a Monday,0.08
test_000536.png,"do , note the order in which they can most conveniently be","do , note the order in which they can mort conveniently be",0.017241379310344827
test_000537.png,the early closing day ) .,the early closing day .,0.08
test_000538.png,"- you must , for example , do your shopping on the morning of","you must , for example , do your shaping on the morning of",0.06557377049180328
test_000539.png,"I would not want to either , but if she wants to get through","I would not want to either , but if she wants to get through",0.0
test_000540.png,sit down quietly and make a list of everything she has got to,suit down quietly and make a list of everything she has got to,0.01639344262295082
test_000541.png,done ( or must be done because of other predetermined factors,done ' or must be done because of other predetermined factors,0.01639344262295082
test_000542.png,"the day without becoming exhausted , she will be well advised to","the day without becoming exhausted , she will be advised to",0.078125
test_000543.png,thing at a time . A list or a plan enables us to,thing of time . A lista a plan another way to,0.3125
test_000544.png,matter on hand .,mottir on hand .,0.125
test_000545.png,of mind ensues . ( b ) Concentrate on one,of mind issues . ( K ) Consultants on one,0.21951219512195122
test_000546.png,put all our energies into the particular,put of our insights into the particular,0.2
test_000547.png,"She will , in fact , be surprised at what peace","She will , in fact , be surprised at what , and",0.0851063829787234
test_000548.png,"too , are necessary , but a careful examination","too , are necessary , but a careful examination",0.0
test_000549.png,elsewhere .,elsewhere .,0.0
test_000550.png,the comment of Rami bar Rabh is quoted,the comment of Rani bar Rath is quoted,0.05263157894736842
test_000551.png,"( Actually , the Mishnah quotes two further proof","( Actually , the Mishaah quotes two further proof",0.02040816326530612
test_000552.png,of that passage makes it clear that these are,of that passage makes it clear that these are,0.0
test_000553.png,not quoted here because they are not,not quoted here because they are not,0.0
test_000554.png,"texts and the Gemara explains why these ,","tests and the Gemara explains why these ,",0.024390243902439025
test_000555.png,necessary to prove the point made by,necessary to prove the point made by,0.0
test_000556.png,"R. Joshua b. Levi . ) Finally , we note that","R. Joshua b. Levi ) Finally , we note that",0.045454545454545456
test_000557.png,with the comment given by Samuel .,with the comment given by Samuel .,0.0
test_000558.png,R. Joshua b. Levi . The proof text for the,R. Joshua B. Levi . The proof text for the,0.023809523809523808
test_000559.png,reading of the Book of Esther is quoted,reading of the Book of Esther is quoted,0.0
test_000560.png,The sugya is built around the saying of,The suaya is built around the saying of,0.02564102564102564
test_000561.png,we have a good illustration of how a,we have a good illustration of how a,0.0
test_000562.png,already in the hands of the Redactors .,al ready in the hands of the Redactors .,0.02564102564102564
test_000563.png,sugya has been fashioned from material,sugya has been fashioned from material .,0.05263157894736842
test_000564.png,"From the above it follows that here , once again ,","From the above it follows that here , once again ,",0.0
test_000565.png,because the Mishnah deals with the,because the Mishnah deals with the,0.0
test_000566.png,( This is probably to be understood as a well-,This is probably to be understood as a well-,0.043478260869565216
test_000567.png,Levi's thesis ! ) The proof text of greeting by,Ceci's thesis ! ) The proof text of greeting by,0.0425531914893617
test_000568.png,the divine Name is taken from the Mishnah .,the divine name is taken from the historian .,0.16279069767441862
test_000569.png,actual practice of greeting by the divine,actual practice of greeting by the divine,0.0
test_000570.png,texts to support the thesis of R. Joshua b. Levi .,tests to support the thesis of R. Joshua b.teb.,0.12
test_000571.png,There is no reference to the Mishnah here,There is no reference to the Mishnah here,0.0
test_000572.png,known comment on the verse ; quoted by,known comment on the verse ; quoted by,0.0
test_000573.png,by the Gemara in support of R. Joshua b.,by the Gemara in support of R. Joshua b.,0.0
test_000574.png,Name and the Gemara here quotes the,Name and the Gemara were quotes the,0.02857142857142857
test_000575.png,Samuel in support of his thesis and quoted,Samuel in support of his thesis and quoted,0.0
test_000576.png,need for the text of the angel are quoted,need for the text of the angel are quoted,0.0
test_000577.png,quoted in the discussion on the Mishnah .,quoted in the discussion on the Mishnah .,0.0
test_000578.png,The question and answer with regard to the,The question and answer with regard to the,0.0
test_000579.png,answer or that our sugya is quoting from,answer or that our suaya is quoting from,0.025
test_000580.png,four texts quoted in the Mishnah .,four texts quoted in the Mishnah .,0.0
test_000581.png,quoting a well-known question and,grouting a well-known question and,0.09090909090909091
test_000582.png,here in the same words in which they are,here in the same words in which they are,0.0
test_000583.png,This can either mean that both sugyas are,This can either mean that both sugyas are,0.0
test_000584.png,the longer sugya which deals with all,the longer suaya which deals with all,0.02702702702702703
test_000585.png,expression appears to have been framed in,expression appears to have been framed in,0.0
test_000586.png,Or it is possible that our sugya contains the,On it is possible that our saga contains the,0.06666666666666667
test_000587.png,accord but there was no approval of his action,accord but there was no approval of his action,0.0
test_000588.png,original question and answer and this is quoted,original question and answer and this is quoted,0.0
test_000589.png,"response to the particular point at issue here ,","response to particular point at issue here ,",0.08333333333333333
test_000590.png,in Heaven ' in both sugyoth . Such an,in Heaven ' in both sugyoth . Such an,0.0
test_000591.png,use of the expression : ' Boaz did it of his own,use of the expression : Baez did it of his own,0.08333333333333333
test_000592.png,in the decision of the human court . ),in the decisions of the human court . ),0.02631578947368421
test_000593.png,in the other sugya . ( This can be supported by the,in the other soggea . This can be supported by the,0.09803921568627451
test_000594.png,whether the Heavenly Court concurred,whether the Heavenly Court concerned,0.05555555555555555
test_000595.png,to the discussion but because it was,to this the discussion but because it was,0.1388888888888889
test_000596.png,invariably quoted whenever the verse,invariably quoted whenever the verse,0.0
test_000597.png,part of the verse .,part of the verse .,0.0
test_000598.png,is then quoted and the interpretation of the,is then quoted and the interpretation of the,0.0
test_000599.png,latter part of the verse by Rami bar Rabh,clatter part of the verse by Rami bar Rath,0.04878048780487805
test_000600.png,"is added , not because this is at all relevant","is added , not because this is at all relevant",0.0
test_000601.png,become so well known that it was,become so well known that it was,0.0
test_000602.png,The proof text of bringing the tithe to the Temple,The proof text of bringing the title to the Temple,0.02
test_000603.png,a familiar interpretation which had,a familiar interpretation which had,0.0
test_000604.png,"itself was quoted , almost as if it were a","bitself was quoted , almost as if it were a",0.023809523809523808
test_000605.png,deals with a similar theme .,deals with a similar theme .,0.0
test_000606.png,and the court of Solomon . ' The place of this,and the court of Solomon . ' The place of this,0.0
test_000607.png,on the saying of R. Joshua b. Levi which,on the saying of R. Joshua b. Levi which,0.0
test_000608.png,' The Holy Spirit manifested itself in three places :,The Holy Spirit manifested itself in three places :,0.03773584905660377
test_000609.png,The Gemara continues with a saying of the,The Gemara continues with a saying of the,0.0
test_000610.png,"Palestinian teacher , R. Eleazar ( 3rd Cent. ) :","Palestinian teacher , R. Eleazar ( 3rd Cent. ) : :",0.041666666666666664
test_000611.png,"the court of Shem , the court of Samuel of Ramah ,","the court of them , the court of Samuel of Ranchy ,",0.08
test_000612.png,"saying here is obvious , it follows naturally","saying here is obvious , it follows naturally",0.0
test_000613.png,"complete with heavy crochet antimacassars , mantel-","complete with heavy crochet antimacasars , mantel-",0.0196078431372549
test_000614.png,One can remember with horror the pictures of the,One can remember with horror the pictures of the,0.0
test_000615.png,"trends . Crochet today has a variety of uses , and","trends . Crochet today has a variety of uses , and",0.0
test_000616.png,after the Victorian period that designers realised,after the Victorian period that designers realised,0.0
test_000617.png,has even stepped into the field of high fashion .,has even stepped into the field of high fashion .,0.0
test_000618.png,piece covers with a fringing of clumsy bobbles and,piece covers with a fringing of clumsy lobbles and,0.02
test_000619.png,"the potentialities of the craft , and crochet was","the potentialities of the craft , and crochet was",0.0
test_000620.png,revived with designs suitable for contemporary,reviewed with designs suitable for contemporary,0.043478260869565216
test_000621.png,overcrowded and over-embellished drawing-rooms,overcrowded and over-mlelli-third drawing-rooms,0.13043478260869565
test_000622.png,numerous other crocheted pieces . It was some years,numerous other crocheted pieces . It was some years,0.0
test_000623.png,This could hardly happen without the,This could hardly happen without the,0.0
test_000624.png,herring having some orientation with the,heming having some orientation with the,0.05
test_000625.png,the ground as well as in midwater and,the ground as well as in midwater and,0.0
test_000626.png,during the swim ( the swim at East Anglia,denning the swim ( the swim at East Angoria,0.12195121951219512
test_000627.png,the herring must continue to migrate over,lla learning must continue to migrate over,0.14634146341463414
test_000628.png,is always from the north ) .,is always from the rally .,0.21428571428571427
test_000629.png,"is caused during the daytime , and that","is caused during the daytime , and that",0.0
test_000630.png,sea bottom . It means that the crowding,sea bottom . It means that the crowding,0.0
test_000631.png,"helped and hindered by water flow ,",helped and hindered by water flow .,0.02857142857142857
test_000632.png,great fisheries that depend on them :,great fisheries that depend on them .,0.02702702702702703
test_000633.png,Thus we can see that herring,Thus we can see that herring,0.0
test_000634.png,the herring spawn along the northern,the turning pawn along the northern,0.1111111111111111
test_000635.png,the Fladen Ground ( where again most big,The Fladen ground ( were again most big,0.075
test_000636.png,"shots are taken on the edges ) , the Gut ,","shob are taken on the edges ) , the Gut ,",0.047619047619047616
test_000637.png,"instinctive perhaps , and certainly","distinctive perhaps , and certainly",0.05714285714285714
test_000638.png,"movements , although primarily","movements , although primarily",0.0
test_000639.png,are also closely related to the sea-bed,are also closely related to the reached,0.07692307692307693
test_000640.png,"geography . Geography , too , names the","geography . Geography , too , makes the",0.05128205128205128
test_000641.png,a deep-water channel to the Dogger where,a deepwater channel to the Dogger where,0.025
test_000642.png,Their descent stops at the end of the light pressure . But,Their descent stops at the end of the light pressure . But,0.0
test_000643.png,gravelly soil of these many roughs where the spring-,gravelly soil of these many roughs where the spring-,0.0
test_000644.png,spawning herring are always found .,growing herring are always found .,0.11428571428571428
test_000645.png,their optimum depth ; and this coincides with the suitable,their optimum depth ; and this coincides with the suitable,0.0
test_000646.png,"they migrate easterly to the Norwegian side , or westerly , until","they migrate earthly to the Norwegian side , or westerly , until",0.046153846153846156
test_000647.png,in the shallower water the mile wide layers disappear from the,in the shallower water the mile wide layers disappear from the,0.0
test_000648.png,echo-sounders . Bottom crowding comes when they cannot reach,techno-sounders . Bottom crowding comes when they cannot reach,0.03333333333333333
test_000649.png,In this 200-fathom trench the herring do not touch the bottom .,In this 200-father trench the haring do not touch the bottom .,0.06349206349206349
test_000650.png,miles farther south before they,miles farther south before they,0.0
test_000651.png,The joint evidence of echo-sounders,The joint evidence of echo-sounders,0.0
test_000652.png,going to travel a hundred,equing to travel a hundred,0.12
test_000653.png,shoals that gather at the Knoll or,shoaks that gather at the Wall or,0.11764705882352941
test_000654.png,other banks are most of them,other banks are most of them .,0.07142857142857142
test_000655.png,"Drift Effects . At East Anglia , for instance ,","Drift effects . At East Anglia , for instance",0.06382978723404255
test_000656.png,spawn . Some will spawn at the,spawn . Some will spawn at the,0.0
test_000657.png,though somewhat dim picture .,through Somewhat dim picture .,0.06896551724137931
test_000658.png,and fishing gear leads to an overall,and fishing gear leads to an overall,0.0
test_000659.png,The details are harder still to see .,The details are harder still to see .,0.0
test_000660.png,accidental . Being contranatant or against,accidental . Being contravatant or against,0.023809523809523808
test_000661.png,So the arrival of any particular shoal,to the arrival of any particular shock,0.07894736842105263
test_000662.png,"that find it if enough are travelling , just as","What find it if enough are travelling , just as",0.02127659574468085
test_000663.png,"the drift , it probably has a survival value","the drift , it probably has a survival value",0.0
test_000664.png,be accidental . Yet there will always be some,the accidental . Yet there will always be some,0.044444444444444446
test_000665.png,fish at a certain spawning ground may,high at a certain spawning ground may,0.05405405405405406
test_000666.png,in ensuring that the fry after hatching,in ensuring that the key after watching,0.07692307692307693
test_000667.png,are drifted back into the normal home,are shifted back into the normal home,0.05405405405405406
test_000668.png,only one among thousands who do not .,only one among thousands who do not .,0.0
test_000669.png,the robin who gets back exactly may be,the robin who gets back exactly may be,0.0
test_000670.png,But this southerly migration is not,Bert his southerly migration is not,0.08571428571428572
test_000671.png,water that is blown offshore must,water that is blown offshore must,0.0
test_000672.png,are well known to bring good,are well known to bring good,0.0
test_000673.png,Drift in another form probably,Drift in another form probably,0.0
test_000674.png,be replaced by an underflow bringing,he replaced by an underflow bringing,0.027777777777777776
test_000675.png,explains how these migrating herring,explains how these migrating herring,0.0
test_000676.png,different winds . Strong westerlies,different winds . Strong westerliness,0.05714285714285714
test_000677.png,and Suffolk beaches .,and Suffolk beaches .,0.0
test_000678.png,longshore fishings . The surface,longshore fishings . The surface,0.0
test_000679.png,are biased to east or west by the,are biased to eas ) or west by the,0.06060606060606061
test_000680.png,with it the herring to the Norfolk,with it the herring to the Norfolk,0.0
test_000681.png,"course - one breeze will not do it ,","course-one breeze mill not do it ,",0.08333333333333333
test_000682.png,but quite apart from this wind effect,but quite apart from his wind effect,0.02702702702702703
test_000683.png,"often start off the "" local "" herring ;","often start off the "" local "" herring ;",0.0
test_000684.png,there is an easterly drift special,there is an easkely drift special,0.058823529411764705
test_000685.png,"Easterly winds , on the other hand ,","Eusterity revides , on the other hand ,",0.2222222222222222
test_000686.png,recent years have shown . A succession,recent years have shown . A succession,0.0
test_000687.png,the meeting of water from north and south .,the meeting of water from north and south,0.046511627906976744
test_000688.png,"mean no herring along the shore , as","mean to beering along the shore , as",0.08333333333333333
test_000689.png,"to this rump of coastline , caused by","to this jump of coastline , caused by",0.02702702702702703
test_000690.png,though a very hard westerly will,though a very hard westerly with,0.0625
test_000691.png,of winds is needed for this effect of,of winds is needed for this effect of,0.0
test_000692.png,"works , it may well be that this outset , akin","works , it may well be that this subset , akin",0.043478260869565216
test_000693.png,Knoll . Without an explanation of how it,Knell . Without an explanation of how it,0.025
test_000694.png,"Herring fishermen call this "" the outset "" . It","Hearing fishermen call this "" the outset . "" It",0.06382978723404255
test_000695.png,"wind you will "" set "" out - or drift to the east-","wind you will "" set "" out-or drift to the east-",0.04081632653061224
test_000696.png,"ward , the length of half a fleet of nets -","ward , the length of half a fleet of nets -",0.0
test_000697.png,"is strongest at spring tides , when without","is strongest at spring tides , when without",0.0
test_000698.png,almost a mile on every tide at the Smith's,almost a mile on every tide of the Smith's,0.047619047619047616
test_000699.png,been the biggest factor through the ages,been the biggest factor though the ages,0.025
test_000700.png,in the constancy of this great herring fishery .,in the constancy of this great herring fishery,0.041666666666666664
test_000701.png,"to the mouth of a great salmon river , has","to the mouth of a great salmon river , has",0.0
test_000702.png,( Just how the seine ropes do this is not yet proved ; it may,What how the same rapes do this is not yet proved ; it may,0.14754098360655737
test_000703.png,"to overcome its effect , very few fish would be caught .","to overcome its effect , very few fish would be caught .",0.0
test_000704.png,through or along the bottom . ) But given such a bow,through or along the bottom . ) But given such a bow,0.0
test_000705.png,"sand ; or even in the case of flat fish , by vibrations","sound ; or even in the care of flat fish , by vibrations",0.05454545454545454
test_000706.png,"wave of disturbance , it is obvious that without something","wave of disturbance , it is obvious that without something",0.0
test_000707.png,"be by actual contact , or by sight reaction to the disturbed","be by actual contact , or by sight reaction to the disturbed",0.0
test_000708.png,aware of the moving footrope before,aware of the moving footrope before,0.0
test_000709.png,appear to be the simplest case -,appear to be the simplest case -,0.0
test_000710.png,"they become ( 1 ) tired , or ( 2 ) more used","they become ( 1 ) tired , or (2 ) more used",0.022727272727272728
test_000711.png,Let us consider first what would,tet us consider first what would,0.03125
test_000712.png,The evidence suggest that the fish are,The evidence suggest that the fish are,0.0
test_000713.png,to the disturbance .,to the disturbance . ',0.1
test_000714.png,that of flat fish on the bottom .,that of flat fish on the bottom .,0.0
test_000715.png,"it , swimming at the same speed","cut , swimming at the same speed",0.06451612903225806
test_000716.png,it reaches them . They move away before,it reaches them . They move away before,0.0
test_000717.png,"for an unknown period of time , until","for an unknown period of time , until",0.0
test_000718.png,"sea-bed , though the footrope in this case","two-bed , through the foodrose in this case",0.14285714285714285
test_000719.png,indeed passing over some fish .,irredud forming our name fish .,0.3870967741935484
test_000720.png,"the footrope , and presumably out of its","the footrops , and presumably out of this",0.1
test_000721.png,that the wave might be transmitted by the,that the war might be transmitted by the,0.04878048780487805
test_000722.png,the seine-net film this usually seemed to,the mine-net film thoroughly rumed to,0.2926829268292683
test_000723.png,happen just after the fish had risen above,hagarin just after their fish had risen alone,0.19047619047619047
test_000724.png,was actually just off the bottom and was,was actually just of the bottom and was,0.025
test_000725.png,"field of disturbance , or bow wave . This suggests","child of disturbance , or how more . This supports",0.22
test_000726.png,Then they stop swimming and are caught . In,Then they stop swimming and are caught . In,0.0
test_000727.png,Cover in the fast-moving trawl is considered,Cover in the past-moving travel is considered,0.06818181818181818
test_000728.png,reaction to disturbance would be upwards .,reaction to disturb once would be upwards,0.09523809523809523
test_000729.png,would seem to be even more essential ;,would seem to be even more essential .,0.02631578947368421
test_000730.png,And in this film the rise of the fish was,And in this film the rise of the fish was,0.0
test_000731.png,essential to catch round fish whose,essential to catch round from whose,0.08571428571428572
test_000732.png,"fish like haddock , which would hardly","fich like had dark , which would hardly",0.10526315789473684
test_000733.png,but more films are needed to prove this .,but more films are needed to prove this .,0.0
test_000734.png,"small , a matter of a foot or two . With round","small , a matter of a foot or two . With round",0.0
test_000735.png,"find safety on the bottom , this cover","find safety on the bottom , this cover",0.0
test_000736.png,Actually the seine net has little or no cover .,Actually the seine net has little or no cover,0.0425531914893617
test_000737.png,"They also had to cope with the usual flood of rumours , so-","They also had to cope with the usual flood of rumours ,",0.06779661016949153
test_000738.png,"in which she had died , there was nothing on","in which she had died , there was nothing on",0.0
test_000739.png,the victim and inspecting at Waterloo the carriage,the victim and inspecting at Waterloo the carriage,0.0
test_000740.png,adjourned .,adjourned .,0.0
test_000741.png,"the Thursday evening , with blood actually dripping from",the Thursday evening with 6food actually dripping from,0.07142857142857142
test_000742.png,"his hands . The inquest was opened on February 17 , but ,","This hands . The inquest was opened on February 17 , but ,",0.017543859649122806
test_000743.png,man had been seen fleeing from Vauxhall station on,man had been seen fleeing from Vauxhall station on,0.0
test_000744.png,"me well meant , some mischievous , including one that a","me well meant . Some mis Chievous , including one that a",0.07272727272727272
test_000745.png,beyond the jury hearing a formal identification of,beyond the jury hearing a formal identification of,0.0
test_000746.png,"which to proceed , and the inquest was",which in the process of the highest was,0.42105263157894735
test_000747.png,Day by day the police followed up likely and even unlikely,Day by day the police followed up likely and even unlikely,0.0
test_000748.png,a detailed account of his movements on the 11th . The dead,be detailed account of his movements on the North Shields dead,0.20689655172413793
test_000749.png,named Brown .,themed Brown .,0.23076923076923078
test_000750.png,trails . It was learned that Elizabeth Camp had been lending,travis . It was learned that Eli-2o'beth Camp had been leading,0.11666666666666667
test_000751.png,woman had been engaged once before - to a barman,woman had been engaged once before - to a German,0.041666666666666664
test_000752.png,"money to her relatives , and her brother-in-law was asked for","money to her relatives , as her brother-in-law was asked for",0.03278688524590164
test_000753.png,money . All the while the police were casting about,money . All the while the police were casting about,0.0
test_000754.png,"as a man of about thirty , of medium height , with","as a man of about thirty of medium height , with",0.04
test_000755.png,This man agreed that his engagement had,This man agreed that his engagement had,0.0
test_000756.png,and a top-hat .,and a top-hat .,0.0
test_000757.png,at Wandsworth . A passenger described this individual,at Wandsworth . A passenger described this individual,0.0
test_000758.png,"a dark moustache , and wearing a frockcoat","a dark moustache , and wearing a frockcoat",0.0
test_000759.png,for a man who had been seen leaving the train,for a man who had been seen leaving the train,0.0
test_000760.png,"tiff , but denied that he owed Miss Camp any","Stiff , but denied that he owed Miss Camp any",0.022727272727272728
test_000761.png,been broken off after one particular,been broken off # after one particular,0.05555555555555555
test_000762.png,"defective , and , despite his claim to infamy ,","defective , and despite his claim to infamy ,",0.0425531914893617
test_000763.png,"description , but the man was not traced .","description , but the man was not-t raced .",0.047619047619047616
test_000764.png,The porter at the station bore out this,The porter at the station bore out this,0.0
test_000765.png,"at Wandsworth police-station , claiming to have","at Wandsworth police-station , Claiming to have",0.02127659574468085
test_000766.png,committed the murder - but he was mentally,committed the murder - but he was mentally,0.0
test_000767.png,for a man did obligingly present himself,for a man did obligingly present himself,0.0
test_000768.png,"Perhaps the news of their search got around ,","perhaps the news of their search got around ,",0.022222222222222223
test_000769.png,had been nowhere near the 7.42 that evening .,had been nowhere near the 1.42 that evening .,0.022222222222222223
test_000770.png,dactyloscopy was only in its beginnings .,dactyloscopy was only in its beginnings .,0.0
test_000771.png,"a verdict of "" wilful murder against some person or","a verdict of "" willful murder against some person or",0.0196078431372549
test_000772.png,"persons unknown . "" The most vital clue of the Wedgwood","persons unknown . "" The most vital clue of the Wedgwood",0.0
test_000773.png,"adjournments , until April 7 , finally had to be content to return","adjournments , until April 7 , finally had to be content to return",0.0
test_000774.png,"And so the inquest , which had dragged on , with","And so the inquest , which had dragged on with",0.041666666666666664
test_000775.png,pestle had been of no assistance . The killer must,pestile had been of no assistance . The killer must,0.02
test_000776.png,have been very thankful that the science of,have been very thankful that the science of,0.0
test_000777.png,sinister in the idea of tunnels . The building of,disinister in the idea of tunnels . The building of,0.04081632653061224
test_000778.png,solution emerged . There has always been something,stitution emerged . There has always been something,0.06
test_000779.png,yet so strange were the circumstances that it was,yet so strange were the circumstances that it was,0.0
test_000780.png,hazardous business .,hazardous business .,0.0
test_000781.png,were many people who believed that to travel,were many people who believed that to travel,0.0
test_000782.png,through tunnels would be an equally,through tunnels would be an equally,0.0
test_000783.png,"The next female fatality occurred eight years later ,","The next female fatality occurred eight years later ,",0.0
test_000784.png,a further seven years before even a ghost of a,a further seven years before even a ghost of a,0.0
test_000785.png,them was one of the most dangerous jobs con-,them was one of the most dangerous jobs con-,0.0
test_000786.png,nected with railway construction ; and there,elected with railway construction ; and there,0.045454545454545456
test_000787.png,Some thought that the result would be all,Some thought that the result would be all,0.0
test_000788.png,"by it will be so heartily sick , what with the","by it will be so heartily sick , what with the",0.0
test_000789.png,wrote an anti-railway industrialist when it was,wrote an anti-railway industrialist when it was,0.0
test_000790.png,"of a railway will be worse than Ipecacuanha , """,of a railway will be worse than 1 pecacuanna's,0.14893617021276595
test_000791.png,sorts of horrible illnesses brought on by the,sports of horrible illnesses brought on by the,0.022222222222222223
test_000792.png,"confined atmosphere . "" The shareholders who travel","confined atmosphere . "" The shareholders who travel",0.0
test_000793.png,proposed to build the Box Tunnel .,proposed to build the box Tunnel .,0.029411764705882353
test_000794.png,"foul air , smoke and sulphur , that the mention","ofoul aiz , smoke and sulphur , that the mention",0.0425531914893617
test_000795.png,"said , "" the deafening peal of thunder , the sudden","said , "" the deafering peal of thunder , the sudden",0.0196078431372549
test_000796.png,gave others a feeling of danger . A medical journal,gave others a feeling of danger . A medical journal,0.0
test_000797.png,"immersion in gloom , and the clash of reverberated","immersion in gloom , and the clash of reverberated",0.0
test_000798.png,darkness .,dazeness .,0.2
test_000799.png,passengers would be robbed and assaulted in the,passengers would be robbed and assaulted in the,0.0
test_000800.png,"of annihilation . "" It was also prophesied that",of annihilation . It was also proposed that,0.10638297872340426
test_000801.png,"momentary shudder , or idea of destruction , a thrill","momentary shoulder , or idea of destruction , a thriller",0.07547169811320754
test_000802.png,The mere thought of subterranean travel,The mere thought of subterranean travel,0.0
test_000803.png,sounds in a confined space combine to produce a,grounds in a confined space combine to produce a,0.0425531914893617
test_000804.png,"The first was that of Mr Gold , in the famous","The first was that of Mr. Gold , in the Famous",0.044444444444444446
test_000805.png,in circumstances pointing to murder .,in circumstances pointing to murder .,0.0
test_000806.png,which a body has been found in a tunnel,which a body lay been found in a tunnel,0.05128205128205128
test_000807.png,"For all that , as far as England is concerned ,","For all that , as far as England is concerned ,",0.0
test_000808.png,victim was a woman .,vicsim was a woman .,0.05
test_000809.png,"Lefroy case , and by an odd chance the second tragedy","LeFroy , case , and by an odd chance the second tragedy",0.05660377358490566
test_000810.png,"occurred on the same line , although this time the","concurred on the same line , although this time the",0.04
test_000811.png,there have been only two occasions on,there have been only two occasions on,0.0
test_000812.png,"the London , Brighton and South Coast Railway ,","the London , Brighton and South Coast Railway ,",0.0
test_000813.png,she had fallen or been thrown from a train .,she had fallen or been thrown from a train,0.045454545454545456
test_000814.png,no doubt that the woman had been the victim,who doubt that the woman had been the victim,0.046511627906976744
test_000815.png,"of foul play , the verdict brought in was that there","of foul play , the verdict brought in was that there",0.0
test_000816.png,"24 , 1905 , a Sunday , Sub-Inspector Peacock , of","2/4. 1908 , a Sunday , Sub-Inspector Peacock , of",0.08163265306122448
test_000817.png,Though in the minds of most people there was,Though in the minds of most people there was,0.0
test_000818.png,"Brighton line , is approximately one mile long ,","Brighton line , is approximately one mile long",0.041666666666666664
test_000819.png,was not sufficient evidence to show whether,what not sufficient evidence to show whether,0.046511627906976744
test_000820.png,and some time before midnight on September,and some time before midnight on September,0.0
test_000821.png,"The Merstham Tunnel , on the London-to-","The Merstham Tunnel , on the London , to-",0.07692307692307693
test_000822.png,the Feathers Hotel to await identification .,the Feathers Hotel to await identification .,0.0
test_000823.png,"Was it a case of suicide , where some unhappy soul","was it a case of suicide , Where some unhappy soul",0.04
test_000824.png,"doctor , the woman , young , small , and rather plump ,","doctor , the woman , young , small and rather plumps",0.07272727272727272
test_000825.png,had walked deliberately into the blackness and,had valued deliberately into the blageness and,0.08695652173913043
test_000826.png,"Station , and a stretcher party took the body to","Station , and a stretcher party took the body to",0.0
test_000827.png,into the path of some train ? This hardly seemed,into the path of some train ? This hardly seemed,0.0
test_000828.png,He sent word straight away to near-by Merstham,He sent word straight away to near-by Merstham,0.0
test_000829.png,thrust in her mouth like a gag .,thurst in her mouth like a gag,0.125
test_000830.png,"likely , since , when she was examined by a local","lively , since , when she was examined by a local",0.02040816326530612
test_000831.png,was found to have her own silk scarf drawn,Who is found to have her own silk scarf drawn,0.11904761904761904
test_000832.png,It was the battered and broken body of a woman .,It was the battered and broken body of a woman .,0.0
test_000833.png,"almost tight enough to strangle her , and the ends","allowest tight enough to strangleher , and the ends",0.08
test_000834.png,"fication , no money , and no railway ticket . By then","fication , no money , and no railway ticket . By then",0.0
test_000835.png,occurred before her death was ensured by some,concurred before her death was ensured by some,0.044444444444444446
test_000836.png,"this stretch of line , but no information was","this stretch of line , but no information was",0.0
test_000837.png,reports were being gathered about all traffic over,reports were being gathered about all traffic over,0.0
test_000838.png,forthcoming about any carriage with an open,forthcoming about any carriage with an open,0.0
test_000839.png,which might relate .,which might relate .,0.0
test_000840.png,"Both her wrists bore the marks of severe bruising ,","Both her wrists bore the man's of severe bruising ,",0.0392156862745098
test_000841.png,and there were other injuries on her body which had,and there were other injuries on her body which had,0.0
test_000842.png,train which had roared through the tunnel . There were,train which had roared through the tunnel . There were,0.0
test_000843.png,no letters or papers found on her to assist identi,no letters or papers found on her to assist identi-,0.02
test_000844.png,"door , nor any passenger reporting an incident","door , nor any passenger reporting an incident",0.0
test_000845.png,During that time a description of the girl was,During that time a description of the girl was,0.0
test_000846.png,"circulated , and a Mr Robert Money came forward to","Circulated , and a Mr Robert Honey came forward to",0.04
test_000847.png,So the body of this small girl with the blue eyes and,So the body of this small girl with the blue eyes and,0.0
test_000848.png,whom she worked as a book-keeper .,which she worked as a bookkeeper .,0.11764705882352941
test_000849.png,"identify her as his sister , Mary Money , aged twenty-two .","identify her as his sister , Mary money , aged twenty-two .",0.01694915254237288
test_000850.png,"Clapham , on the premises of a dairyman , Bridger , for","claghan , on the premises of a dairyman , Bridger , for",0.05454545454545454
test_000851.png,"The girl , who was described as being "" always bright and","The girl , who was described as being "" always bright and",0.0
test_000852.png,remained a mystery until later the following day .,remained a mystery until later the following day,0.04
test_000853.png,long brown hair in a bun at the back of her head,long brown hair in a bun at the back of her head,0.0
test_000854.png,"jolly , "" had been unmarried , and lived at Lavender Hill ,","Wolly , "" had been unmarried , and lived at Lavender Hill ,",0.01694915254237288
test_000855.png,"evening at about seven o'clock , telling her room-mate , Emma","evening an about seven of clock , telling her room- Nate , Emma",0.08196721311475409
test_000856.png,purse .,ques .,0.42857142857142855
test_000857.png,"On the Sunday , the day of her death , she had gone out in the","Only the Sunday , the day of her death , she had gave out in the",0.06451612903225806
test_000858.png,"Hone , that she was going for a walk , but would not be","However , that she was going for a walk , but would not be",0.07272727272727272
test_000859.png,"carrying a handbag , but she believed she had had a small","carrying a handbag , but she believed she had had a small",0.0
test_000860.png,"gone for long . According to Miss Hone , she had not been","gone for long . According to Miss House , she had not been",0.03508771929824561
test_000861.png,rican would not say ; nothing an,rican would not say ; nothing and,0.03125
test_000862.png,to which the Frenchman would not,to which the Frenchman would not -,0.0625
test_000863.png,glishman would not do ; nothing an Ame-,glishman would not do ; nothing on Anne-,0.07692307692307693
test_000864.png,SOME years ago a contemporary philosopher,SOME years ago a contemporary philosopher,0.0
test_000865.png,would not eat .,would not eat .,0.0
test_000866.png,dance ; nothing the German would,dance ; nothing the German would,0.0
test_000867.png,told us that there was nothing an En-,told us that there was nothing an em-,0.05405405405405406
test_000868.png,Italian would not sing ; no music,Italian would not sing in no music,0.06060606060606061
test_000869.png,not covet ; and nothing the Chinese,not covet ; and nothing the Chinese,0.0
test_000870.png,nothing the German would not covet ; and,nothing the German would not covet ; and,0.0
test_000871.png,nothing the Chinese would not eat .,nothing the Chinese would not eat .,0.0
test_000872.png,told us that there was nothing an Englishman,told us that there was nothing an Englishman,0.0
test_000873.png,say ; nothing an Italian would not sing ; no,"say , nothing on Italian would not sing , not",0.09090909090909091
test_000874.png,would not do ; nothing an American would not,"would not do , nothing as American would not",0.045454545454545456
test_000875.png,music to which the Frenchman would not dance ;,"music to which the Frenchman would not dance , '",0.06521739130434782
test_000876.png,SOME years ago a contemporary philosopher,Some years ago a contemporary philosopher,0.07317073170731707
test_000877.png,"many centuries ago , in some cave or hilly","many centuries ago , in some care or hilly",0.023809523809523808
test_000878.png,hold forth from a spear the welcome gobbet of,hold forth from a spear the welcome gobbel of,0.022222222222222223
test_000879.png,"hide , did our forebears home from the chase","hide , did our forebears home from the chance",0.045454545454545456
test_000880.png,It is not our purpose to discuss this dictum .,It is not our purpose to discuss this dictum .,0.0
test_000881.png,homely and protecting flame .,homely and protecting flame .,0.0
test_000882.png,borrowed straight from the prehistoric . How,oborrowed straight from the prehistoric . How,0.022727272727272728
test_000883.png,the progress of civilisation which allows a dish,the program of civilisation which allows a dish,0.0625
test_000884.png,Suffice to say that few of us stop to marvel at,Griffice to say that few of us stop to marvel at,0.06382978723404255
test_000885.png,meat or fish burnt and roasted in the,meat or fish burnt and roasted in the,0.0
test_000886.png,ladies toying with these primitive morsels in the,ladius toying with these primitive models in the,0.061224489795918366
test_000887.png,"evening meal . Later came the thrifty peasant ,",evening meal . Later came the thrifty peasant,0.0425531914893617
test_000888.png,How many centuries later did the mercenary in,How many centuries later did the mercenary in,0.0
test_000889.png,gleam and glitter of our latter-day restaurants .,glean and glitter of our latter-day restaurants .,0.02040816326530612
test_000890.png,later still the young Victorian buck adventuring,later still the young Victorian bush advertising,0.10416666666666667
test_000891.png,"in Paris , and even later our attractive young","in Paris , and even later our attractive young",0.0
test_000892.png,the Roman wars thus impale on pike or lance his,the Roman wars thus impah on pile or lower this,0.1702127659574468
test_000893.png,than mere converse has always been there .,than were converse has always been there .,0.023809523809523808
test_000894.png,"And , if certain dishes and modes of food have",And if certain dishes and modes of food have,0.043478260869565216
test_000895.png,important than the casual meetings of the present,important than the casual meetings of the present,0.0
test_000896.png,"persisted down the ages , the motive that preserved","persisted down the ages , the motive that preserved",0.0
test_000897.png,always been strong in mankind . The sharing of,clearage been strong in mankind . The sharing of,0.13043478260869565
test_000898.png,day ; the desire to share something more intimate,day ; the desire to share something more intimate,0.0
test_000899.png,them has always been the same . Apart from the need,When has always been the same . Apart from the need,0.0392156862745098
test_000900.png,a meal in those earliest dangerous days was an,a meal in those earliest dangerous days was an,0.0
test_000901.png,admittance into an acquaintanceship far more,Godmelfance into an acquaintance ship for more,0.1590909090909091
test_000902.png,"for nourishment , the instinct of hospitality has","for nourishment , the instinct of hospitality has",0.0
test_000903.png,programme of entertainment almost,programme of entertainment almost,0.0
test_000904.png,tation affords an opportunity of,station affords an opportunity of,0.03125
test_000905.png,It is a far enough cry from the primitive,At its afar enough cry from primitive,0.17073170731707318
test_000906.png,meal-times of a simpler world to the,meal-times of a simpler world to the,0.0
test_000907.png,showing a guest something of ourselves .,showing a guest something of ourselves .,0.0
test_000908.png,"banquets of later days , when the table","bomquets of later days , when the table",0.05128205128205128
test_000909.png,groaned under its load of complicated,groaned under its load of complicated,0.0
test_000910.png,unlimited in its variety and its presen-,unlimited in its variety and its personal,0.125
test_000911.png,The truth is that good food offers a,The truth is that good food offers a,0.0
test_000912.png,"dishes , and for all the blossoming of the","dishes , and for all the blossoming of the",0.0
test_000913.png,arts around them the diners were little,parts around them the diner were little,0.05128205128205128
test_000914.png,"tongues ; unreasonable surfeit , too , in the","forges ; unreasonable surfest , by the",0.26666666666666666
test_000915.png,himself go ; and it was from his simpler,himself go ; and it was from his simple,0.025
test_000916.png,"save at feast times , when he , too , let","save at least times , when he , too , let",0.024390243902439025
test_000917.png,There was always the spice of an orgy,There was always the spice of an easy,0.08108108108108109
test_000918.png,"in those Roman feasts , for instance , with","in those Roman feasts , for instance , with",0.0
test_000919.png,all their peacocks and nightingales',all their peacock and nightingcles .,0.1111111111111111
test_000920.png,"those days , as ever , ate sparingly , but","those days , as ever , ate sparingly , but",0.0
test_000921.png,"generously enough in his own fashion ,",generously enough in his own fashion .,0.02631578947368421
test_000922.png,elaborate fashion of eating brought,celeborate fashions of eating brought,0.08571428571428572
test_000923.png,by Catherine de Medici . The peasant in,by Catherine de Medici . The peasant in,0.0
test_000924.png,"out of Italy into France , we are told ,","out of Italy into France , we are told ,",0.0
test_000925.png,"eye with magnitude , began to understand the value of","eye with magnitude , began to understand the value of",0.0
test_000926.png,"Epicures and gourmands , sated by the unending","Epicures and gourmands , sated by the unending",0.0
test_000927.png,"the dishes of the country , and , instead of gorging the","the ditches of the country , and , instead of gorging the",0.03571428571428571
test_000928.png,of the 18th century - that amazing epoch of,of the 18th century - that amazing epoch of,0.0
test_000929.png,"intelligent selection and comparative simplicity , though","intelligent selection and comparative simplicity , though",0.0
test_000930.png,procession of dishes from those mammoth kitchens,procession of dishes from those mammoth kitchens,0.0
test_000931.png,nowadays their simplified meals would seem quite,nowadays their simplified meals would seem quite,0.0
test_000932.png,monstrous .,monstrous .,0.0
test_000933.png,grossness and delicacy - sought inspiration at last from,grossness and delicacy - sought inspiration at last from,0.0
test_000934.png,"of gorging the eye with magnitude ,",of sagging the eye with magnitude,0.14285714285714285
test_000935.png,"simplicity , though nowadays their","simplicity , though nowadays their",0.0
test_000936.png,"the dishes of the country , and , instead","the dishes of the country , and , instead",0.0
test_000937.png,intelligent selection and comparative,intelligent selection and comparative,0.0
test_000938.png,delicacy - sought inspiration at last from,delicacy - sought inspiration at last from,0.0
test_000939.png,that amazing epoch of grossness and,that amazing epoch of grossness and,0.0
test_000940.png,simplified meals would seem quite,simplified meals would seem quite,0.0
test_000941.png,mammoth kitchens of the 18th century -,marnoth kitchens of the 18th century -,0.05263157894736842
test_000942.png,"Epicures and gourmands , sated by the","Epicures and governments , sited by the",0.16216216216216217
test_000943.png,began to understand the value of,began to understand the value of,0.0
test_000944.png,unending procession of dishes from those,unending procession of dishes from those,0.0
test_000945.png,"Does one , however , know who first thought of boiling","Does one , however , know who first thought of boiling",0.0
test_000946.png,"water and food ? The ancient Britons , I believe , used to","water and food ? The ancient Britons , I believe , used to",0.0
test_000947.png,"make water hot by dropping a red-hot poker into it ,","moke water hot by dropping a red-hat poker into it ,",0.038461538461538464
test_000948.png,because their pots would not stand fire ; but Jacob,"because their pots would not stand fire , but Jacob",0.0196078431372549
test_000949.png,his birthright to him for a mess of pottage - and,his birthright to him for a mess of cottage - and,0.02040816326530612
test_000950.png,which the Israelites sighed .,which the Israelites signed .,0.034482758620689655
test_000951.png,"must have had one that would , because Esau sold","must have had one that would , because Esau sold",0.0
test_000952.png,then we hear of the fleshpots of Egypt after,then we hear of the fleshpots of Egypt after,0.0
test_000953.png,"Does one , however , know who first thought","does one , however , know who first thought",0.023255813953488372
test_000954.png,"Britons , I believe , used to make water hot","Britons , I believe , used to make water .",0.06818181818181818
test_000955.png,of boiling water and food ? The ancient,"of boiling water and food ? "" The ancient",0.05128205128205128
test_000956.png,we hear of the fleshpots of Egypt,where hear of the footprints of Egypt,0.30303030303030304
test_000957.png,after which the Israelites sighed .,crafts which the Israelites signed,0.2
test_000958.png,to him for a mess of pottage - and then,to him for a mess of cottage - and then,0.02564102564102564
test_000959.png,"would , because Esau sold his birthright","would , because Esan sold his birth right",0.05
test_000960.png,but Jacob must have had one that,but Jacob must have had one that,0.0
test_000961.png,because their pots would not stand fire ;,because their pots would not stand fire ;,0.0
test_000962.png,"by dropping a red-hot poker into it ,","by dropping a red-hot poles into it ,",0.05405405405405406
test_000963.png,When Achilles gave a royal feast the principal dish,When Achilles gave a royal feast the principal dish,0.0
test_000964.png,lifted urns,lifted arms .,0.36363636363636365
test_000965.png,"length subside , He throws a bed of glowing","length subside , He throws a bed of glowing",0.0
test_000966.png,"was a grill , which he cooked himself , and he knew","was a grill , which he cooked himself , and he knew",0.0
test_000967.png,"fragment turns , And sprinkles sacred salt from","fragment turns , And sprinkles sacred salt from",0.0
test_000968.png,way of cooking meat except by roasting and boiling .,way of cooking meat except by roasting and boiling,0.038461538461538464
test_000969.png,embers wide ; Above the coals the smoking,members wide ; Above the coats the smoking,0.04878048780487805
test_000970.png,"Anyhow , Homer does not seem to have known any","Anyhow , Homer does not seem to have known any",0.0
test_000971.png,"how to do it , too : - When the languid flames at","how to do it , too : - When the languid flames at",0.0
test_000972.png,"Anyhow , Homer does not seem to have","Anyhow , Homer does not seem to have",0.0
test_000973.png,except by roasting and boiling . When,except by roasting and boiling . When,0.0
test_000974.png,"turns , And sprinkles sacred salt","turns , And sprinkles sacred salt",0.0
test_000975.png,"and he knew how to do it , too : - When the","and he knew how to do it too : "" When the",0.06976744186046512
test_000976.png,throws a bed of glowing embers wide ;,Hollows ahead of glowing enters widely,0.2972972972972973
test_000977.png,from lifted urns .,from lifted wins .,0.1111111111111111
test_000978.png,"languid flames at length subside , He","languid flames at length subside , He",0.0
test_000979.png,Above the coals the smoking fragment,Above the coats the smoking fragment,0.027777777777777776
test_000980.png,"dish was a grill , which he cooked himself ,","Polish was a grill , which he cooled himself ,",0.09090909090909091
test_000981.png,Achilles gave a royal feast the principal,itchilles gave a royal feast the principal,0.04878048780487805
test_000982.png,known any way of cooking meat,known any way of cooling meat,0.034482758620689655
test_000983.png,and intellect . A remarkable peculiarity in the banquets,and intellect . A remarkable peculiarity in the banquets,0.0
test_000984.png,"fireproof earthenware from the Egyptians , their cookery","fivepoof earthenware from the Egyptians , their cookery",0.03571428571428571
test_000985.png,"in the preparation of stimulants for the palate ,","in the preparation of stimulants for the palate ,",0.0
test_000986.png,to their aid .,to their aid .,0.0
test_000987.png,confine the resources of the table to the gratification,confine the resources of the table to the gratification,0.0
test_000988.png,they broke fresh ground and called another sense,they broke fresh ground and called another sense,0.0
test_000989.png,of one sense alone . Having exhausted their invention,of one sense alone . Having exhausted their invention,0.0
test_000990.png,"made rapid progress , because they were men of taste","made rapid progress , because the were men of taste",0.019230769230769232
test_000991.png,of the ancient world was the fact that they did not,of the ancient world was the fact that they did not,0.0
test_000992.png,"When , however , the Greeks did learn the art of making","When , however , the Greeks did learn the art of making",0.0
test_000993.png,article in their festal preparations ; and it is the,article in their fetal preparations ; and it is the,0.019230769230769232
test_000994.png,was a subject of no little importance to the Romans .,was a subject of no little importance to the Romans .,0.0
test_000995.png,By delicate application of odours and richly-distilled,By delicate application of odours and richly-distilled,0.0
test_000996.png,"perfumes , these refined voluptuaries aroused the","perfumes , these refined voluptuaries aroused the",0.0
test_000997.png,number of flowers far exceeded the number,number of flowers far exceeded the number,0.0
test_000998.png,opinion of Bassius that at their desserts the,opinion of Bassius that at their desserts the,0.0
test_000999.png,of fruits .,of fruits .,0.0
test_001000.png,fainting appetite and added a more exquisite and,ofainting appetite and added a more exquisite and,0.020833333333333332
test_001001.png,They considered flowers as forming a very essential,They considered flowers as forming a very essential,0.0
test_001002.png,ethereal enjoyment to the grosser pleasures of the,gethered enjoyment to the grosser pleasures of the,0.06
test_001003.png,board . The gratification of the sense of smelling,board . The gratification of the sense of smelling,0.0
test_001004.png,traveller occasionally encounters a certain,traveller occasionally encounters a certain,0.0
test_001005.png,and flowers proved of sovereign power,and flowers proved of sovereign power .,0.05405405405405406
test_001006.png,measure of novelty .,measure of novelty .,0.0
test_001007.png,clarifying the functions of the brain . It,delarifying the functions of the brain . It,0.047619047619047616
test_001008.png,"According to Pliny , and others , certain herbs","According to Pliny , and others , certain herbal",0.0425531914893617
test_001009.png,"the sun , but regarding foodstuffs the","the sum , but regarding foodstuffs . The",0.10526315789473684
test_001010.png,is said that there is nothing new under,is said that there is nothing new under,0.0
test_001011.png,they restore the hair of the bald and that,they restore the hair of the bald and that,0.0
test_001012.png,piece of resistance .,piece of resistance .,0.0
test_001013.png,a delicacy . The visitor is told that,a delicacy . If he visitor is told that,0.08108108108108109
test_001014.png,"In China , for instance , dried rats are esteemed","In China , for instance , dried rats are esteemed",0.0
test_001015.png,A number of newly-born white mice served,A number of newly-born white mice served,0.0
test_001016.png,like a prairie oyster is considered a,like a prairie oyster is considered a,0.0
test_001017.png,a stewed black rat will ward off a fever .,"a stewed black rat will word off a fever ,",0.047619047619047616
test_001018.png,"alive , dipped in treacle and swallowed","active , dipped in treacle and swallowed",0.05128205128205128
test_001019.png,"from eating it fresh , squash it , press","from eating it fresh , squash it , press",0.0
test_001020.png,roasted on the point of a spear are,treated on the point of a spear are,0.08571428571428572
test_001021.png,peoples have a high opinion of the octopus,peoples have a high opinion of the octopus .,0.047619047619047616
test_001022.png,as an article of diet . So have the Japanese,"as an article of diet , So have the Japanese",0.022727272727272728
test_001023.png,Among the natives of Northern Australia lizards,Among the natives of Northern Australia lizards,0.0
test_001024.png,of it in almost any provision shop .,of it in almost any provision shop .,0.0
test_001025.png,definitely a delicacy while Mediterranean,definitely a delicacy while of Mediterranean,0.07317073170731707
test_001026.png,"over with flour , you will find a stack","over with flour , you will find a stock",0.02564102564102564
test_001027.png,"and the Chinese . The Celestials , apart","and the Chinese . The Celebrats , apart",0.1
test_001028.png,"it and dry it , in which form , dusted","At and dry it , in which form , dueted",0.05263157894736842
test_001029.png,activities to a greater extent than is usually assumed .,activities to a greater extent from is usually assumed .,0.07142857142857142
test_001030.png,If that country had not been for so long a battlefield red,If that country had not been for so long a battlefield red,0.0
test_001031.png,provides many Magyar dishes with a vivid and brilliant,provides many Maygar dishes with a vivid and brilliant,0.037037037037037035
test_001032.png,We naturally cannot overlook that Magyar cookery owes,We naturally cannot overlook that Magyar cookery owed,0.018867924528301886
test_001033.png,Hungary would have been deprived of the condiment which,Hungary would have been deprived of the continent which,0.03636363636363636
test_001034.png,"with the blood shed to defend Christian civilisation ,","with the blood shed to defend Christian civilisation ,",0.0
test_001035.png,Foodlore reflects much more of national temperament,Foodlore reflects much more of national temperament,0.0
test_001036.png,one of its most classic features to the Turkish rule under,one of its most classic features to the Turkish rule under,0.0
test_001037.png,which the Hungarians groaned for nearly 200 years .,which the Hungarians groaned for nearly 200 years .,0.0
test_001038.png,than is customarily imagined as well as entering human,than is customarily imagined as well as entering human,0.0
test_001039.png,"fire , aerian creams , ingenious pastries and a","fire , aeriaon creams , ingenious pastries and a",0.02127659574468085
test_001040.png,crescent-shaped breakfast roll created by a pastry cook to,present-shaped breakfast roll created by a pastry cook to,0.034482758620689655
test_001041.png,aromatics where the paprika insinuates its perfidious,paramatics where the paprika insinuates its periodious,0.07547169811320754
test_001042.png,"cookery is reminiscent of bull-fights , of Spanish dancing","cookery is reminiscent of full-fights , of Spanish dancing",0.017241379310344827
test_001043.png,celebrate the victory against the Turks in 1683 . Spanish,celebrate the victory against the Turks in 1683 . Spanish,0.0
test_001044.png,The Austrian cuisine embraces the delectable 6Wiener,The Austrian cuisine embraces the delectable 6 Wiener,0.019230769230769232
test_001045.png,Schnitzel as well as dishes and stews heightened with,Schmitzel as well as dishes and stews heightened with,0.018867924528301886
test_001046.png,"and of Goja : it is vivid , highly coloured , sometimes","and of Goja : it is vivid , highly coloured , sometimes",0.0
test_001047.png,"streaks of poetry , meat disguised under heavy and vehement","streaks of poetry , meat disguised under heavy and vehement",0.0
test_001048.png,"Quixotic and withal it has a sombre ardour , with","Quixotic and withal it has a sombre ardour , with",0.0
test_001049.png,melody . The paprika and caraway perfume,melody . The paprika and caraway perfume,0.0
test_001050.png,ries recall in fact the rich heritage,eries recall in fact the rich heritage,0.02702702702702703
test_001051.png,the meats with their antithesis . The,the meats with their cntitness . The,0.08108108108108109
test_001052.png,opulent varieties of Czechoslovak past-,opulent varieties of Czechoslovak past-,0.0
test_001053.png,possibly comparable alone to a gypsy,possibly comparable alone to a gypsy,0.0
test_001054.png,"essentially French , and , irrespective of","essentially French , and , irrespective of",0.0
test_001055.png,"so languorous , so passionate , and","so languorous , so passionate , and",0.0
test_001056.png,specifically national . The art and,specifically national . The art and,0.0
test_001057.png,"The Czechoslovak kitchen , again , is","The Czechoslovak kitchen , again , is",0.0
test_001058.png,of rich embroideries and costumes,of rich embroideries and costumes .,0.06060606060606061
test_001059.png,"science of cookery , however , is","science of cookery , however , is",0.0
test_001060.png,"touch , the same unfailing sense of","touch , the same unfailing sense of",0.0
test_001061.png,proportion as exists among her,proportion as exists among her,0.0
test_001062.png,and aesthetic as well as physical .,and aesthetic as well as physical .,0.0
test_001063.png,exponents of things that are,exponents of things that are,0.0
test_001064.png,derive from gastronomy is intellectual,clative from gastronomy is intellectual,0.10526315789473684
test_001065.png,"feeding , the same subtle delicacy of","feeding , the same subtle delicacy of",0.0
test_001066.png,typically French .,typically French .,0.0
test_001067.png,The French have an inborn appreciation,The French have an inborn appreciation,0.0
test_001068.png,of good food and the gusto which they,of good food and the gusto which they,0.0
test_001069.png,There is the same finesse about their,There is the same finesse about their,0.0
test_001070.png,"writers , music composers and other","writers , music composers and other",0.0
test_001071.png,"her writers , music composers and other exponents of","ther writers , music composers and other exponents of",0.019230769230769232
test_001072.png,the gusto which they derive from gastronomy is intellectual,the gusto which they derive from gastronomy is intellectual,0.0
test_001073.png,"about their feeding , the same subtle delicacy of touch ,","about their feeding , the same subtle delicacy of touch ,",0.0
test_001074.png,and aesthetic as well as physical . There is the same finesse,and aesthetic as well as physical . There is the same finest,0.03278688524590164
test_001075.png,the same unfailing sense of proportion as exists among,the same unfairing sense of proportion as exists among,0.018518518518518517
test_001076.png,The French have an inborn appreciation of good food and,The French have an inform appreciation of good food and,0.03636363636363636
test_001077.png,things that are typically French .,things that are typically French .,0.0
test_001078.png,"The "" pot-au-feu "" is as much a national","The "" pot-au-few "" is as much a national",0.025
test_001079.png,institution in France as is tea drinking,institution in France as is tea drinking,0.0
test_001080.png,least once a week in every bourgeois,least once a week in every bourgeois,0.0
test_001081.png,baisse and sang - This Bouillabaisse,baisse and song - This Bouillabaisse,0.027777777777777776
test_001082.png,waxed enthusiastic about Bouilla-,waxed enthusiastic about Bouilla-,0.0
test_001083.png,"a noble dish is , A sort of soup , or","a noble dish is , A sort of soup , or",0.0
test_001084.png,"broth , or brew , A hotch-potch of all","obroth , or brew , A hotch-potch of all",0.02631578947368421
test_001085.png,among ourselves and it is prepared at,among ourselves and it is prepared at,0.0
test_001086.png,"could outdo ; Green herbs , red peppers ,","could out do , Green herbs , red peppers ,",0.04878048780487805
test_001087.png,sorts of fishes That Greenwich never,sports of fishes That Greenwich never,0.027777777777777776
test_001088.png,"household . Thackeray , of course ,","household . Thackeray , of course ,",0.0
test_001089.png,prepared at least once a week in every bourgeois,prepared at least once a week in every bourgeois,0.0
test_001090.png,about Bouillabaisse and sang - This Bouillabaisse a,about Bouillabaisse and sang - This Bouillabaisse a,0.0
test_001091.png,A hotch-potch of all sorts of fishes That Greenwich,A notch-potch of all sorts of fishes That Greenwich,0.0196078431372549
test_001092.png,"The "" pot-au-feu "" is as much a national institution","The "" pot-an-fun "" is as much a national institution",0.057692307692307696
test_001093.png,"never could outdo ; Green herbs , red peppers , mussels ,","never could outdo ; Green herbs , red peppers , mussels ,",0.0
test_001094.png,"saffron , Soles , onions , garlic , roach and dace .","suffron , Soles , onions , garlic , roach and dace-",0.057692307692307696
test_001095.png,"noble dish is , A sort of soup , or broth , or brew ,","problemdie dish is , A sort of sous , or broth , or brew ,",0.1320754716981132
test_001096.png,"household . Thackeray , of course , waxed enthusiastic","household . Thackeray , of course , waxed enthusiastic",0.0
test_001097.png,in France as is tea drinking among ourselves and it is,in France as is tea drinking among ourselves and it is,0.0
test_001098.png,piece of coarse bread and a,piece of coarse bread and a,0.0
test_001099.png,"food , believing that it impaired the","food , believing that it impaired the",0.0
test_001100.png,as well as the foods for which they have,as well as the foods for which they have,0.0
test_001101.png,fast and supper consisted of a,fast and supper consisted of a,0.0
test_001102.png,"had an aversion . Shelley , for example ,","had an question . Shelley , for example ,",0.0975609756097561
test_001103.png,the dietary welcomed by men of genius,the dietary welcomed by men of genius .,0.05405405405405406
test_001104.png,had a great contempt for animal,had a great contempt for criminal,0.12903225806451613
test_001105.png,A fascinating study also opens up in,A fascinating study also opens up in,0.0
test_001106.png,intellectual faculties . Bunyan's break-,intellectual faculties . Bunyon's break-,0.025
test_001107.png,bowl of milk .,bowl of milk .,0.0
test_001108.png,"which they have had an aversion . Shelley , for example ,","which they have had an aversion . Shelley , for example ,",0.0
test_001109.png,and a bowl of milk .,and a bowl of milk .,0.0
test_001110.png,breakfast and supper consisted of a piece of coarse bread,breakfast and supper consisted of a piece of coarse bread,0.0
test_001111.png,it # impaired the intellectual faculties . Bunyan's,it # impaired the intellectual facilities . Banyon 's,0.09803921568627451
test_001112.png,welcomed by men of genius as well as the foods for,welcomed by men of genius as well as the foods for,0.0
test_001113.png,"had a great contempt for animal food , believing that","had a great contempt for animal food , believing that",0.0
test_001114.png,A fascinating study also opens up in the dietary,A fascinating study also opens up in the category,0.10416666666666667
test_001115.png,Dante Gabriel Rossetti had simple tastes,Donte Gabriel Rossetti had simple tastes,0.025
test_001116.png,in food . At one dinner he is said to have,in food . At one dinner he is said to have,0.0
test_001117.png,examine the marks on the back,examine the marks on the back,0.0
test_001118.png,been blind to the charms of turbot and,been blind to the charms of turbot and,0.0
test_001119.png,in the dish in which it was served . He,in the dish in which it was saved . He,0.05128205128205128
test_001120.png,to have been much more interested,to have been much more interested .,0.06060606060606061
test_001121.png,without going through the formality,without going through the formally,0.05714285714285714
test_001122.png,of having his turbot removed first .,of having his turbot removed first .,0.0
test_001123.png,turned it over on the table cloth to,turned it over on the table cloth to,0.0
test_001124.png,without going through the formality of having his turbot,without going through the fidelity of living his trebot,0.14285714285714285
test_001125.png,removed first .,remored first .,0.06666666666666667
test_001126.png,dinner he is said to have been blind to the charms of,claimer he is said to have been blind to the chasms of,0.11320754716981132
test_001127.png,turbot and to have been much more interested in the,throbot and to have been much more interested in the,0.0392156862745098
test_001128.png,Dante Gabriel Rossetti had simple tastes in food . At one,Dante Gabriel Rosetti had simple tasks in food . At one,0.05263157894736842
test_001129.png,on the table cloth to examine the marks on the back,on the table doch to examine the ends on the back,0.13725490196078433
test_001130.png,dish in which it was served . He turned # it over,""" Wish in which it was served . He turned # it over",0.061224489795918366
test_001131.png,"sole , a baked leg of mutton with oyster & veal stuffing and a","role , a baked leg of written with oyster real styling and a",0.1774193548387097
test_001132.png,he talked . Brigham Young would make a dinner on tripe,he talked . Brigham Young would make a dinner on tospe,0.037037037037037035
test_001133.png,"with Dickens says the menu was Whitstable oysters , a brown","with Dickens says the menu was Whittable oyster , a brown",0.03389830508474576
test_001134.png,which he washed down with beer . A writer who had dinner,which he washed down with beer . A writ who had dinner,0.03571428571428571
test_001135.png,placing his food in his mouth and gulping it down as,placing his food in his mouth and gulping it down as,0.0
test_001136.png,gin punch .,gmpunch .,0.2727272727272727
test_001137.png,"Wagner was a highly practical feeder . He ate very fast ,","Danger was a highly practical feeder . He ate very fast ,",0.05263157894736842
test_001138.png,but all the Chelsea philosopher did in return was to,but all the cholsen philosopher did in return was too,0.07692307692307693
test_001139.png,that he had dined with Longfellow told the sage a,that he had died with Songfellow told the siege as,0.10204081632653061
test_001140.png,very funny story which made Carlyle absolutely laugh ;,every funny story which made ladyle absolutely laugh ;,0.07407407407407407
test_001141.png,ask if his guest would have a cup of tea !,ask if his guest would have a cup of few !,0.047619047619047616
test_001142.png,"The same man went to see Carlyle , and , after mentioning","The same man went to see Carlyle , and , after mentioning",0.0
test_001143.png,It was naturally a highly popular victory with the,It was naturally a highly popular victory with the,0.0
test_001144.png,"him was the French Admiral , Jean de Vienne -","him was the French Admiral , Jean de Vienne -",0.0
test_001145.png,"leadership . But , at last , Gaunt sailed . Opposing","leadership . But , at last , Grant sailed . Opposing",0.038461538461538464
test_001146.png,who still believed that they had a monopoly of,who still believed that they had a monopoly of,0.0
test_001147.png,"Londoners , but it brought heavy censure from nobles","Londoners , but it brought heavy censure from nobes",0.019230769230769232
test_001148.png,a great sailor and an able strategist .,a great sailor and an able strategist .,0.0
test_001149.png,involved the dreary method of mining operations in,involved the decay method of mining operations in,0.06
test_001150.png,"Obedient to the policy of his King , de Vienne avoided","Obedient to the policy of his King , de Vienne avoided",0.0
test_001151.png,"something to show , he foolishly attempted to besiege","something to show , he foolishly attempted to besiege",0.0
test_001152.png,on land . Gaunt was compelled to give up his search for,on land . Gaunt was compelled to give up his search for,0.0
test_001153.png,the well-protected fortress of St Malo . This,the well-protected fortress of St. Malo . This,0.022222222222222223
test_001154.png,"an elusive foe , and , afraid to return home without","an elusive foe , and , afraid to return home without",0.0
test_001155.png,"which Gaunt , under the Black Prince , had shown","which Gaunt , under the Black Prince , had shown",0.0
test_001156.png,considerable skill at the siege of Limoges .,considerable skill at the siege of Limoges .,0.0
test_001157.png,trouble at sea as cleverly as Du Guesclin avoided it,trouble at sea as cleverly as Dr. Gueschin avoided it,0.057692307692307696
test_001158.png,"Hawley , were also expressing their disappointment","Stanley , were also expressing their disappointment",0.06
test_001159.png,moment had charge of the mine ; the mine collapsed,movement had charge of a mine ; the mine collapsed,0.1
test_001160.png,comparing the failure of a subsidized duke,comparing the failure of a subsidized duke,0.0
test_001161.png,"When all seemed to be going well , a sortie surprised","When all seemed to be going well , a sortie jurprised",0.018867924528301886
test_001162.png,fame and glory . Gaunt was compelled to return,fame and glory . Gaunt was compelled to return,0.0
test_001163.png,citizen .,citizen .,0.0
test_001164.png,"even despised failure . The ' ribald ' Londoners , who","even despised future . The ribald "" Loudoners , who",0.12962962962962962
test_001165.png,the longbows of yeomen could pierce the,the dougrows of yeoman could pierce the,0.10256410256410256
test_001166.png,These dreary years of ineffective fighting provide,These dream years of ineffective fighting provide,0.04
test_001167.png,"plate and mail of French knights , a brilliant","plate and mail of French knights , a brilliant",0.0
test_001168.png,became mere marauding route marches .,became were unbranding route marches .,0.13513513513513514
test_001169.png,"and that , if archers had no target , campaigns","and that , if arcles had no target , campaigns",0.0425531914893617
test_001170.png,"after the event . It seems obvious that , though","after the event . It seems obvious that , though",0.0
test_001171.png,"battle was no substitute for a sound policy ,",battle was no substitute for a sound policy .,0.022222222222222223
test_001172.png,obvious morals for those who are judges long,obvious morals for those who are judges long,0.0
test_001173.png,and that there was no hope of final victory,and that there was no hope of final victory,0.0
test_001174.png,It seems obvious that if an expedition to,It seems obvious that if an expedition to,0.0
test_001175.png,of the French war was a navy in unquestioned,of the French war was a many in Yugoslavia .,0.29545454545454547
test_001176.png,"Calais , Cherbourg , Brest , Bordeaux and Bayonne ,","Colais , Clavbourg , Great , Barbara and Bayonne ,",0.21568627450980393
test_001177.png,"Brittany was compelled to attack via Calais ,","Brittany was compelled to attack via Calais ,",0.0
test_001178.png,without a large-scale and concentrated invasion .,without a large-scale and concentrated invasion .,0.0
test_001179.png,advantages of a ring of bridge-heads which included,advantage of a ring of bride-heads which included,0.0392156862745098
test_001180.png,command of the Channel . It seems obvious,command of the Channel . It seems obvious,0.0
test_001181.png,that divided forces were dissipating the,that divided forces were dissipating the,0.0
test_001182.png,then the primary essential to the success,shown the primary essential to the success,0.07317073170731707
test_001183.png,the story of the prelude to the,the story of the prelude to the,0.0
test_001184.png,"6impasse which always resulted , and in the","6imposse which always resulted , and in the",0.023255813953488372
test_001185.png,In this cruel process which was,In this cruel process which was,0.0
test_001186.png,to which the Exchequer resorted is,to which the Exchequear resorted is,0.029411764705882353
test_001187.png,hammering out nations on the anvils of,hammering out nations on the anvils of,0.0
test_001188.png,way out of the complicated financial,way out of the complicated financial,0.0
test_001189.png,Peasants' Revolt of 1381 .,Peasants ' Revolt of 1381 .,0.038461538461538464
test_001190.png,story of the experiments and expedients,story of the experiments and expedients,0.0
test_001191.png,"war , there was a constant stirring of","war , there was a constant stirring of",0.0
test_001192.png,those in authority to find some simple,those in authority to find some simple,0.0
test_001193.png,needed taxation in order to supplement,needed taxation in order to supplement,0.0
test_001194.png,"In appreciating this story , modern con-","In appreciating this story , modern con-",0.0
test_001195.png,taxation not merely for defence and,taxation not merely for defence and,0.0
test_001196.png,the private wealth of the monarchy,the private wealth of the monarchy,0.0
test_001197.png,"crown lands , the fees of feudalism","crown lands , the fees of feudalism",0.0
test_001198.png,ceptions of governmental duties must be,ceptions of governmental duties must be,0.0
test_001199.png,offence but for a very wide range of,coffence but for a very wide range of,0.027777777777777776
test_001200.png,set aside . A modern government needs,set aside . A modern government needs,0.0
test_001201.png,( the royal income from the revenues of,of the royal income from the revenues of,0.05128205128205128
test_001202.png,social services . A mediaeval oligarchy,social services . A mediaeval oligarchy,0.0
test_001203.png,guilds of a city . A mediaeval tax was,guilds of a city . A mediaeval tax was,0.0
test_001204.png,Social service as a function of government,Social service as a function of government,0.0
test_001205.png,"monasteries , manors , townships , or wards and","moonasteries , manors , townships , or words and",0.0425531914893617
test_001206.png,it was therefore always granted grudgingly,it was therefore always granted grudgingly,0.0
test_001207.png,return was the uncertain bounty of booty,return was the uncertain bounty of booty .,0.05
test_001208.png,therefore in essence a forced payment whose,therefore in essence a forced payment whose,0.0
test_001209.png,"communities , whether those communities were","communities , whether those communities were",0.0
test_001210.png,and the vague advantages of military glory ;,and the vague advantages of military glory ;,0.0
test_001211.png,was quite alien to mediaeval thought - its,was quite alien to mediaeval thought - its,0.0
test_001212.png,"and coupled with the vain hope that , in the","and coupled with the vain hope that , in the",0.0
test_001213.png,substitute was the mutual self-help of,substitute was the mutual self-help of,0.0
test_001214.png,be bold enough to demand the production of,be bald enough to demand the production of,0.023809523809523808
test_001215.png,"booty , a new group of Lords might oust","booty , a new group of Lords might out",0.02564102564102564
test_001216.png,the unsuccessful . But the Commons were not,the unsuccessful . But the Commons were not,0.0
test_001217.png,"the people , and even a full Parliament was","the people , and even a full Parliament was",0.0
test_001218.png,"the unsuccessful leaders , and the Commons ,","the unsuccessful leaders , and the Commons ,",0.0
test_001219.png,"accounts , and even at times the impeachment of","accounts , and even at times the impeachment of",0.0
test_001220.png,not yet a true mirror of the nation .,not yet a true mirror of the nation .,0.0
test_001221.png,"who usually supplied the hard cash , might","who usually supplied the hard cash , might",0.0
test_001222.png,When ' his ' war did not bring victory and,When ' his ' war did not bring victory and,0.0
test_001223.png,in the pay of landed Lords .,in the pay of landed Lords .,0.0
test_001224.png,The people - Langland's ' folk ' and Gaunt's,The people - Langland's ' folk ' and Gaunt's,0.0
test_001225.png,"successful farmers , the artisans , craftsmen ,","successful farmers , the artisans , craftsmen ,",0.0
test_001226.png,"towns , and the retainers and men-at-arms","towns , and the retainers and men-at-arms",0.0
test_001227.png,"had bought their release , free labourers","had bought their release , free labourers",0.0
test_001228.png,' knaves ' - were villeins still tied to the,""" Knoves ' - were villeins still tied to the",0.06818181818181818
test_001229.png,yeomen who had prospered enough to become,yesmen who had prospeced enough to become,0.04878048780487805
test_001230.png,journeymen and small tradesmen of the,joureymen and small tradesmen of the,0.02702702702702703
test_001231.png,"who worked for the highest bidders , free","who worked for the highest bidders , free",0.0
test_001232.png,feudal obligations of work or villeins who,freudal obligations of work or villains who,0.047619047619047616
test_001233.png,"None of these classes , except the yeomen , paid or","Name of these clauses , except the yeomen , paid or",0.058823529411764705
test_001234.png,means of that ' staple ' system which ensured that,means of that staple ' system which ensured that,0.04
test_001235.png,financing the Exchequer had become stabilized .,financing the Schehequier had become stabilised .,0.1276595744680851
test_001236.png,expected to pay direct taxes . During the four-,expected to pay direct taxes . Using the four-,0.06382978723404255
test_001237.png,"teenth century , the traditional methods of","teenth century , the traditional methods of",0.0
test_001238.png,"pervised and controlled , together with a","pervised and controlled , together with a",0.0
test_001239.png,"prices , quality and tax could be efficiently su-","prizes , quality and base could be efficiently in-",0.12244897959183673
test_001240.png,"export tax on the wool trade , collected by","serport take on the wool trade , collected by",0.09302325581395349
test_001241.png,When the King and his Council required additio-,When the key and his Council required addition -,0.1276595744680851
test_001242.png,"nal funds , they were usually granted an","nal founds , they were usually granted and",0.05
test_001243.png,"first , the Church , which wisely followed the lead","first , the church , which widely followed the head",0.058823529411764705
test_001244.png,"the foreign merchants , with whom the King's","the foreign merchants , which whom the king's",0.06818181818181818
test_001245.png,sanction at a rate roughly fifty per cent in,samotion at a rate roughly fifty per cent in,0.045454545454545456
test_001246.png,payments were now authorized by parliamentary,payments were now authorized by parliamentary,0.0
test_001247.png,of the Commons and in its own Convocations,of the Commons and in its own Convocations,0.0
test_001248.png,"at ' colloquies of merchants ' , and whose","at "" colleagues of merchants "" , and whole",0.16666666666666666
test_001249.png,officials had formerly made private bargains,officials had formally made private bargaining,0.11363636363636363
test_001250.png,There were two other sources of public revenue -,Then were two other sources of public revenue -,0.041666666666666664
test_001251.png,excess of the rate for native merchants .,ences of the roth for native merchants .,0.0975609756097561
test_001252.png,"granted equivalent contributions , and second ,","granted equivalent contributions , and warned ,",0.10638297872340426
test_001253.png,"In addition to these revenues , the King had the","In addition to the revenue , the King had the",0.0625
test_001254.png,vely simple obligations of the feudal pyramid,rely simple obligations of the feudal pyramid .,0.06666666666666667
test_001255.png,"and national war , and in which the comparati-","and national war , and in which the compati-",0.043478260869565216
test_001256.png,"It was , therefore , a complicated and not very","At way , therefore , a complicated and not very",0.0425531914893617
test_001257.png,as ill-defined as the borders between private,over it defined as the border between private,0.17777777777777778
test_001258.png,satisfactory financial system in which the,statistactory financial system in which the,0.047619047619047616
test_001259.png,financial benefits of his position at the head,financial benefits of his position of the head,0.043478260869565216
test_001260.png,"of the feudal system , as its chief landowner","of the feudal system , as its chief landowner",0.0
test_001261.png,and the recipient of the fines of royal justice .,and the recipient of the fines of royal justice .,0.0
test_001262.png,borders between private and public purse were,borders between private and public purse were,0.0
test_001263.png,"and , where the poorest were to pay a groat ,","and , where the poorest were to pay a great ,",0.022222222222222223
test_001264.png,attempt to apply a sliding scale to the,attempt to apply a sliding scale to the,0.0
test_001265.png,and between these two extremes a graduated,and between these two extremes a graduated,0.0
test_001266.png,But this time there was a very interesting,But this time there was a very interesting,0.0
test_001267.png,scale of payments was fixed for the,scale of payments was tired for the,0.05714285714285714
test_001268.png,payments demanded . The definition of an,payments demanded . The definition of an,0.0
test_001269.png,different classes of laymen and clerics .,different classes of lay men and denies .,0.12195121951219512
test_001270.png,"adult was altered to read ' over sixteen ' ,","adult was altered to read ' over sixteen ' ,",0.0
test_001271.png,"of Canterbury and York were to pay ten marks ,","of Canterbury and York were to pay ten miles ,",0.06521739130434782
test_001272.png,the Duke of Lancaster and the Archbishops,the Duke of Lancaster and the Archbishop's,0.024390243902439025
test_001273.png,"In the following year , 1380 , the last and","In the following year , 1380 , the last and",0.0
test_001274.png,the results disappointing - a tax estimated,the results disappointing - a tax estimated,0.0
test_001275.png,"to yield 50,000 in fact raised only 27,000 .","to yield 50,000 in fact raised only 27,000 .",0.0
test_001276.png,Again the resentment was widespread and,Again the resentment was widespread and,0.0
test_001277.png,poor communications and not over supplied,poor communications and not over supplied,0.0
test_001278.png,far away from the capital in a town with,far away from the capital in a town with,0.0
test_001279.png,with hostelries and lodgings .,with hostelries and lodgings .,0.0
test_001280.png,most notorious third poll-tax was agreed,most notorious third poll-tax was agreed,0.0
test_001281.png,by a Parliament which met at Northampton .,by a Parliament which met at Northampton .,0.0
test_001282.png,There were dark reasons for a meeting so,There were dark reasons for a meeting so,0.0
test_001283.png,The city merchants were jealous of foreign,The city merchants were jealous of foreign,0.0
test_001284.png,from the chronicles that this was a sordid,from the chronicles that this was a sordid,0.0
test_001285.png,merchants who could tempt court and,mexchants who could tempt court and,0.02857142857142857
test_001286.png,baronage with rarer luxuries than those,baronage with rarer luxuries than those,0.0
test_001287.png,quarrel between monopolists and interlopers .,quarrel between monopolists and interlopes .,0.022222222222222223
test_001288.png,those charged with the crime . It is clear,those changed with the crime . It is clear,0.023809523809523808
test_001289.png,London was again in turmoil ; but this time,London was again in turmoil ; but this time,0.0
test_001290.png,over a question of trade rivalry . A rich mer-,over a question of trade rivalry . A rich mer-,0.0
test_001291.png,"chant from Genoa had been murdered , and","chant from Genoa had been murdered , and",0.0
test_001292.png,"John de Kyrkby , a Londoner , was one of","John de Kyrkby , a Londoner , was one of",0.0
test_001293.png,the suggestion that the rich should help,the suggestion that the rich absolutely,0.2
test_001294.png,"poll-tax had supplied 22,000 , a tax of","quel-free had supplied 22,000 , a face of",0.2564102564102564
test_001295.png,"carrying it into effect , and a subordinate","carrying it into effect , and a subordinate",0.0
test_001296.png,Trebling the rate was arrived at by a simple,Stealing the site was arrived at by a simple,0.11363636363636363
test_001297.png,"arithmetic which argued that , as the first","arithmetic which argued that , as the first",0.0
test_001298.png,"three times the rate would produce 66,000 .","Where Times the vote would produce 600,000 .",0.18604651162790697
test_001299.png,objections to the first two poll-taxes was,objects to the first two full-tax was,0.16666666666666666
test_001300.png,The only concession made in view of the,The only concession trade in view of the,0.05128205128205128
test_001301.png,because no machinery was provided for,"herence , not sustaining was provided for",0.43243243243243246
test_001302.png,the poor - but this was only a pious hope,the poor-but this was only a pious hope,0.04878048780487805
test_001303.png,"content of blood , appearing paler in so doing in animals","content of blood , appearing paler in so doing in animals",0.0
test_001304.png,ments alternate with rests and are seen best in cold animals,ments alternate with rests and are seen best in cold animals,0.0
test_001305.png,"from the dissection of living animals , showing how these move-","from the dissection of living animals , showing how these more-",0.015873015873015872
test_001306.png,"the heart becomes generally constricted , its walls thicken ,","the heart becomes generally constructed , its walls thicken ,",0.01639344262295082
test_001307.png,In Chapter Two he gauged the nature of the heart's movements,In Chapter Two he ganged the nature of the heart's movements,0.016666666666666666
test_001308.png,"such as serpents , frogs , and the like .","touch as servants , frogs , and the like .",0.0975609756097561
test_001309.png,its ventricles decrease in volume and it expels its,its ventricles decrease in volume and it expels its,0.0
test_001310.png,or in flagging warmer ones . At the time of its movement,or in flagging warmer ones . At the time of its movement,0.0
test_001311.png,ventricular content .,ventricular content .,0.0
test_001312.png,the forcible expulsion of their contained blood by the,the forcible expulsion of their contained blood by the,0.0
test_001313.png,"of the apex , the thickening of the heart walls , and","of the apex , the thickening of the heart walls , and",0.0
test_001314.png,"the dissections of living animals , Harvey noted that","the dissections of living animals , Harvey noted that",0.0
test_001315.png,contraction of the ventricles . Going on in Chapter Three,contraction of the ventricles . Going on in Chapter Three,0.0
test_001316.png,"systole , simultaneously with dilatation of the arteries","systems , simultaneously with dilation of the arteries",0.08928571428571429
test_001317.png,contraction of the heart and the apex beat occur in,contraction of the heart and the apex boat occur in,0.0196078431372549
test_001318.png,"to the movement of the arteries , likewise gauged from","to the movement of the arteries , likewise ganged from",0.018518518518518517
test_001319.png,"and of the artery-like vein , and expulsion of the","and of the artery-like vein , and expulsion of the",0.0
test_001320.png,"At one and the same time , therefore , occur the beat","At one and the same time , therefore , occur the leaf",0.03773584905660377
test_001321.png,less because their pulse is nothing other,less because their pulse in nothing other,0.024390243902439025
test_001322.png,when movement of blood through arteries is,wehn movement of blood through arteries is,0.047619047619047616
test_001323.png,Arterial pulsation disappears with cessation of,Arterial pulsation disappears with cessation of,0.0
test_001324.png,than the impulse of the blood entering them .,than the impulse of the blood entering them .,0.0
test_001325.png,ventricular contraction . During cutting or puncture of,ventricular contraction . During cutting or puncture of,0.0
test_001326.png,"the ventricles , there is often forcible expulsion","the ventricles , there is often forcible expulsion",0.0
test_001327.png,of blood from the wound . Arterial diastole is,of blood from the wound . Arterial diastole is,0.0
test_001328.png,"hindered by compression , infarction or inter-","children by compression , infarction or inter-",0.08695652173913043
test_001329.png,"ception , the more distal arteries pulsate","ception , the more distal arteries pulsate",0.0
test_001330.png,"thus synchronous with cardiac systole but ,","thus synchronous with cardiac systole but ,",0.0
test_001331.png,one can sometimes see it - so to speak,one can sometimes it - so to speak,0.10526315789473684
test_001332.png,"- rouse itself and , in reply to two or",""" mouse itself d and , in reply to two or",0.10256410256410256
test_001333.png,"' And while the heart is slowly dying ,",And while the heart is slowly dying,0.10256410256410256
test_001334.png,"three auricular beats , produce a single","three auricular beats , produce a single",0.0
test_001335.png,reluctantly and with an effort . ',reluctantly with an effort . ',0.11764705882352941
test_001336.png,ventricular one slowly and,ventricular one slowly fast and,0.19230769230769232
test_001337.png,"said so . Being a craftsman and a skilled man ,","said to . Being a soft-man and a skilled man ,",0.10638297872340426
test_001338.png,"would , and the comrades helped in many","would , and the comrades helped in many",0.0
test_001339.png,business no good George would never conceal them .,"business no fact # "" hope would never conceal them .",0.22
test_001340.png,"would have nothing to do with him , others","would have nothing to do with him , others",0.0
test_001341.png,ways .,ways .,0.0
test_001342.png,"George won many prizes , and though some people","George won many prizes , and though some people",0.0
test_001343.png,Sentence Database,Sentence Database .,0.11764705882352941
test_001344.png,"of the working class to control their own destiny , and","of working clats to control their own destiny , and",0.09090909090909091
test_001345.png,He was a socialist and believed in the right,He was a socialist and believed in the right,0.0
test_001346.png,Yet in spite of the fact that his ideas did his,Get in spite of the fact that his ideas did his,0.02127659574468085
test_001347.png,"shop , which was open from 8 o'clock in the morning to","shop , which was open from 8 d'clock in the morning to",0.018518518518518517
test_001348.png,"When eventually the ovens were fixed at the new shop , the tremen-","When eventually the ovens were fixed at the new shop , the tremen-",0.0
test_001349.png,were sold at 32 pieces for one shilling .,where sold at 32 pieces for one chilling .,0.04878048780487805
test_001350.png,dously hard work was if anything intensified . George used to,dously had work was if anything intensified . George used to,0.01639344262295082
test_001351.png,12 o'clock at night . At that time pastries and buns,"clear , at night . At that time pastries and Guns",0.21153846153846154
test_001352.png,"mix 100 stone of bread in 12 hours , and Kate served in the","imix' 100 stone of bread in 12 yours , and Kate seized in the",0.0847457627118644
test_001353.png,Soon they were good enough to sing at meetings .,shown they were good enough to sing at meetings .,0.0625
test_001354.png,"evening , when George went to speak at Malin Bridge ,","evening , when George went to speak at Malin Bridge ,",0.0
test_001355.png,"clothing , with which they wore a white tie","clothing , or with which they wore a white tie",0.06976744186046512
test_001356.png,One of the helpful by-products was that,One of the helpful by-products was that,0.0
test_001357.png,they would be there to begin the meeting .,they would be there to begin the meeting .,0.0
test_001358.png,"and Red Flag badge , thus presenting a much","and Red Flag badge , thus presenting a much",0.0
test_001359.png,they were able to obtain some respectable,they were able to obtain some respectable,0.0
test_001360.png,"better appearance . Later , on many a sunny Sunday","better appearance . Later , on many a sunny Sunday",0.0
test_001361.png,"men's clubs , to Conisborough on cheap trips to","men's clubs , to conisborough on cheap trips to sing",0.1276595744680851
test_001362.png,"sing to the miners , and sang for other organisations such","to the miners , and sang for other organisations such",0.08620689655172414
test_001363.png,school was held .,school was held .,0.0
test_001364.png,"on West Street , where a successful Sunday","on West Street , where a successful Sunday",0.0
test_001365.png,the members . The B.S.P. also rented pleasant rooms,the members . The B.S.P. also rented pleasant rooms,0.0
test_001366.png,As they became known the Choir went to working-,As they became known the choir went to working,0.0425531914893617
test_001367.png,"day evenings to the Corner Pin Hotel , to rally","day evenings to the corner . Sir Hotel , to rally",0.10638297872340426
test_001368.png,"as the Bakers' Union , for whom they went on Satur-","as the Bakers' union , for whom their went on later-",0.09803921568627451
test_001369.png,read in prison where it was the,read in prison where it was the,0.0
test_001370.png,"only book they were allowed ,",only took they were allowed .,0.06896551724137931
test_001371.png,George often spoke at the Sunday school .,George often spoke at the Sunday school .,0.0
test_001372.png,"George , and another the dark-haired","George , and another the dark-haired",0.0
test_001373.png,"with the Bible , which he had","with the Bible , which he had",0.0
test_001374.png,One of the students was young,One of the students was young,0.0
test_001375.png,"He christened the babies . Also , when","the christened the babies . Also , , when",0.10526315789473684
test_001376.png,at funerals . Religion was one of his pet,at funeral . Religion was one of his pet,0.024390243902439025
test_001377.png,"called upon to do so , he would officiate","called upon to do so , he would officiate",0.0
test_001378.png,little granddaughter of Charlie Grant .,little granddaughter of the Charlie Grant .,0.10256410256410256
test_001379.png,"subjects , for being well acquainted","subject , for being well acquainted",0.027777777777777776
test_001380.png,"the Church Socialist League , genuinely advocated","the Chinese Socialist League , genuinely advocated",0.10204081632653061
test_001381.png,courage of their convictions and their,courage of their convictions and their,0.0
test_001382.png,"with them , particularly those who , like the Rev.","with them , particularly those who , like the Rev.",0.0
test_001383.png,Although his ideas were diametrically opposed,Although his ideas were diamatically opened,0.1111111111111111
test_001384.png,"Conrad Noel , the eloquent leader of","Command tool , the eloquent state leader of",0.3055555555555556
test_001385.png,"socialism . With such men , who had the","socialism . Not sure men , who had the",0.1282051282051282
test_001386.png,to those of parsons he got on wonderfully well,to those of persons be got on wonderfully well,0.043478260869565216
test_001387.png,"Christianity , common ground could be found .","Christianity , common ground could be found .",0.0
test_001388.png,Just as the Labour Party had fought the,Just as the Labour Party had fought the,0.0
test_001389.png,mined and obdurate in their attitude that,mined and doctorate in their attitude that,0.0975609756097561
test_001390.png,There was no abatement in political,There was no statement in political,0.05714285714285714
test_001391.png,"Council meeting on October 16 , 1912 , George","Council meeting on October 16 , 1912 , George",0.0
test_001392.png,"Council , and to Parliament , being deter-","Council , and to Parliament , being deter-",0.0
test_001393.png,"had said , ' Mr. Barton would go to the poll .","had said , "" Mr. Barton would go to the poll .",0.021739130434782608
test_001394.png,voured to get more socialist members sent to the,woured to get more socialist sent to the,0.1875
test_001395.png,"Liberals , they were going to fight the Labour","Liberals , they were going to fight the Labour",0.0
test_001396.png,work . The British Socialist Party endea-,work . The British Socialist Party ended-,0.024390243902439025
test_001397.png,their candidate must go forward in the,their candidate must go forward in the,0.0
test_001398.png,elections . In the Sheffield Trades and Labour,elections . In the Sheffield Trades and Labour,0.0
test_001399.png,and a gold purse in recognition of his,and a gold purse in recognition of his,0.0
test_001400.png,"Alf Barton , who in 1911 was presented","deep Dr.ton , who in 1911 the presented",0.2631578947368421
test_001401.png,cessary to understand Marxism in order to,"cellery , to understand Ukrainian in order to",0.2926829268292683
test_001402.png,he was a keen member of the B.S.P. .,the turn a boat would be of the B. B.P.P.,0.5277777777777778
test_001403.png,"work for the movement , was later","work for the movement , in late",0.12121212121212122
test_001404.png,"with a book on the life of Marx ,","with a book on the life of death ,",0.12121212121212122
test_001405.png,"understand socialism , though at this time","understand socialism , though it this time",0.023809523809523808
test_001406.png,known to say that it was not ne-,Bunch to say that it was not here-,0.25
test_001407.png,"After the First World War , 1914 , I did not visit","After the first World War , 1914 , I did not visit",0.02
test_001408.png,into it .,into it .,0.0
test_001409.png,incumbency I was asked if I would start,incumbency I was asked if I would start,0.0
test_001410.png,Towards the end of my five and a half years',Towards the end of my five and a half years ',0.022727272727272728
test_001411.png,"This opened up a new interest , and we plunged","This opened up a new interest , and we plunged",0.0
test_001412.png,1924 I was in a different parish in Surrey .,1924 I was in a different parish in Surrey .,0.0
test_001413.png,a village choral society and conduct it .,a village choral society and conduct it .,0.0
test_001414.png,"Germany for ten years , by which time in","Germany for ten years , by which time in",0.0
test_001415.png,"co-operated , we made the little side chapel a place","co-operated , we made the little side chapel a place",0.0
test_001416.png,of daily prayer .,of daily prayer .,0.0
test_001417.png,at Tatsfield to the great modern church of St. Mark's,at Tatsfield to the great modern church of St. Mark's,0.0
test_001418.png,had been a House of Prayer . I could not but feel the,had been a House of Prayer . I could not but feel the,0.0
test_001419.png,When we had found a group of people who gladly,when we had found a group of people who gladly,0.021739130434782608
test_001420.png,"at Purley . One felt at Tatsfield that , small as the","at Purley . One felt at Tatsfield that , small as the",0.0
test_001421.png,"chilliness of the new church , beautiful as it was and is .","chilliness of the new church , beautiful as it was and is",0.03389830508474576
test_001422.png,"church was , it had its own atmosphere , and for centuries","churchurch was , it had its own atmosphere , and for centuries",0.06896551724137931
test_001423.png,But what a change from the dear little old church,But what a change from the dear little old church,0.0
test_001424.png,for prayer and quiet . In time we received similar,For prayer and quiet . In time we received similar,0.02
test_001425.png,windows .,windows .,0.0
test_001426.png,helped to furnish the chapel as a little sanctuary,helped to furnish the chapel as a little sanctuary,0.0
test_001427.png,"gifts for the High Altar , and large East and West","gifts for the High Altar , and large East and West",0.0
test_001428.png,"warming up by constant prayer and worship , and we","Warming up by constant prayer and worship , and we",0.02
test_001429.png,found many to help . Gifts of candlesticks and,found many to help . Gifts of candlesticks and,0.0
test_001430.png,I suggested to the congregation that it needed,I suggested to the congregation that it needed,0.0
test_001431.png,stained-glass lancet windows - finally a new altar -,stained-glass lancet windows - finally a new altar-,0.019230769230769232
test_001432.png,such a beautiful building with suitable fittings ; I made,such a beautiful building with suitable fittings ; I made,0.0
test_001433.png,"the architect , himself a fine artist . It is quite possible","the architect , himself a fine artist . It is quite possible",0.0
test_001434.png,table to the environs .,table to the envicons .,0.043478260869565216
test_001435.png,a rule that all gifts should be submitted for approval to,a rule all gifts should be submitted for approval to,0.08771929824561403
test_001436.png,and yet spoil the building with ornaments unsui-,and yet spoil the building with comments unswi-,0.10416666666666667
test_001437.png,to put beautiful things into a beautiful church,to put beautiful things into a beautiful church,0.0
test_001438.png,It was very interesting to have the privilege of filling,It was very interesting to have the privilege of filling,0.0
test_001439.png,wives and relations of the soldiers to get their ' Separation ',wives and relations of the soldiers to get their ' Separation ',0.0
test_001440.png,of the Committee in Coulsdon and Purley .,of the Committee in Coulsdon and Purley .,0.0
test_001441.png,At a large public meeting we launched the project known as the,At a large public meeting we launched the project known as the,0.0
test_001442.png,"became very urgent , and I was asked to be Chairman","became very urgent , and I was asked to be Chairman",0.0
test_001443.png,"I found myself deeply involved . At first , the main work was to help","I found myself deeply involved . At first , the main work was to help",0.0
test_001444.png,Meanwhile in Purley there was much activity and much,Meanwhile in Purley there was much activity and much,0.0
test_001445.png,co-operation especially with the other Christian communities .,co-operation especially with the other Christian communities .,0.0
test_001446.png,"allowances , but soon , alas ! , as casualties began and increased","allowances , but soon alas . I , as Casualties began and increased",0.09090909090909091
test_001447.png,' Coulsdon and Purley Patriotic Fund ' in whose counsels and committees,' Coulsdon and Purley Patriotic Fund ' in whose counsels and committees .,0.028169014084507043
test_001448.png,in the winter of 1914 and 1915 the matter of War Pensions,in the winter of 1914 and 1915 the matter of war pensions,0.03508771929824561
test_001449.png,Chairman of the local War Pensions Committee . This,Chairman of the local War Pensions Committee . This,0.0
test_001450.png,task involved a very great deal of detailed work for,tousk involved a very great deal of detailed work for,0.038461538461538464
test_001451.png,"the Committee . We had a splendid body of local residents ,",the Committee . We had a splendid body of local residents,0.03389830508474576
test_001452.png,and a series of excellent Honorary Secretaries . Our,and a series of excellent Honorary Secretaries . Out-,0.038461538461538464
test_001453.png,"Indeed , for the next seventeen years , during my time at","Indeed , for the next seventeen years , during my time out",0.03508771929824561
test_001454.png,"Committee met once a week in the evenings , and","Committee met once a week in the evenings , and",0.0
test_001455.png,life .,life .,0.0
test_001456.png,"Purley , and from 1922 at Surbiton , I was continuously","Purley , and from 1922 at Subiton , I was continuously",0.01818181818181818
test_001457.png,included professional men from every walk of,inducted professional men from every walk of,0.09090909090909091
test_001458.png,time and # never interfered in the slightest,time and # never interfered in the slightest,0.0
test_001459.png,' immediately carried into effect ' - not in spite of himself,"' immediately carried into effect "" - not in spite of himself",0.01639344262295082
test_001460.png,throughout . He had no sooner heard from Count Gamba,throughout . He had no sooner heard from Count Gambia,0.019230769230769232
test_001461.png,body to return to England than that course was,body to return to England than that course was,0.0
test_001462.png,"When he saw Trelawny's printed letter , Lord Sidney wrote","When he saw Trelawny's printed life , Lord Sydney wrote",0.08771929824561403
test_001463.png,"and Sir Frederick Stoven , but with their perfect con-","and Sir Frederick Stoven , but with their perfect con-",0.0
test_001464.png,"currence , while ' General Adam was at Corfu the whole","convence , while General Adam was at Corfu the whole",0.09259259259259259
test_001465.png,to Douglas Kinnaird saying that it was incorrect,to Douglas Chinnard saying that it was incorrect,0.0625
test_001466.png,and Fletcher that Byron would have wished his,and Fletcher that Byron would have wished his,0.0
test_001467.png,degree about the matter ' .,degree about the matter . ',0.07407407407407407
test_001468.png,evidently not passed on that information ;,evidently not passed on that information ;,0.0
test_001469.png,"as the year of their wedding , 1815 , had","as the year of their wedding , 1815 , had",0.0
test_001470.png,"knew perfectly well that Byron , as early","knew perfectly well that Byron , as early",0.0
test_001471.png,Their friendship for Augusta became rather,Albieir friendship for Augusto became rather,0.11904761904761904
test_001472.png,her practically all his money caused it to,her practically all his money caused it to,0.0
test_001473.png,title .,title .,0.0
test_001474.png,crumble to oblivion . Though Lady Byron,crumble to Oblivion . Though fady Byron,0.05128205128205128
test_001475.png,without the fortune that would keep up the,Without the fortune that would keep up the,0.023809523809523808
test_001476.png,and it came as an appalling surprise to,and it came as an appalling surprise to,0.0
test_001477.png,"hollow , and the news that Byron had left","Hollowy , and the news that Byron had left",0.04878048780487805
test_001478.png,Captain Byron that he had been left,Caplain Byron that he had been left,0.02857142857142857
test_001479.png,"made a will in Augusta's favour , she had","emade a will in Augusta's favour , she had",0.024390243902439025
test_001480.png,"Then , abruptly , he drew himself up","Then , abruptly , he drew himself up",0.0
test_001481.png,became great sighs of ecstacy .,became good nails of economy .,0.3870967741935484
test_001482.png,"and came into the livingroom , where","and came into the living room , where",0.027777777777777776
test_001483.png,his toes . He stretched his arms,This does . He sketched his own,0.25
test_001484.png,drawing-in great breaths that,drawing-in good breaths . Most,0.3103448275862069
test_001485.png,and walked on the very tips of,and talked on the very lips of,0.06666666666666667
test_001486.png,"his entrance . He came , almost falling","This entrance . He came , almost falling",0.02564102564102564
test_001487.png,Heather and Steve stood aghast at,Heather and Neue stood again on,0.24242424242424243
test_001488.png,"over his head and yawned agape ,",one his lead and gained appeal .,0.3125
test_001489.png,He rose from his breakfast-nook bench,He rose from his breakfast-nook bench,0.0
test_001490.png,"thrust out , arms dangling loosely .","ill turn out , arms dangling loosely .",0.19444444444444445
test_001491.png,"forward in an ungainly shuffle , neck","forward in an ungainly shuffle , neck",0.0
test_001492.png,hands together between his knees and leaning,hands together between his knees and leaning,0.0
test_001493.png,""" They have come ! "" he said reverently , gripping his",""" They have come ! "" he said reverently , gripping his",0.0
test_001494.png,"transcendent event , the exalted desire of all","transcendent event , the exalted desire of all",0.0
test_001495.png,mankind through all ages ! The Kingdom of the,mankind through all ages ! The Kingdom of the,0.0
test_001496.png,upward and shook his head slowly from,upward and shook his head slowly from,0.0
test_001497.png,"Mind is at hand ! "" He turned beaming eyes","Mind is at hand ! "" He turned becoming eyes",0.047619047619047616
test_001498.png,side to side .,side to side .,0.0
test_001499.png,"forward . "" Isn't it a glorious thing ! Long awaited","forward . "" Sn't it a glorious thing ! I only awaited",0.11538461538461539
test_001500.png,at an intersection for the light to change . At his,at an intersection for the light to change . At his,0.0
test_001501.png,apartment he garaged his car and then stood,apartment he grasped his car and then stood,0.06976744186046512
test_001502.png,A superfluous precaution for there was no other car,A superfluos precaution for there was no other car,0.0196078431372549
test_001503.png,loses its beat in death .,loser its boat in death .,0.08
test_001504.png,abroad ; and no pedestrian to cross his path nor to wait,abroad ; and no pedestrian to cross his path nor to wait,0.0
test_001505.png,"earth had lost its life-tempo , as the heart","earth had lost its life-tempo , as the heart",0.0
test_001506.png,listening in the night . Listening in vain . For the,listening in the night . Listening in vain . For the,0.0
test_001507.png,The set lighted-up but gave only a low,The set lighted-up but gave only a low,0.0
test_001508.png,"shaving when it came on , with a flat","shaving when it came on , with a flat",0.0
test_001509.png,"... this is BBC calling ... """," ... . this is , BBC calling ... . """,0.20689655172413793
test_001510.png,"the radio , which he kept tuned to CBO.","the radio , which he kept tuned to CBO .",0.02564102564102564
test_001511.png,"voice repeating : "" This is BBC calling","voice reporting : "" This is BBC calling",0.05128205128205128
test_001512.png,"Deadly stillness , deadly portent !","Deadly stillness , deadly portent !",0.0
test_001513.png,Steve awakened early and switched on,Steve awakened early and switched on,0.0
test_001514.png,buzzing sound . He had just finished,buzzing sound . He had just finished,0.0
test_001515.png,flying saucer was tilting and dipping over,flying cancer was sitting and dipping over,0.09523809523809523
test_001516.png,Coming around the great mass of the Chateau,Coming around the great mass of the Chateau,0.0
test_001517.png,almost painful sharpness . He reversed and,almost painful sharpness . He reversed and,0.0
test_001518.png,"whirring sound , and a high-pitched hissing","wharing sound , and a high-picked hisring",0.11627906976744186
test_001519.png,overtone that sang in his ears with an,overtone that sang in his ears with an,0.0
test_001520.png,the War Memorial . There was a deep,the war Memorial . There was a deep,0.02857142857142857
test_001521.png,"Laurier , he braked to a screeching stop . A","hawier , he basket to a screeching stop . A",0.13636363636363635
test_001522.png,turned back on McKenzie Avenue .,turned back on Mc Neugie Avenue .,0.125
test_001523.png,"them out . Just what these orders will be , we don't","them out . Just what these orders will be , we don't",0.0
test_001524.png,longer have any immunity .,longer have any immunity .,0.0
test_001525.png,caped Thetan subjugation . This time . But we no,caped Phetan subjugation . This time . But we had,0.08333333333333333
test_001526.png,selves in their zeal to get their orders and to carry,selves in their goal to get their orders and to carry,0.03773584905660377
test_001527.png,""" The Thetans , "" he said , "" are presumably here to",""" The Rhetans , "" he said , "" are presumably here to",0.019230769230769232
test_001528.png,"take charge , as it were , of the minds of the","take charge , as it were , of the minds of the",0.0
test_001529.png,people - who are probably falling all over them-,people - who are probably falling all over them-,0.0
test_001530.png,"know . Now , because of prior hypnosis we have es-","throw . Now , because of prior hypnotists we have as-",0.14
test_001531.png,Thetans discover our mental independence,Thetasks discover our mental independence,0.05
test_001532.png,"detection . If we can - well , then we","detector . We can - well , them we",0.18421052631578946
test_001533.png,may be able to promote our own,may he able to promote our,0.16666666666666666
test_001534.png,treatment . If we can avoid undue,treatment . If we can avoid undue,0.0
test_001535.png,There can be little doubt that if the,There can be little doubt that if the,0.0
test_001536.png,"are , beyond personal security ,","are , beyond personal security ,",0.0
test_001537.png,interests . What those interests,interest . What those interests,0.03125
test_001538.png,"prominence , it may be that we can","prominence , it may be that we can",0.0
test_001539.png,we may form the nucleus around ...,we may form the nucleus around ... .,0.058823529411764705
test_001540.png,"I haven't a clue ; but , who knows ,","I haven't a clue ; but , who knows ,",0.0
test_001541.png,they will promptly give us their hypnotic,they will probably give us their hypnotic,0.07317073170731707
test_001542.png,move about pretty freely without,move about pretty decline without,0.1875
test_001543.png,"back at them . "" Heather agreed , and suggested","back at them . "" Heather agreed , and suggested",0.0
test_001544.png,on her part ; but he thought it a good idea,on her part ; but he thought it a good idea,0.0
test_001545.png,There is just a hope that we may uncover,There is just a hope that we may uncover,0.0
test_001546.png,that they use Dan as a specimen demonstra-,that they use Dan as a specimen demonstrated,0.07142857142857142
test_001547.png,"some weakness , and find a way of fighting","some weakness , and find a way of fighting",0.0
test_001548.png,not have been entirely an objective suggestion,that have been entirely an objective suggestion,0.06521739130434782
test_001549.png,ting how the Thetan machinations had been,thing how the Phatan machinations had been,0.07317073170731707
test_001550.png,working out . It occurred to Steve that this may,working out . It occurred to Steve that this may,0.0
test_001551.png,nevertheless .,nevertheless .,0.0
test_001552.png,"preoccupied , and it seemed that the","preoccupied , and it seemed that the",0.0
test_001553.png,ventured forth and made their way on,veentured forth and made their way on,0.027777777777777776
test_001554.png,to offer any greeting . He was deeply,to offer any greeting . He was deeply,0.0
test_001555.png,a new and strange phenomenon .,a new and strange phenomena .,0.06666666666666667
test_001556.png,foot to Dan's house . Dan came,foot to Dan's house . Dan came,0.0
test_001557.png,nor sound of flying saucers . So they,nor sound of flying cancer . So they,0.08108108108108109
test_001558.png,So they proceeded to see if the coast,So they proceeded to see if the coast,0.0
test_001559.png,to the door at their ring but neglected,to the door at their ring but neglected,0.0
test_001560.png,ringing of a doorbell was to him,bringing of a doorbell was to him,0.03125
test_001561.png,"deserted , and there were neither sight",desorted and there were neither sight,0.07692307692307693
test_001562.png,was clear . The street was quiet and,was clear . The streets was quiet and,0.027777777777777776
test_001563.png,"of their presence . They just stared at him , turning","of their presence . They just stared at him , turning",0.0
test_001564.png,"decided upon . Inside they sat down unbidden , while","decided upon . Inside they sat down unbidden , while",0.0
test_001565.png,Dan paced the floor . He seemed completely unaware,Don paced the floor . He seemed completely unaware,0.02
test_001566.png,their heads like tennis spectators as he walked up and,their heads like tennis spectators as he walked up and,0.0
test_001567.png,"When he finally beckoned to them to enter , the action","When he finally becloned to them to enter , the action",0.018518518518518517
test_001568.png,"down , up and down .","down , up and down .",0.0
test_001569.png,gave the impression of having been thought out and,gave the impression of having been thought out and,0.0
test_001570.png,Heather and Steve tried to make themselves,Heather and Steve tried to make themselves,0.0
test_001571.png,and the purpose he was to serve .,and the ' purpose he was to serve .,0.06060606060606061
test_001572.png,communication and of a vague,communication and of a vague,0.0
test_001573.png,"powerful , world-wide radio and systematically","powerful , world-wide radio and systematically",0.0
test_001574.png,turned the tuning knob through all the,turned the timing knob through all the,0.05263157894736842
test_001575.png,at home . Steve switched on Dan's,at home . Steve switched on Dan's,0.0
test_001576.png,impatience pending an awaited,impatience pending an awaited,0.0
test_001577.png,"Finally , being so obviously on their own ,","Finally , being so obviously on their own ,",0.0
test_001578.png,perplexity respecting his surroundings,perplexity respecting his surroundings,0.0
test_001579.png,His whole attitude was a mixture of,His whole attitude was a mixture of,0.0
test_001580.png,tuning points of the world's great radio,tuning points of the world's great radio,0.0
test_001581.png,"First , it was Sunday morning ; and , second , everyone","First , it was Sunday morning ; and , second , everyone",0.0
test_001582.png,a single all-exclusive purpose .,a single all-exclusive purpose .,0.0
test_001583.png,the Avenue from its many tributary streets . It might have,the Avenue from its many trilmonary streets . It might have,0.06896551724137931
test_001584.png,"been a normal business-day bustle , except for two anomalies .","been a normal business-day little , except for two anomalies .",0.04838709677419355
test_001585.png,"walked , or drove , or waited as a person possessed of","walled , or drove , or waited as a person possessed of",0.018518518518518517
test_001586.png,"They followed him to a city bus stop on Carling Avenue , where","They followed him to a city bus stop on Carling Avenue , where",0.0
test_001587.png,he waited . The bus stop was a deserted island on an empty street .,he waited . The bus stop was a deserted island on a empty street .,0.014925373134328358
test_001588.png,"But not for long , for soon pedestrians and cars flocked upon","But not for long , for some pedestrians and was flocked upon",0.06557377049180328
test_001589.png,"as arranged , but he consoled himself by","as arranged , but he consulted himself by",0.05
test_001590.png,plenty of time together in the future . And,Plenty of time together in the future . And,0.023255813953488372
test_001591.png,January or early February . Angelina might be a,January or early February . Angelina might be a,0.0
test_001592.png,little sorry if we were not back for Christmas,little sorry if we were not back for Christmas,0.0
test_001593.png,"back on Moon again , and able to do","back on Moon again , and able to do",0.0
test_001594.png,real days and would return to New York in late,real days and would return to New York in late,0.0
test_001595.png,"the future of everyone , including Angelina , depended ...","the future of everyone , including Angolina , depends ... .",0.08620689655172414
test_001596.png,research at first hand into matters on which,research at first hand into matters on which,0.0
test_001597.png,Then he would go back to Plato for a final spell of,Then he would go back to Plato for a final spell of,0.0
test_001598.png,thinking that he and Angelina would have,thinking that he and Angelina would have,0.0
test_001599.png,"Heaven alone knew when , if ever , he would be","Heaven alone knew when , if ever , he would be",0.0
test_001600.png,"had done so , had not materialised . "" Do you","had done so , had not materialised . "" Do you",0.0
test_001601.png,"salary raise , on the expectation of which they","declary raise , on the expectation of which they",0.06382978723404255
test_001602.png,Hostettler,hostettler .,0.3
test_001603.png,"had contacts in political circles , a school-","had contacts in political circles , a school-",0.0
test_001604.png,"They had been married for six years , but the","They had been married for six years , but the",0.0
test_001605.png,( literally ) all-powerful Rocket Release,Ultimately ) all-powerful rocket Release Release,0.3902439024390244
test_001606.png,a Mocrat Senator with a seat on the,a Macrat Senator with a seat on the,0.02857142857142857
test_001607.png,"friend of hers having married Lester Peron ,","friend of hers having married Lester Peron ,",0.0
test_001608.png,Board .,board .,0.14285714285714285
test_001609.png,"furniture in the second year , "" she moaned . She","formiture in the second year , "" she moaned . She",0.04081632653061224
test_001610.png,"know , I had to send back our bedroom","below , I had to send back our bedroom",0.08108108108108109
test_001611.png,"All Sally's relations were 4makrodeb now , but Tom","All Sully's relations were 4makradeb now , but Tom",0.04
test_001612.png,"was a Static Mib , the middle-income-bracket equivalent","was a Static Mitz , the middle-income-brocket equivalent",0.05454545454545454
test_001613.png,to 4sub-lil on the lower .,to 4sub-Pil on the Power .,0.07692307692307693
test_001614.png,"evening , when he had been left to cook his own meal .","evening , when he had been left to cook his own male",0.05555555555555555
test_001615.png,"Sometimes she took Harry around with her , but","Sometimes she took Harry around with her , but",0.0
test_001616.png,"never her husband , a fact he accepted as inevitable . "" I guess","never her husband , a fact he accepted as inevitable . "" I guess",0.0
test_001617.png,"Sally made a mistake about me , "" he said one","Sadly made a mistake about me , "" he said one",0.022222222222222223
test_001618.png,"U.S. President's visit , but by a great storm in the photo-","U.S. President 's void , but by a great storm in the photos-",0.0847457627118644
test_001619.png,not submerged beneath a deep natural atmosphere .,not submerged beneath a deep natural atmosphere .,0.0
test_001620.png,sphere of the sun . A matter which on Earth would hardly,where of the score . A matter which on Earth would hardly,0.10714285714285714
test_001621.png,penetrate beyond the minds of astronomers was of general,penetorate beyond the minds of astronomers was of general,0.017857142857142856
test_001622.png,"All Aristotle was excited at the time , not by the prospect of the","All Aristotle was excited at the time , not by the prospect of the",0.0
test_001623.png,"interest to the Mos , doubtless because their habitat is","interest interest to the Los , doubtless because their hat trick is",0.2857142857142857
test_001624.png,"solar system . True enough , such ultimate weapons had not been","water system . Two enough , such ultimate weapons had not been",0.1111111111111111
test_001625.png,Board presided had it in their power permanently to warp the,Board presided had it in their power permanently to work the,0.03333333333333333
test_001626.png,especially when one reflected that the rockets over which Mr. Peron's,expectity when one reflected that he wrote over which Mr. Mann is,0.2463768115942029
test_001627.png,"with time instil the reverence which , on Earth , nature inspires ,","With time instill the resource which , on Earth , rather inquiries ,",0.208955223880597
test_001628.png,allies being more inferior than formerly to W.C.U. in the,allies being more inferior than twenty to W.C.U. in the,0.10526315789473684
test_001629.png,One wondered if this greater awareness of the physical cosmos might,One wondered if the greater awareness of the physical causes might,0.08955223880597014
test_001630.png,"that they would be in the next one , Moon and her","that they would be in the West one , Moon and her",0.04081632653061224
test_001631.png,weapons pronounced conventional .,weapons pronounced conventional,0.06060606060606061
test_001632.png,"used in the last few wars , but it seemed very probable",used in the last # few wars . but it seemed very probable,0.05454545454545454
test_001633.png,"wives , romanced about him in his absence . "" Lester was a","wives , rammed about him in his absence . "" Lester was a",0.06896551724137931
test_001634.png,"Sally "" - here she had dropped her voice in homage to the",Sally ' - here she had dropped her voice in homage to the,0.017543859649122806
test_001635.png,"country lawyer , and we were very small 4microdebs , weren't we ,","country lawyer , and we were very small 4 microbabs , when five",0.16923076923076924
test_001636.png,"duties and his wife , in the manner of middle-brow","clothes and his wife , in the manner of middle-brow",0.08
test_001637.png,we might get GO a bit better if he entered politics .,we might get GO a bit better if he entered politics .,0.0
test_001638.png,Lester was not home yet from his formidable,Lester was not home yet from his formidable,0.0
test_001639.png,"economic system : that was reverenced - "" when he thought","economic system : that was revered - "" when he thought",0.05263157894736842
test_001640.png,"plump hand towards her grand pianos , etc :","plump hand towards her grand pianos , etc :",0.0
test_001641.png,mouth-organ to be forgotten now . The time,mouth-organ to be forgotten now . The time,0.0
test_001642.png,"at the same time a door banged - "" but don't","at the same time a door banged - "" but don't",0.0
test_001643.png,"got all these lovely things "" - she waved a",got all these lovely things ' - she moved a,0.06976744186046512
test_001644.png,we came through to 4makrodeb status and,We came through to 4makrodeb status and,0.02564102564102564
test_001645.png,Sentence Database,Sentence Database .,0.11764705882352941
test_001646.png,has come for him to be taken seriously,has come for him to be taken seriously,0.0
test_001647.png,"as a statesman . ""","as a statesman . """,0.0
test_001648.png,"say a word about it , Lester wants his","say a word about it , Lester wants his",0.0
test_001649.png,"That 's how he got the votes , that 's how","That's how he got the votes , that's how",0.047619047619047616
test_001650.png,to him as those a lawyer makes in a court,to him as those a lawyer makes in a court,0.0
test_001651.png,But privately he turned out to be as friendly as,But privately he turned out to be as friendly as,0.0
test_001652.png,"Mr. Wise the tube manufacturer , to have the same adolescent","Mr. Wise the tube manufacturer , to have the same adolescent",0.0
test_001653.png,"openness and freshness , though perhaps not the same","openness and freshness , though perhaps not the same",0.0
test_001654.png,maturity . One remembered that he was a lawyer,maternity . One remembered that he was a lawyer,0.043478260869565216
test_001655.png,"by training , and suspected that the points he made","by training , and suspected that the points he made",0.0
test_001656.png,of law .,of law .,0.0
test_001657.png,so sharply in international politics were as abstract,so sharply in international politics were as abstract,0.0
test_001658.png,which had grown up during the Moon's,refined had grown up during the Monn's,0.19444444444444445
test_001659.png,Then what of the cultural life ? Did this per-,When what of the cultural life ? Did this per-,0.021739130434782608
test_001660.png,"of free men everywhere , could only repel them .","of free men everywhere , could only repel them .",0.0
test_001661.png,and counteract the obsession with economics,and counteract the obsession with economics,0.0
test_001662.png,"guise which , far from attracting the allegiance","equise which , far from attracting the allegiance",0.041666666666666664
test_001663.png,which might in time become social fact,which might in time become social fact,0.0
test_001664.png,The political life of Aristotle looked more and more,The political life of Aristotle looked more and more,0.0
test_001665.png,like a masquerade of business interests in dis-,like a Masquerade of Guinness interests in his own,0.19148936170212766
test_001666.png,haps nurture a genuinely civilizing impulse,haps nurture a genuinely civilizing impulse,0.0
test_001667.png,first two centuries ?,first two centuries ?,0.0
test_001668.png,worried little man-student who kept getting out of,vorrisal little man-student who kept getting out of,0.08
test_001669.png,trans-economic .,trans-economic .,0.0
test_001670.png,step . He looked as if nothing Moke and his,step . He tookarl as if nothing more and his,0.13953488372093023
test_001671.png,"to be diverted , however , with the single exception of one","to be disastrously however , with the single exception of one",0.15254237288135594
test_001672.png,neurosis and not in some eruption from those,nearosis and not in some eruption from those,0.022727272727272728
test_001673.png,GO ; but the reason probably lay in elementary,(GO ; but the reason probably lay in elementary,0.021739130434782608
test_001674.png,deeper layers in the human psyche which are,ofeyes' layers in the human psyche which are,0.11627906976744186
test_001675.png,minions could do to him would ever make him,minions could do to him would ever make him,0.0
test_001676.png,"Stepping out in their white shorts , they looked glad enough","Stepping out in their white shorts , Hey (oo had enough",0.13333333333333333
test_001677.png,putting their best foot forward .,putting their best foot forward .,0.0
test_001678.png,"had to get to pay off their college bills , were naturally","had to get off their college bills , were naturally",0.1206896551724138
test_001679.png,"these young ones , on parade for jobs which they","these young ones , on parade for jobs which they",0.0
test_001680.png,"Mos have an un-American love of parades , and","Most have an un-American love of parades , and",0.022222222222222223
test_001681.png,"So once again the metaphysics were depressing ,","So once again the metaphysics were depressing ,",0.0
test_001682.png,and in absolute contrast to the physical display .,and in absolute contrast to the physical display,0.04
test_001683.png,of the jungle . ' Think there 's Indians,"of the jungle . "" Think there's Indians",0.05
test_001684.png,didn't seem to want to get off the raft . ',"didn't seem to want to get off the raft . """,0.023255813953488372
test_001685.png,about ? ' It was most certainly an eerie,"about ? "" It was most certainly an eerie",0.025
test_001686.png,edge ... did you notice ? And the mules,edge ... . did you notice ? And the rules,0.07692307692307693
test_001687.png,"whose presence I could almost smell ,","whose presence I could almost smell ,",0.0
test_001688.png,carefully casual . ' The servants are all on," carefully casual . "" The servants are all on",0.022727272727272728
test_001689.png,"' Something 's up , ' said Lord Undertone ,",""" Something's up "" said Lord Undertone ,",0.11627906976744186
test_001690.png,"night , exceptionally brilliant and strange ,","night , exceptionally brilliant and strange ,",0.0
test_001691.png,He peered as it were into the dark secrets,He proved as it were into the dark secrets,0.07142857142857142
test_001692.png,"for in the proximity of the mountains ,","for in the proximity of the mountains ,",0.0
test_001693.png,"a bit earthbound tonight , Trout . I 've got a queer","a bit earthboard tonight , Trout , I 've got a queer",0.057692307692307696
test_001694.png,"if you ask me . Might be jaguar , might be ...","if you ask me . Might be jaguar , might be ... .",0.043478260869565216
test_001695.png,sensational 's going to happen . There 's things lurking,seussational's going to happen . There's things writing,0.14285714285714285
test_001696.png,"' Impressive , ' Lord Undertone said , gazing reverently","' Impressive , Lord Undertone said , gazing recently",0.08928571428571429
test_001697.png,"feeling , like I always get when something","feeding , like I always get when something",0.023809523809523808
test_001698.png,head-shrinkers .,head - strict-,0.625
test_001699.png,on the cosmic handiwork . ' All those stars . But I 'm,on the cosmic handwork . ' All those stars . But I ',0.037037037037037035
test_001700.png,"Hope I die kind of composed , Trout . I mean you can't","Hope I did kind of composed , Trout , I mean you can't",0.037037037037037035
test_001701.png,"imagine the Christian martyrs twisting and shrieking ,",imagine the Christian martyrs twisting and shriering,0.05555555555555555
test_001702.png,"lion munching , or arrows where it hurts most . Or","Clion mucking , or arrows where it hurts most . or",0.08
test_001703.png,shadows beyond the river . ' Something moved . ',schoolous beyond the river . ' Something moved . ',0.10416666666666667
test_001704.png,can you . Look over there . ' He pointed to the,can you look over there . ' He pointed to the,0.06382978723404255
test_001705.png,"no matter how bad it felt , the fire you know , or a","Who matter how bad it felt , the fire you know , or a",0.038461538461538464
test_001706.png,through fear . ' A character Mr Gilberto mentioned,through fear . ' A character Mr Gilleto mentioned,0.04
test_001707.png,of a bottle . If your lordship will excuse me,of a bottle . If your hardship will excuse me,0.044444444444444446
test_001708.png,a moment ... ',"a moment ... . """,0.21428571428571427
test_001709.png,"to other day , my lord . A being of whom","to other other day , my land . A being of whom",0.2
test_001710.png,the forest Indians are said to be mortally,the first Indians are said to be mortally,0.047619047619047616
test_001711.png,"afraid , with a hoof shaped like the heel","afraid , with a proof shaped like the heel",0.04878048780487805
test_001712.png,"' Bottle-Foot , my lord . ' ' Bottle-Foot ? ' His lordship","' Battle-Foot , my lord . ' Battle-Foot ? ' His hardship",0.10344827586206896
test_001713.png,may have thought I had become unbalanced,may have thought I had become unbalanced,0.0
test_001714.png,"to entertain for an instant the idea , the","to entertain for an instant the idea , the",0.0
test_001715.png,"to watch Mr Septimus more closely , Mrs","to watch Mr Septimus more closely , Mrs",0.0
test_001716.png,Caine too and Mr Gilberto who would ...,Caine too and Mr Gilbert who would ...,0.02564102564102564
test_001717.png,would be inopportune ; and with the idea came,would be inapparture ; and with the idea came,0.06666666666666667
test_001718.png,Mr Septimus stood in the same case as,Mr. Septimus stood in the same case as,0.02702702702702703
test_001719.png,"inconceivable idea , that Ariadne's arrival","inconvencurable idea , but Ariadne's arrival",0.18604651162790697
test_001720.png,myself ? But was it so ? I allowed myself,myself ? But was it so ? I allowed myself,0.0
test_001721.png,"strange , the unwelcome , the almost","of strang , the unwelcome , the almost",0.1111111111111111
test_001722.png,"Sally and of course Mrs Septimus , for surely","Sally and of course Mrs Septimus , for surely",0.0
test_001723.png,"a somewhat vulgar impulse , which I refused ,","a somewhat vulgar impuls , which I refused ,",0.022222222222222223
test_001724.png,Mr Septimus reserved and certainly very,Mr. Septimus reserved and certainly very,0.02564102564102564
test_001725.png,"any rate they remained with us , perhaps","any rate they remained with us , perhaps",0.0
test_001726.png,we were all invaded by a most tranquil,We were all invaded by a most tranquil,0.02631578947368421
test_001727.png,But all three were to the casual,But all three were to the casual,0.0
test_001728.png,"thoughtful , but that was his habit . Indeed","thoughtful , but that was his habit . Indeed",0.0
test_001729.png,"for such protection as our presence , or Mrs","for such protection as our presence , or Mrs",0.0
test_001730.png,savage tribes never approached this region : at,storage tribes never approached this region : at,0.06382978723404255
test_001731.png,"mood . Even the Indian servants relaxed , knowing ,","mood . Even the Indian servants relaxed , brawning ,",0.0784313725490196
test_001732.png,observation I permitted myself unruffled ;,"observation I permitted myself unruffled ,",0.023809523809523808
test_001733.png,"so Mr Gilberto told us , that the wild and","so Mr Gilberto told us , that the wild and",0.0
test_001734.png,But after what Mrs Caine had said it was never,But after what Mrs Caine had said it was never,0.0
test_001735.png,to receive a summons . I could see that Mr Septimus,"to receive a summons . "" I caned see that Mr. Septimny",0.1568627450980392
test_001736.png,far from our minds that at any moment we were,for from our minds that at any moment we were,0.022222222222222223
test_001737.png,"a promontory , a mass of clean rock crowned with","a promontory , a mass of clear rock crowned with",0.020833333333333332
test_001738.png,"was impatient for it . This afternoon , then , we climbed","was inpatient for it . This afternoon , then , we climbed",0.017543859649122806
test_001739.png,"trees and bushes , that stood well out over the lake .","trees and bushes , that stood well out over the lake .",0.0
test_001740.png,""" Good-bye , Morfydd . "" He sought to enfold her in his arms . But he was too late .",""" God by , Hodgold . "" He sought to withdraw in his arms . But he was too later .",0.21428571428571427
test_001741.png,heart that Morfydd was leaving him as surely as she was leaving Dinas .,heat that Molydd was leaving him as surely as she was leaving a brief,0.14084507042253522
test_001742.png,"waving , unkissed , from the window . And Dai , on the pavement , knowing in his","morning , audited from the wider , And this , on the pavement , knowing in his",0.225
test_001743.png,""" Good-bye , Dai , "" said Morfydd , smiling from the bottom step .",""" good-bye , Sci. "" said Holyall , smiling from the bottom step .",0.16666666666666666
test_001744.png,"She was already up the bus steps , and the bus was away . And Morfydd Owen","The war already up the bus stops , and the bus was away . And Moffat Owen",0.0945945945945946
test_001745.png,Dinas Motor Omnibus Co. to ask what had happened to their,Dennis Motor Omnibus . As well that had happened to Flavius,0.3157894736842105
test_001746.png,scene . The first intimation that all was not well came when a,more . The first situation that she was not well ' some when a,0.24193548387096775
test_001747.png,"on those fifteen miles of mountain roads , it disappeared from the earthly","on those often sides of certain rods , it disappeared from the earthly",0.13513513513513514
test_001748.png,damn bus .,dann less .,0.4
test_001749.png,"Mr. Isaiah Roberts , landlord of The Traveller's Joy , rang up the","Mr. Isaiah Roberts , landlord of the traveller 's joy , sung up the",0.09090909090909091
test_001750.png,"So the bus set out for Llangrwl . But it never reached there ! Somewhere ,","for the bus , out for Glasgow . But it never ended there ! somewhere ,",0.1891891891891892
test_001751.png,""" Don't want to take too much notice of those old timetables , "" Ifor said ,",""" I don't want to take too much notice of those old timetables . "" I know and",0.15789473684210525
test_001752.png,"reasonably . "" Start running punctual and where are you ? People get","personally . "" That running eventual and there are you ? People gets",0.17647058823529413
test_001753.png,"left behind , isn't it ? Very exasperating for one and all . ""","self being behind , in it it . "" They exasperating for me and all all",0.3548387096774194
test_001754.png,"supposed to leave at two-twenty . "" "" Who says so ? "" "" Your timetable . ""","proposed to leave at two-country . "" "" We have says so ? "" "" you timetable . """,0.1891891891891892
test_001755.png,""" Left here all right , "" said Ifor . "" Two-thirty-five , on the dot . "" "" It 's",""" GABAN AL AGHT , "" said that . "" Our . thirty-five , on the dot . "" It ' is",0.3875
test_001756.png,"the mask , now , Ifor did . "" Dai Pugh , "" he bellowed . "" Leap on your bicycle","the mark , now . Did , "" Dai Buegh , ' he illowed . "" been ' on your triangle",0.3037974683544304
test_001757.png,"of humour , that Isaiah . He banged down the receiver . Very uncivil . Dropped","of humour , that Isaiah . He hanged down the reservoir , busy unsaid . Sheaped",0.21794871794871795
test_001758.png,and scour the countryside between here and The Traveller's Joy .,and seems too countryists between love and the traveller's gay,0.296875
test_001759.png,""" What do you want me to do ? Send out a sheriff's posse , is it ? "" No sense",""" What brought next to Mr. "" Said out a Sheriff's purse , 'n' It ? ' No more",0.37662337662337664
test_001760.png,""" And what are you going to do about it ? "" Tendentious , Mr. Roberts sounded .",""" And that we you going to do about it ! "" Salvation , Mr. Roberts sounded",0.17721518987341772
test_001761.png,The two-twenty to Llangrwl has failed to,The two-twinty to Clang-wl has failed to,0.075
test_001762.png,"some dreadful ravine , or beset by","some dreadful ravine , or beset by",0.0
test_001763.png,precious than jewels . Though Mofydd Owen,precious than jewels . Though Mofydd Owen,0.0
test_001764.png,as with trembling fingers he fastened his,as with trembling fingers he fastened his,0.0
test_001765.png,"robbers , or being whisked off to Emergency",problems or being whisked off to Emergency,0.11627906976744186
test_001766.png,"was , as he feared , departed out of his life ,","was , as he feared , departed out of his life ,",0.0
test_001767.png,"two-twenty carried , for him , a cargo more","two-twent , carried , for him , a cargo more",0.046511627906976744
test_001768.png,"trouser clips , he was seeing her lying in","browser clips , he was seeing her lying in",0.047619047619047616
test_001769.png,"complete her mission . "" Paled , did Dai . For the","complete her mission . "" Puled , did Dai . For the",0.02
test_001770.png,"he still loved her dearly . Already , even","he still loved her dearly . Already , even",0.0
test_001771.png,Ward 10 .,ward 10 .,0.1111111111111111
test_001772.png,"the title of "" First Woman to Enter Space . ""","the title of "" First Woman to Enter Space """,0.044444444444444446
test_001773.png,Cadwallader when his child mind grasped,Cadwallader when his child mind grasped,0.0
test_001774.png,the fact that the green earth was falling,the fact that the green earth was failing,0.024390243902439025
test_001775.png,away at a rate of knots .,away at a rate of knots .,0.0
test_001776.png,Morfyyd Owen was already qualifying for,Morfygd Owen was already qualifying for,0.02564102564102564
test_001777.png,"But even his imagination , luckily for him ,","But even his imagination , luckily for him ,",0.0
test_001778.png,did not visualise the awful truth - that,old not visualise the awful truth - that,0.05
test_001779.png,""" Where are we going , Mam ? "" inquired little",""" Where are we going , Mom ? "" inquired little",0.021739130434782608
test_001780.png,""" Damned if I know , boy , "" said the driver .",""" Damned if I know , boy , "" said the driver .",0.0
test_001781.png,the window . Went and consulted the driver .,the window . Went and consulted the driver .,0.0
test_001782.png,Where indeed ? Megan Thomas spoke sharply,Where indeed ? Megan Thomas spoke sharply,0.0
test_001783.png,his ticket-punch nervously . Peered out of,his ticket-punch previously . Peered out of,0.09523809523809523
test_001784.png,"But nonplussed , the conductor was . A","But now plussed , the conductor was . A",0.05263157894736842
test_001785.png,depth in this particular instance . Fingered,clepth in this particular instance . Figered,0.06818181818181818
test_001786.png,"happened , if you ask me . ""","happened , if you ask me . """,0.0
test_001787.png,""" Where are we going ? "" he echoed Cadwallader .",""" Where are we going ? "" he echoed Cadwalladder .",0.020833333333333332
test_001788.png,"to the conductor , demanding an explanation .","to the conductor , demanding an explanation .",0.0
test_001789.png,""" But something very untoward has",""" But something very untoward has",0.0
test_001790.png,"good man , mind ; knew his job . But out of","good man , mind ; knew his job . But out of",0.0
test_001791.png,running into Llangrwl bus station .,running into Llangrwl bus station .,0.0
test_001792.png,"his head . "" God bless my immortal soul , ""","his head . "" God bless my immortal soul , """,0.0
test_001793.png,"Immersed in the Dinas Advertiser , was the","Immersed in the Dinas Advertiser , was the",0.0
test_001794.png,"he cried . "" Never mind your immortal","he cried . "" Never mind your immortal",0.0
test_001795.png,very moment when we should be,very moment when we should be,0.0
test_001796.png,"window . Looked again , eyes starting from","Window . Looked again , eyes starting from",0.023809523809523808
test_001797.png,"folded it , and glanced idly out of the","folded it , and glanced idly out of the",0.0
test_001798.png,"soul , "" said Megan Thomas tartly .","good . "" Said Megan Thomas tartly .",0.14285714285714285
test_001799.png,""" Here we are traversing the heavens at the",""" Here we are traversing the heavens at the",0.0
test_001800.png,"Rev. Edwards . Now he put down his paper ,","Rev. Edwards . Now he put down his paper ,",0.0
test_001801.png,""" It 's all very well , "" commented",""" It 's all very well , "" commented",0.0
test_001802.png,"it . "" Stung , the conductor was . "" What you","it . "" Strong , the conductor was . "" What you",0.044444444444444446
test_001803.png,Mr. Hayball from the back seat .,Mr. Hayball from the back seat .,0.0
test_001804.png,"expect me to do ? "" he inquired , bitter .","expect me to do ? "" he inquired , bitter .",0.0
test_001805.png,And no one doing the first thing about,And no one doing the first thing about,0.0
test_001806.png,"us nowhere , "" boomed the Rev. Edwards .","us nowhere , "" boomed the Rev. Edwards .",0.0
test_001807.png,"is it ? "" "" Mutual recriminations will get","is it ? "" Mutual recommendations will get",0.14285714285714285
test_001808.png,""" Radio Flying Control at London Airport ,",""" Radio Flying Control at London Airport ,",0.0
test_001809.png,though half an hour ago she had,"though half on hour ago , he had",0.0967741935483871
test_001810.png,"at the Youth Hostel before dark . ""","at the Youth Hotel before dark . """,0.02857142857142857
test_001811.png,Morfydd Owen was silent . But she,Morfydd Owen was silent . But she,0.0
test_001812.png,would never see her Dai again . And,would never see her Dai again . And,0.0
test_001813.png,looked down at the fast-disappearing,looked down at the fast-disappearing,0.0
test_001814.png,dismay . Quietly she began to,dismay . Quietly she began to,0.0
test_001815.png,weep ...,weep ...,0.0
test_001816.png,regarded this possibility with,regarded this possibility with,0.0
test_001817.png,"fortitude , it now filled her with","fortunte , it now filled her with",0.11764705882352941
test_001818.png,"earth , and it seemed to her that she","earth , and it seemed to her that she",0.0
test_001819.png,""" But Eth and me wanted to be",""" But the and me wanted to be",0.06896551724137931
test_001820.png,furiously on the road . Not a sign of,furiously on the road . Not a sign of,0.0
test_001821.png,""" Afternoon , Mr. Roberts , "" he called , polite ,",""" Afternoon , Mr. Roberts , "" he called , polite ,",0.0
test_001822.png,"Llangrwl , and his dear Morfydd quietly","illangrul , and his dear Morfydd quietly",0.07692307692307693
test_001823.png,as he shot past . His spirits were rising .,as he shot part . His spirits were rising,0.06976744186046512
test_001824.png,He had seen no sign of an accident .,He had seen no sign of an accident .,0.0
test_001825.png,Therefore Mr. Roberts must have been mistaken .,Therefore Mr. Roberts must have been mistaken .,0.0
test_001826.png,"Joy . At last he caught up Mr. Roberts ,","Joy . At last he caught up Mr. Roberts ,",0.0
test_001827.png,walking very dogged towards Llangrwl .,walking very dogged towards Llangrwl .,0.0
test_001828.png,the bus . He passed The Traveller's,the bus . He passed The Traveller's,0.0
test_001829.png,He would find the bus safe and sound in,He would find the bus safe and round in,0.02564102564102564
test_001830.png,"Dai , meanwhile , was pedalling","Doi , meanwhile , was recalling",0.0967741935483871
test_001831.png,"restive queue of people in the bus station ,","sensitive queue of people in the bus station ,",0.06818181818181818
test_001832.png,"he found was Morfydd's mam , working","the found was Morfydd is man , working",0.1111111111111111
test_001833.png,But disappointment awaited him . A,But disappointment awaited him . A,0.0
test_001834.png,"the windows . Little to be seen , only a","the windows . Little to be seen , only a",0.0
test_001835.png,"few lone stars , and the distant earth","few bone stars , and the distant earth",0.02631578947368421
test_001836.png,The beleaguered passengers peered out of,The beleagued passengerspered out of,0.1
test_001837.png,"herself up proper ... Getting dark , now .","herself up proper ... . Getting dark , now .",0.047619047619047616
test_001838.png,waiting to be transported to Dinas . And,exacting to be transported to Dinas . And,0.075
test_001839.png,brooding in her shroud of mist .,brooding in her shroud of mist .,0.0
test_001840.png,"when he went to Morfydd's house , all","when he went to Morfydd 's house , all",0.02702702702702703
test_001841.png,The conductor switched on the lights .,The conductor switched on the lights .,0.0
test_001842.png,his Eth . Morfydd thought of Dai . The,his Eth. Morfydd thought of Dai . The,0.02631578947368421
test_001843.png,"looked at his forlorn flock . "" What","looked at his forlorn flock . "" What",0.0
test_001844.png,conductor peered ahead into nothingness .,conductor peeered ahead into nothingness .,0.024390243902439025
test_001845.png,"about a verse or two of Cwm Rhondda ? ""","about a verse or two of Cwm Rhondda ? """,0.0
test_001846.png,the sleeping Cadwallader . Driver and,the sleeping ladwallader . Driver and,0.02702702702702703
test_001847.png,"Rev. Edwards , standing at the front ,","Rev. Edwards , standing at the front ,",0.0
test_001848.png,"Megan Thomas sat tight-lipped , nursing","Megan Thomas rat tight-lipped , running",0.10256410256410256
test_001849.png,On the back seat Stan Hayball embraced,On the back seat Stan Hayball embraced,0.0
test_001850.png,he suggested hopefully .,she suggested hopefully .,0.041666666666666664
test_001851.png,from their lethargy . Something was,from their lithurgy . Something was,0.05714285714285714
test_001852.png,"in a moment , followed by a great","in a moment , followed by a great",0.0
test_001853.png,"too desperate for singing , then the","too desperate for singing , then the",0.0
test_001854.png,"situation , he realised , must be desperate","situation , he realised , must be desperate",0.0
test_001855.png,"approaching , faster , faster , a tearing","approaching , faster , faster , a tearing",0.0
test_001856.png,sank . If the Welsh found the situation,crank . If the Welsh found the situation,0.05128205128205128
test_001857.png,"They looked at him , sullen . His heart","They looked at him , sullen . His heart",0.0
test_001858.png,hurrying blur that was past and gone,hurrying blur that was past and gone,0.0
test_001859.png,indeed . But suddenly they were roused,indered . But suddenly they were roused,0.02631578947368421
test_001860.png,rush of sound . They waved frantically .,crush of round . They waved frantically .,0.05
test_001861.png,"pool and ration our supplies of food , if any . ""","pool and ration our supplies of food , if any . """,0.0
test_001862.png,""" Do as I say , driver . "" Very stern , the reverend",""" Do of I say , driver . "" Very stem , the revered",0.09615384615384616
test_001863.png,"through empty space . "" Thank you , "" the Rev.","through empty space . "" Thank you , "" the Rev.",0.0
test_001864.png,gentleman was . So the driver peep-peeped as,gentleman was . So the driver peep-peeped as,0.0
test_001865.png,"Edwards said courteously . "" Secondly , we must","Eduardfraid courtously . "" Secondly , we must",0.10638297872340426
test_001866.png,a great basket .,a great basket .,0.0
test_001867.png,"He looked at Price the Provisions , who was nursing","He looked at price the Provision "" who was running",0.11764705882352941
test_001868.png,"too . "" He folded his arms protectively over the basket .","too . "" He folded his arms , "" "" "" # kinky over the best but",0.3508771929824561
test_001869.png,"Stared back did Price the Provisions , unwinking .","Stared back did Price the Provision ) , unworking .",0.08
test_001870.png,""" Mr. Price , I think you may be able to help us here , """,""" Mr. Rice , I think you may be able to help us . here , """,0.07017543859649122
test_001871.png,""" Intended for Plas Newydd , this lot is . Paid for ,",""" Intended for Play Newydd , Philot is . Paid for ,",0.07547169811320754
test_001872.png,""" Now , who has any food ? "" he asked hopefully .",""" Now , who has any food ? "" he asked hopefully .",0.0
test_001873.png,said the Rev. Edwards . Price shook his head .,said the Rev. Edwards . Price shoot his head .,0.021739130434782608
test_001874.png,"Mutinous dog , thought the Rev. Edwards , who hadn't","Mutinous dog , Rough ! He Rev. Edwards , who hadn't",0.11538461538461539
test_001875.png,"he roared . Quelled , Mr. Price pulled out a grocery","he roared . Quelled , Mr. Price pulled out a grocery",0.0
test_001876.png,"began to read . "" Six loaves , four pounds butter ,","began to read . ' Six looms , four pounds for the",0.23529411764705882
test_001877.png,"list , pushed his glasses up on his nose , and","dist , pushed his glassed up on his more , and",0.08695652173913043
test_001878.png,"Island . "" What have you got in that basket , Price ? ""","islund . "" What have you got in the t bas but , Price ? """,0.12727272727272726
test_001879.png,"two pounds marge , one tin pineapple , one York ham . ""","two pounds merge , one tin pineapple , one York ham . """,0.01818181818181818
test_001880.png,enjoyed himself so much since reading Treasure,enjoyed himself so much since reading Treasurer,0.021739130434782608
test_001881.png,the Heavy World become changed . Some die . Most live,the Heavy world become changed . Some die . Most live,0.018867924528301886
test_001882.png,"' But we - ' ' Stop your stupid talk , woman ! ' ' We are - '","' But we - ' Stop your stupid talk , woman ! ' ' We are - '",0.03278688524590164
test_001883.png,"' Be silent , woman , and listen , ' Band Appa Bondi said .","' Be silent , woman , and listen , ' Bond Appa Bondi said",0.05084745762711865
test_001884.png,and grow wings . Between the worlds are many strong,and grow wings . Between the worlds are many strong,0.0
test_001885.png,"rays , not seen or felt , which change our bodies .","crays , not seen or felt , which change our bodies",0.058823529411764705
test_001886.png,"' We know much , ' repeated the Chief Captive . ' Some","' We know much , ' repeated the Chief Captive . ' Some",0.0
test_001887.png,things we will tell you . All who make the journey from,things we will tell you . All who make the journey from,0.0
test_001888.png,tigerfly is not a tigerfly until it changes . So humans,Argery is not a tigerfly until it changes . So humans,0.07272727272727272
test_001889.png,"stubbornly , throwing himself down . But Lily-yo and","stubbornly , throwing himself down . But Lily - you and",0.057692307692307696
test_001890.png,"When you come here , when you come to the True","When you come here , when you come to the True",0.0
test_001891.png,"World , you become a true human . The grub of the","World , you become a true human . The grub of the",0.0
test_001892.png,Flor were listening .,For were listening .,0.047619047619047616
test_001893.png,"change . ' ' I cannot know what he says , ' Haris said","' change . ' ' I cannot know what he says , ' Maris said",0.05555555555555555
test_001894.png,heedlessly thrown down their souls .,heedlessly thrown down their sails .,0.05555555555555555
test_001895.png,"Lily-yo said , doubtingly . The Captive with the","Lily-to said , doubtingly . The Captive with the",0.020833333333333332
test_001896.png,"young , ' said the Chief Captive . ' You begin newly here .","young , ' said the Chief Captive . ' You begin newly here .",0.0
test_001897.png,each other . In their flight from the 4wiltmilt they had,each other . In their flight from the twiltmilt they had,0.017857142857142856
test_001898.png,Where are your souls ? ' Lily-yo and Flor looked at,where are your souls ? ' Lilly-yo and Thor looked at,0.0784313725490196
test_001899.png,"fleshless jaw said , ' The grub of the tigerfly thinks","fleshless jew said , ' The grub of the tigerfly thinks",0.018518518518518517
test_001900.png,"' To this True World , as you call it , we come to die , '","To this True World , as you call it , we come to die , """,0.05172413793103448
test_001901.png,it dies when it changes into a tigerfly . ' ' You are still,it dies when it changes into a tigerfly . ' ' You are still,0.0
test_001902.png,as we are . Some may be born right . ',as we are . Some may be born right . ',0.0
test_001903.png,babies may be born with wings . ' The Captive with,babies may be born with wings . ' The Captive with,0.0
test_001904.png,"the boneless arms added , ' Some may be born wrong ,","the boneless arms added , ' Some may be born wrong ,",0.0
test_001905.png,' You see . You needed them no more . You are still,You see . You needed them no more . You are still,0.0392156862745098
test_001906.png,Haris had trampled on his . It was unthinkable !,Marks had trampled on his . It was unthinkable !,0.041666666666666664
test_001907.png,young . You may be able to have babies . Some of those,young . You may be able to have babies . Some of those,0.0
test_001908.png,in life . To know is also good . Because we cannot move,in life . To know is also good . Because we cannot move,0.0
test_001909.png,is good and knows these things .,is good and knows these things .,0.0
test_001910.png,' You are too foul to live ! ' Haris growled . ' Why are,' You are too foul to live ! ' Harris growled . ' Why are,0.017857142857142856
test_001911.png,"itself and declared , ' To be a good shape is not all","Hitself and declared , ' To be a good shape is not all",0.018867924528301886
test_001912.png,Chief Captive said . Suddenly his second head roused,Chief Captive said . Suddenly his second head roused,0.0
test_001913.png,well we can - think . This tribe of the True World,well we can - think . This tribe of the True World,0.0
test_001914.png,"you not killed ? ' ' Because we know all things , ' the","you not killed . ' ' Because we know all things , ' the",0.01818181818181818
test_001915.png,at last . ' We do . ' ' Then why are you captives ? ',at last . ' We do . ' ' Then why are you captives ? ',0.0
test_001916.png,spoke for the first time .,spoke for the first time .,0.0
test_001917.png,Captives rule the True World ? ' Lily-yo asked,"Captives rule the True World ? "" Lily-to asked",0.043478260869565216
test_001918.png,muttered together . ' Do you say that you poor,muffered together . ' Do you say that you poor,0.043478260869565216
test_001919.png,So it lets us rule it . ' Flor and Lily-yo,So it lets us rule it . ' Flor and Lily-you,0.023809523809523808
test_001920.png,"The flyman with ear lobes and thumbs connected ,","The flyman with ear lobes and thumbs connected ,",0.0
test_001921.png,"making his perpetual little gesture of protest ,","making his perpetual little gesture of protest ,",0.0
test_001922.png,think and plan and know . Those who know,think and plan and know . Those who know,0.0
test_001923.png,command the knives of others . ' ' No hurt will,command the knives of others . ' ' No hurt will,0.0
test_001924.png,are slaves to it . Only an outcast is free . Because,are slaves to it . Only an outcast is free . Because,0.0
test_001925.png,"' To rule is to serve , woman . Those who bear power","To rule is to serve , woman . those who bear power",0.057692307692307696
test_001926.png,' You will live among us and enjoy your life free,You will live among us and enjoy your life free,0.04081632653061224
test_001927.png,from harm . ',from harm . ',0.0
test_001928.png,"we are Captives , we have the time to talk and","We are Captives , we have the time to talk and",0.021739130434782608
test_001929.png,"come to you , Lily-yo , ' Band Appa Bondi added .","come to you , Lily-yo , ' Band Appa Bondi added .",0.0
test_001930.png,Flor - this other man creature is plainly useless -,For this other man creature is plainly useless -,0.058823529411764705
test_001931.png,here at a good time . Memories of the Heavy World,here at good time . Memories of the Heavy World,0.04081632653061224
test_001932.png,and its savage life are still fresh in you .,and its savage life are still fresh in you .,0.0
test_001933.png,"' Before she can enjoy , Lily-yo and her companion","Before she can enjoy , Lily-yo and her companions",0.06
test_001934.png,' No ! ' the Chief Captive said with both mouths .,' No ! ' the Chief Captive said with both months .,0.02
test_001935.png,must help our great plan . ' ' The invasion ? ' Bondi,"must help our great plan . "" ' The invasion ? ' Bondi",0.018867924528301886
test_001936.png,"asked . ' What else ? Flor and Lily-yo , you arrive","asked . ' What else ' ' Flor and Lily-yo , you arrive",0.058823529411764705
test_001937.png,gasped Flor . ' Yes . We plan to attack the Heavy,gossiped Flor . Yes . We plan to attack the Heavy,0.10204081632653061
test_001938.png,World . You must help to lead our force . ' The long,World . You must help to lead our force . ' The long,0.0
test_001939.png,We need such memories . So we ask you to go,We need such memories . So we ask you to go,0.0
test_001940.png,"afternoon of eternity wore on , that long golden road","afternoon of eternity were on , that long golden road",0.018867924528301886
test_001941.png,of an afternoon that would somewhere lead to,of an afternoon that would somewhere lead to,0.0
test_001942.png,back there on a great plan we have . ' ' Go back ? ',back there on a great plan we have . ' ' God back ? ',0.019230769230769232
test_001943.png,everlasting night .,everlasting night .,0.0
test_001944.png,new flesh and tendon strengthened . To sail up in the,new flesh and tendon strengthened . To sail up in the,0.0
test_001945.png,with their wings soon died away as the wonderful,with their wings soon died away as the wonderful,0.0
test_001946.png,and Haris there were many events . Chief of these was,and Harris there were many events . Chief of these was,0.018867924528301886
test_001947.png,had no place here .,had no place here .,0.0
test_001948.png,flopping movements of flymen on the Heavy World,flopping movement of flymen on the heavy world .,0.10638297872340426
test_001949.png,light gravity became an increasing delight - the ugly,light gravity became an increasing delight - the ugly,0.0
test_001950.png,"Motion there was , but motion without event - except","Motion there was , but motion without event - except",0.0
test_001951.png,for those negligible events that seemed so large to,for those negligible event that seemed so large to,0.0196078431372549
test_001952.png,"the creatures participating in them . For Lily-yo , Flor","the creatures participating in them . For Lily-yo , Flor",0.0
test_001953.png,that they learned to fly properly . The pains associated,that they learned to fly properly . The pains associated,0.0
test_001954.png,prepared to place complete reliance .,prepared to place compute reliance,0.10810810810810811
test_001955.png,"his own life , but Geoffrey's as well , to a strange girl","his own wife , but Geoffrey ' , 's well ' to a strange girl",0.10526315789473684
test_001956.png,than a couple of telephone calls he was,than a couple of telephone calls he was,0.0
test_001957.png,been inclined to regard women as something,been inclined to regard women as something,0.0
test_001958.png,career . Now he realised that he was entrusting not only,career . Not he realised that he was entrusting not only,0.017857142857142856
test_001959.png,which must necessarily be subordinated to his,which must necessarily be subordinated to his,0.0
test_001960.png,whom he had never met and on whom after no more,whom he had never met and on whom after no more,0.0
test_001961.png,Alastair was a bachelor . All his life he had,Alastair was a bachelor . 1/ U. his life he had,0.1111111111111111
test_001962.png,obvious that she did not fail to appreciate the,obvious that she did not feel to appreciate the,0.0425531914893617
test_001963.png,was prepared to accept the responsibility .,was prepared to accept the responsibility .,0.0
test_001964.png,faith which he was placing in her and,faith which he was ' placing in her and,0.05405405405405406
test_001965.png,It was a novel experience . Alastair was,At war a novel experience . Alaskar was,0.1
test_001966.png,quite unable to explain why he should feel, quite unable to explain why he should feel,0.0
test_001967.png,she checked back her instructions . It was,she checked back her instructions . It was,0.0
test_001968.png,so much confidence in her . Once again,to which confidence in her . Our again,0.18421052631578946
test_001969.png,be waiting for you at the Hotel Roma at six this,We be waiting for you at the Hotel Rania at six time .,0.22916666666666666
test_001970.png,"both at midnight . "" They might have been","both at midnight . "" They might have been",0.0
test_001971.png,uneventful life had he come across a girl who,uneventful life had become a crossage who,0.17777777777777778
test_001972.png,evening - and I shall look forward to meeting you,evening - and I shall look forward to unorting you,0.08163265306122448
test_001973.png,sounded so charming and appeared to be so,sounded so charming and appeared to be so,0.0
test_001974.png,arranging a supper party . Then she rang off .,arranging a supper party . Then see long of .,0.08695652173913043
test_001975.png,efficient .,efficient .,0.0
test_001976.png,""" Good luck , Air Marshal , "" she said gently . "" I 'll","Good luck , to Marshal , "" she said quietly . "" The",0.2545454545454545
test_001977.png,Alastair admitted that never in a not altogether,Mastasis admired that never in a not altogether,0.125
test_001978.png,"below , was not recognisable among the host","below , was not recognisable among the best",0.046511627906976744
test_001979.png,of lower peaks . The screen of the air-to-air,of lower peaks . The screen of the air-to-air,0.0
test_001980.png,For some reason the orderlies had forgotten,For some reason the orderlies had forgotten,0.0
test_001981.png,"capped summit of Mont Blanc , seven miles","capped summit of Mount Blanc , seven miles",0.024390243902439025
test_001982.png,no permanent image .,no permanent image .,0.0
test_001983.png,to switch on the lights ; there was no colour -,"to switch on the lights , there was no colour-",0.0425531914893617
test_001984.png,physical features were distinguishable solely by,physical features were distinguishedable solely by,0.041666666666666664
test_001985.png,"flickered across its surface , but there was","filichored across its surface , but there was",0.06818181818181818
test_001986.png,radar glowed . Occasionally minute spots,under glowed . Occasionally minute spots,0.075
test_001987.png,gradations of silvery greyness . Even the snow-,gradation of silvery greyness . Even the snow-,0.02127659574468085
test_001988.png,ground immediately ahead .,ground immediately ahead .,0.0
test_001989.png,make a direct comparison between the radar,make a direct comparison between the radar,0.0
test_001990.png,"left , Milan . The directional angle of the","left , Mikan . The directional angle of the",0.023255813953488372
test_001991.png,turned the scale slowly to cover the,turned the scale slowly # to cover the,0.05555555555555555
test_001992.png,image and the ground itself . Ahead lay the,himage and the ground itself . Ahead lay the,0.023255813953488372
test_001993.png,In the exceptional clarity he was even able to,In the exceptional charity he was even able to,0.021739130434782608
test_001994.png,scanner could be adjusted to cover any,scanner could be adjusted to cover any,0.0
test_001995.png,particular area within its range . Geoffrey,particular area within its range . Geoffrey,0.0
test_001996.png,"Plain of Lombardy ; to the right , Turin ; to the","PVain of Lombardy ; to the right , Turin ; to the",0.02040816326530612
test_001997.png,"naked eye , obscured by the ground haze which even","makes aged , obscured by the ground hate which even",0.12
test_001998.png,at the speed recorder . It seemed almost incredible that,at the speed recorder . It seemed almost incredible that,0.0
test_001999.png,the tiny white figure of 8.5 against which the needle,the tiny white figure of 8.5 against which the needle,0.0
test_002000.png,on the clearest night limited angular vision . He glanced,on the clearest night Limited angular vision . He glanced,0.017543859649122806
test_002001.png,"He was able to pick out towns , unrecognisable to the","He was able to pick out towns , unrecognizable to the",0.018867924528301886
test_002002.png,was resting could really mean hundreds of knots .,was resting could really mean hundreds of knots .,0.0
test_002003.png,"ahead of time , "" said Alastair . "" We 'll run","whead of time "" , said that air , "" he ' ll run",0.21739130434782608
test_002004.png,pitch changed as the nose of the aircraft,pitch changed as the nose of the aircraft,0.0
test_002005.png,"Now , as Alastair reduced the thrust , the","Norv , as Alastair reduced the thrust , the",0.047619047619047616
test_002006.png,dipped slightly . The needle of the speed,stipped slightly . The needle of the speed,0.04878048780487805
test_002007.png,miles from their destination .,miles from their destination .,0.0
test_002008.png,they were still more than four hundred,they were still more than four hundred,0.0
test_002009.png,"in on minimum engine power . "" Geoffrey","in on minimum engine power "" Godfrey",0.10256410256410256
test_002010.png,"before coming to rest at 5.0 . "" We 're a bit","before coming to rest at 5.0 . "" We're a bit",0.022222222222222223
test_002011.png,smiled . Alastair talked of running in when,comiled . Flustain talked of running in whom,0.16279069767441862
test_002012.png,"recorder swung gently through 8.0 , 7.0 , 6.0","recorder among gently through 8.0,7.0,0,6.00",0.2
test_002013.png,indication pointed to Eve being held .,"indication pointed to "" Eve being held .",0.05263157894736842
test_002014.png,by special helicopter from the Horse Guards,by special helicopter from the Horse Guards,0.0
test_002015.png,"Parade to Boscombe Down , slept for six blessed","patade to Boscombe Down , slept for six blazed",0.10638297872340426
test_002016.png,along which he had motored so desperately little,along which he had notored so desperately,0.16666666666666666
test_002017.png,"on the bridge over the Po , barely forty miles to port .",on the bridge over the PO party for higher to port,0.25
test_002018.png,They were nearing Modena . Geoffrey focused the radar scanner,They were nearing Modena . Geoffrey focused the radar scanner,0.0
test_002019.png,more than twenty-four hours earlier . Since then,more than twenty-four hours earlier . Since then,0.0
test_002020.png,"conference in Bruce Denton's office , been whisked","conference in Bruce Benton's office , been validated",0.14
test_002021.png,"thought he could recognise the route of N12 ,",thought he could recognise the route of fifteen,0.15555555555555556
test_002022.png,"he had flown to England , attended the vital","he had flown to England , attended the vital",0.0
test_002023.png,refreshing hours and had now completed two-thirds,refreshing hours and had now completed two-thirds,0.0
test_002024.png,of the journey back to the place where every,"of the journey back to the place where , every",0.045454545454545456
test_002025.png,He was able to trace the course of the river ; he,the was able to trace the course of the RWE ) ;,0.20408163265306123
test_002026.png,Tartaro at a few minutes past ten on the,Tarboro at a few minutes past ten on the,0.05
test_002027.png,It came to just over six hundred,At came to just over six hundred,0.03125
test_002028.png,previous night . He worked out the distance,premons right . He worked out the distance,0.09302325581395349
test_002029.png,movements of the Bentley . It had passed,improvements of the Bentley . It had passed,0.075
test_002030.png,him at the temporary bridge over the,"him , and the temporary bridge over the",0.1111111111111111
test_002031.png,on the presumption that its route had been,on the presumption that it puts had been,0.09523809523809523
test_002032.png,through Florence and Rome and then,through Florence and Rome and their,0.058823529411764705
test_002033.png,miles .,un help .,0.8571428571428571
test_002034.png,Geoffrey set himself to consider the,gaffey set himself to consider the,0.1111111111111111
test_002035.png,across Italy via Foggia to Barletta .,Across Italy via Foggia to Markette .,0.10810810810810811
test_002036.png,reproaches - and here he was bland and smiling .,temproaches - and here he was bland and smiling .,0.041666666666666664
test_002037.png,"own veranda , that he had taken the liberty of","Oron Veranda , that he had taken the liberty of",0.08695652173913043
test_002038.png,to come over and make the presentation in her stead .,to come over and make the presentation in her steady,0.03773584905660377
test_002039.png,was less pleasant than appeared on the surface .,has less pleasant than appeared on the surface .,0.020833333333333332
test_002040.png,"To Beryl , at least , this was anti-climax with a","To Bery ) , at least , this was anti-climate with a",0.08163265306122448
test_002041.png,asking Jack - as a representative of the Vallin family -,bashing back - as a representative of the Vallin family -,0.05357142857142857
test_002042.png,But it did not take her long to realise that his mood,But it did not take her long to realise that his mood,0.0
test_002043.png,vengeance . She had expected to be met with violent,vengeance . She had expected to be met with violent,0.0
test_002044.png,"He told her nonchalantly , as he led the way to his","He told her nonchalently , as he led the way to his",0.0196078431372549
test_002045.png,"coming back from Barbados so soon . "" Beryl","coming back from Barbados # soon . "" Beryl",0.046511627906976744
test_002046.png,"too . They 're both here . "" "" I didn't know she was","too . They're both here . "" "" I didn't know she was",0.019230769230769232
test_002047.png,""" I caught him just as he was going to the",""" I caught him just as he was going to the",0.0
test_002048.png,of fact I 'd asked him last night to deputise,of fact I'd asked him last night to deputies,0.06666666666666667
test_002049.png,said the first thing that came into her head .,said the first thing that came into her head .,0.0
test_002050.png,for me and fetch her . He brought her to the party,for me and fetch her . He brought her to the party,0.0
test_002051.png,"airport to meet Blanche , "" he said . "" As a matter","airport to meet Tslanche , "" he said . "" As a matter",0.0392156862745098
test_002052.png,north of the island .,worth of the island .,0.047619047619047616
test_002053.png,"poured cold water on the project . Everyone , he declared ,","provided cold water on the project . ' Everyone , ' he declared ,",0.13559322033898305
test_002054.png,"had had a thoroughly good time , and it would take them","had had a thoroughly good time , and it would take them",0.0
test_002055.png,nearly to next week to settle down again . Meanwhile,heady to next week to settle down again . Meanwhile,0.057692307692307696
test_002056.png,express their disgust at Sir John's abominable treatment,express their biggest at Sir. John's admirable treatment,0.125
test_002057.png,"of his guests . But Piers remained aloof , and when Beryl",of his guests . But Riers remained a loaf and when Beryl,0.08771929824561403
test_002058.png,"suggested having a second party , the following week , he","Suggested "" having a second party , the following week , he",0.05263157894736842
test_002059.png,Hubert would have betaken himself and his well-,' latest would have be taken himself ' and his well-,0.19148936170212766
test_002060.png,"Jack and Blanche were quick to sympathise , and to",blade and blundie were quick to sympathies and to,0.22
test_002061.png,earned gratuity to his native village at the,"learned gratuity , the hir native village at the",0.13636363636363635
test_002062.png,"with injustice and contempt , ignoring","with injustice and contempt , ignoring",0.0
test_002063.png,It was all over and done with .,It was all over and done with .,0.0
test_002064.png,"it go at that , but she resolved to have","it go at that , but she resolved to have",0.0
test_002065.png,ignorant child .,ignorant child .,0.0
test_002066.png,her explanations as though he were,when explanations as though he were,0.058823529411764705
test_002067.png,For the time being Beryl was content to let,For the time being Beryl was content to let,0.0
test_002068.png,opportunity presented itself . He must,opportunity presented itself . He must,0.0
test_002069.png,it out with Piers when a reasonable,it out with Piers when a reasonably,0.02857142857142857
test_002070.png,learn that he could not treat her,Learn that he could not treat her,0.030303030303030304
test_002071.png,"a schoolmaster and she a small ,","a schoolmaster and she a small ,",0.0
test_002072.png,her great disappointment at being,her great disappointment at being,0.0
test_002073.png,them . But next morning she insisted,them . But next morning she insisted,0.0
test_002074.png,He gave her no chance of any private,the gave her no chance of any private,0.05555555555555555
test_002075.png,"relations , and tell them of","relations , and the talk tell them of",0.32142857142857145
test_002076.png,held up in Balicou .,help up in Balicou .,0.05
test_002077.png,"conversation that evening , for when","Conversation that evening , for them",0.08333333333333333
test_002078.png,"to find , if possible , Hubert and his","to find , if possible , Hubert and his",0.0
test_002079.png,"Blanche and Jack left , he went with","Blendie and Jack left , he went with",0.08333333333333333
test_002080.png,on his taking her out in the jeep -,on his taking her out in the jeep-,0.02857142857142857
test_002081.png,"he asked , letting in the clutch . "" No ; I want","he asked , letting in the church . "" No ; , least",0.125
test_002082.png,"beside him . "" Is that all you want to do ? ""","beside him . "" Is that all you want to do ? """,0.0
test_002083.png,to make you understand just what happened,to make you understand just what happened,0.0
test_002084.png,"coldly . "" I 'm a little tired of being treated","coldly . "" I 'm a little tired of being treated",0.0
test_002085.png,"about this Balicou trip , "" she returned","debast this Balicou trip , "" she returned",0.1
test_002086.png,"With an air of resignation he sent Judy , his","With an air of resignation he sent Judy , his",0.0
test_002087.png,"like an ineffective imbecile . ""","like an ineffective inbecile . """,0.03125
test_002088.png,"Boxer , to the back , and made room for her","Boxer , to the back , and made room for her",0.0
test_002089.png,"to make the presentation , I run the damned","to make the presentation , I run the damned",0.0
test_002090.png,"to account for my manners , "" he retorted .","to account for my manners , "" he retorted .",0.0
test_002091.png,""" And I 'm heartily sick of being constantly called",""" and I 'm heartily side of being constantly called",0.058823529411764705
test_002092.png,sugary things you ought to have been there,suggery things you ought to have been there,0.047619047619047616
test_002093.png,you the best way I can by getting hold of Jack,you the best way I can by getting hold of Jack,0.0
test_002094.png,"fault . ""","fault . """,0.0
test_002095.png,""" What have I done wrong now ? I cover up for",""" What have I done wrong now ? I cover up for",0.0
test_002096.png,party to the best of my ability - saying the,party to the best of my ability - saying the,0.0
test_002097.png,to say - and all you can do is to find,to say - and all you can do is to find it,0.07894736842105263
test_002098.png,""" It 's your superior attitude that riles me . "" Beryl was","In this year superior attitude that sides me . "" Beryl was",0.15517241379310345
test_002099.png,at Balicou doesn't interest you in the faintest degree . You,at Rahcon doesn't iterest you in the faintest degree . You,0.08333333333333333
test_002100.png,as though I didn't care a hoot about letting Hubert,as though I didn't care a host about letting Hubert,0.0196078431372549
test_002101.png,"scarlet with annoyance . "" How I happened to be marooned","scarlet with annoyance . "" How I happened to be marooned",0.0
test_002102.png,"and his pals down . ""","and his pub down . """,0.14285714285714285
test_002103.png,"look as though it was only what you expected of me ,","look as though it was only what you expected of me ,",0.0
test_002104.png,""" Oh , drop that nonsense , Piers !",""" Oh , drop that nonsense , Piers ?",0.02857142857142857
test_002105.png,to understand all the whys and,to understand all the whys and,0.0
test_002106.png,"wherefores of your actions , "" he said","wherefores of your actions , "" he said",0.0
test_002107.png,"stiffly . "" Still less to criticise you . ""","stiffly . "" Still less to criticise you . """,0.0
test_002108.png,path fringed and shaded by citrus trees .,path fringed and shaded by citrus trees .,0.0
test_002109.png,brought the jeep to a standstill in a rough,brought the jeep to a standard in a rough,0.11627906976744186
test_002110.png,""" If you want my true opinion I 'll give it .",""" If you want my true opinion I'll give it .",0.022222222222222223
test_002111.png,""" As your employee it 's not my business",""" As your employee it 's not my business",0.0
test_002112.png,"Be yourself , "" she exclaimed , with","be yourself , "" she explained , with",0.08333333333333333
test_002113.png,"mounting exasperation . "" Very well ! "" He","mounting exasperation . "" Very well ? "" He",0.023809523809523808
test_002114.png,"the matter because , very naturally , you were","the matter because , very naturally , you were",0.0
test_002115.png,"sake show a glimmer of reason , "" was his","sake show a glimmer of reason , "" was his",0.0
test_002116.png,You made some sort of a protest to Graybury .,You made some sort of a protest to Graybury .,0.0
test_002117.png,equally indignant rejoinder .,equally indignant rejoinder .,0.0
test_002118.png,I 'll give you credit for that . But you didn't press,I'll give you credit for that . But you didn't press,0.018867924528301886
test_002119.png,"idyllic surroundings . "" "" How dare you say","idytic surroundings . "" "" How dare you say",0.046511627906976744
test_002120.png,thoroughly enjoying Forrest's company in,thoroughly enjoying Forest's company in,0.025
test_002121.png,"such a thing ? "" she blazed . "" For goodness'","such a thing ? "" she blazed . ' For goodness '",0.044444444444444446
test_002122.png,"from him to fondle Judy , who , sensing something","from him to double July , who , seeing something",0.12244897959183673
test_002123.png,"amiss , was nudging her in the endeavour to","comiss , was mudging her in the endeavour to",0.06976744186046512
test_002124.png,""" I know . Absurd as it may seem , I didn't want",""" Review . Absurd as it may seem , I didn't want",0.10416666666666667
test_002125.png,have had it in for Guy .,there had it in for Guy .,0.125
test_002126.png,if I had absolutely insisted on sailing at the,if that absolutely insisted on sailing at the,0.06521739130434782
test_002127.png,"gain her attention . "" The truth is that","again her attention . "" The # truth is that",0.075
test_002128.png,"you to think badly of me . "" She turned away","you to think badly of me . "" She seemed away",0.09090909090909091
test_002129.png,"time originally arranged , Sir John would","time originally arranged , Sir John Gould",0.024390243902439025
test_002130.png,on Guy's part that we missed seeing the,on Guy 's part that we missed seeing the,0.02564102564102564
test_002131.png,"You see , it was , apparently , through a mistake","you see , it was , apparently , through a mistake",0.02040816326530612
test_002132.png,hardly have spoken with more contempt .,Hardly have spoken with more contempt .,0.02564102564102564
test_002133.png,"dares to stand up to him . ""","dores to stand up to him . """,0.03571428571428571
test_002134.png,""" What harm could possibly have come to Forrest",""" What harm could possibly have come to forest",0.0425531914893617
test_002135.png,"flamingoes our first morning on the island . ""","flamingoes our first morning on the island . """,0.0
test_002136.png,"through Sir John's nonsense ? "" Piers could","through Sir. John's nonsense ? "" Picas could",0.06976744186046512
test_002137.png,A bully like that respects anyone who,A bully like first respects anyone who,0.10810810810810811
test_002138.png,trying to say that Hewson would victimise,trying to say that Hewson would victimize,0.024390243902439025
test_002139.png,precisely the remark she had made to Guy .,precisely the remark she said more to buy .,0.11904761904761904
test_002140.png,"important customers . "" "" So what ? You 're not","important customers . "" "" So cost ? You're not",0.0851063829787234
test_002141.png,Graybury is one of Mr. Hewson's most,breylazy is one of Mr. Hoover's most,0.2777777777777778
test_002142.png,Forrest for behaving with ordinary moral,Forest for behaving with ordinary moral,0.025
test_002143.png,courage !,cocourage . D,0.5555555555555556
test_002144.png,island I needn't tell you that Sir John,island I needed ' & ' tell you . Yet Sir. John,0.3076923076923077
test_002145.png,Beryl tried to suppress the thought that this was,Beryl tried to suppress the thought . But his sons,0.16326530612244897
test_002146.png,"She said icily , "" As you pride yourself on","She said icily , ' As you price yourself on",0.046511627906976744
test_002147.png,your knowledge of all the affairs of the,your knowledge of all the affairs of the,0.0
test_002148.png,""" What they can bring off ! I 'll admit that .",""" What they can bring off . "" I'll catch out that",0.2608695652173913
test_002149.png,between what a senior and a junior,between as sat a senior and a junior,0.11764705882352941
test_002150.png,himself and his business to an unmention-,himself and his business to an unmention-,0.0
test_002151.png,He 's quite capable of telling Sir John to take,He's quite capable of telling Sir John to take,0.02127659574468085
test_002152.png,"partner can do , "" was her quick reply .","portner can do , "" 5003 her quick reply .",0.125
test_002153.png,"able destination . "" "" There 's a difference","case the destination . "" "" There is a difference",0.1590909090909091
test_002154.png,But Forrest might at least have tried . He 's,that Forrest might at least have hired . He is,0.15555555555555556
test_002155.png,"pretty spineless ! """,pretty spine loss to a,0.25
test_002156.png,"with Sir John ? "" she enquired cuttingly .","with Sir. Jan 3 "" "" she enquissel callingly .",0.2857142857142857
test_002157.png,I doubt it . He 's about as easy to push around,I doubt it . He is about as easy to pass around,0.06382978723404255
test_002158.png,an attempt to show my lady-love that I,from attempt to show any lady-love that,0.21052631578947367
test_002159.png,"at that , but went on airily , "" I 'd have made","at that , but went on easily , "" I'd have made",0.0851063829787234
test_002160.png,""" For all your good opinion of yourself ,",""" For all your good opinion opinion of yourself .",0.21951219512195122
test_002161.png,put her interests before my own .,put her interests before my own .,0.0
test_002162.png,"as - as a grounded whale ! "" He had to smile","was - as a groundal wish . D "" He had to smile",0.20454545454545456
test_002163.png,""" You think you could have carried more weight",""" You find you could have carried more weight",0.06521739130434782
test_002164.png,that her failure to appear at a function,that her failure to appear at a function,0.0
test_002165.png,"man was , she thought impatiently ,","man was , she thought impaturity ,",0.11428571428571428
test_002166.png,"and warm sympathy , as she explained","and warm sympathy , as she explained",0.0
test_002167.png,to have been guests at yesterday's,to have been guests at yesterday's,0.0
test_002168.png,on the estate was a major error :,on the estate was a major error :,0.0
test_002169.png,"how she had come to miss the party ,","show she had come to mix the party ,",0.08333333333333333
test_002170.png,made her send a complacent glance,made her send a complacent glance,0.0
test_002171.png,"celebrations , and their friendly welcome","celebrations , and their friendly welcome",0.0
test_002172.png,Their air of smiling somnolence showed them,Their air of smiling somewhere showed them,0.11627906976744186
test_002173.png,in Piers' direction . What a fuss-box the,in Peers' direction . What a fuss-box the,0.024390243902439025
test_002174.png,trying to worry her into the belief,trying to worry her into the belief,0.0
test_002175.png,"toothless mouth stretched in a wide grin , told her","bootdress mouth stretched in a wide gun , told her",0.09803921568627451
test_002176.png,at the Villa in time .,the Villa in time .,0.13636363636363635
test_002177.png,"beside her , his battered hat in his hand , his","beside her , his battered hat in his hand , his",0.0
test_002178.png,"would be 3"" plenty , plenty sad "" not to be back","would be 3"" plenty , plenty sad "" not to be bad at",0.08333333333333333
test_002179.png,"explained right at the start that "" 3Mis' Beryl ""","developed right at the start that "" 3 Mrs ' Beryl """,0.1836734693877551
test_002180.png,"in halting 6patois that "" 3Mistah Piers "" had","in halting 6patois that "" 3 Mistah Piers "" had",0.022222222222222223
test_002181.png,"And then she received a jolt . Old Hubert , standing","wind then she received a jolt . Old Hubert , standing",0.038461538461538464
test_002182.png,"could see 3anudder 3t'ing , "" he went on in a",could see 3ander 3 'ing ' he went on in a,0.13333333333333333
test_002183.png,"to all kin' o' boats , wid d'ose big , big","to all kind of boats , which close big , big",0.16666666666666666
test_002184.png,We all know how Balicou Island dangerous,We all know how Balicou Island dangerous,0.0
test_002185.png,"lower voice , his sunken black eyes twinkling .","forces voice , his sister black eyes twinkling .",0.1702127659574468
test_002186.png,That it wouldn't be her fault at all . That,That it wouldn't be her fault at all . That,0.0
test_002187.png,"took the highest pride in keeping her word . "" I","touch the highest pride in keeping her word . """,0.10416666666666667
test_002188.png,"she was a lady who , like her Uncle Charles ,","the was a lady who , like her Uncle Charles ,",0.022222222222222223
test_002189.png,"3"" He powerful anxious , poor Mistah Piers .","3"" He powerful anxious , pour Mistah Peers .",0.045454545454545456
test_002190.png,rocks in an' out o' de water .,modas in an ' out of the wouter .,0.3
test_002191.png,habit .,bability .,0.5714285714285714
test_002192.png,"day . Though he did not refuse wine , which the","day . Though he did not refuse wine , which , the",0.0425531914893617
test_002193.png,did not act as though he found it necessary,did not act as though he found it necessary,0.0
test_002194.png,except in moderate compliance with his father's,except in moderate compliance with his father's,0.0
test_002195.png,"ways , even to reading law about two hours each","boys , even to reading how about two hours each",0.0851063829787234
test_002196.png,"judge always had on the table at dinner , he","Judge of boys had on the table at dinner , he",0.13636363636363635
test_002197.png,He had almost entirely settled back into his old,He had almost entirely settled back into his old,0.0
test_002198.png,against them with the lift of the next wave .,against them with the lift of the next wave,0.044444444444444446
test_002199.png,"of a mile and a half , came the yawl under her full","of a unite and a half , came the girl under her full",0.11764705882352941
test_002200.png,Around that rounded rocky promontory where the,Around that rounded rocky promontory where the,0.0
test_002201.png,"triangular sail , and to the judge's frightened eyes , so","triangular soil , and to the judge's frightened eyes , so",0.017543859649122806
test_002202.png,close to the rocks that it would be dashed,close ' to the rocks that it would be dashed,0.047619047619047616
test_002203.png,white spray could be seen flying across the distance,white spray could be seen flying across the distance,0.0
test_002204.png,with part of that howling northwest gale .,with part of that howling northwest gate .,0.023809523809523808
test_002205.png,What does time mean when weighed against the life of,What does time man when weighed against the life of,0.019230769230769232
test_002206.png,""" That boy ! That damned fool boy ! What does he mean",""" That boy ! That damned fool boy ! What does he mean",0.0
test_002207.png,"two human beings ? "" Not until he was certain that the","two human beings ? "" Not until he was certain that the",0.0
test_002208.png,"by trying to come home now , even if he did promise ?","by trying to come home now , even if he did promise ?",0.0
test_002209.png,empty his lungs of stifling air and refill them,temply his wings of sailing air and refil them,0.14893617021276595
test_002210.png,being flung against the huge boulders did the judge,being funny against the huge boulders did the judge,0.058823529411764705
test_002211.png,yawl had rounded the rocky point instead of,youl had rounded the rocky point instead of,0.046511627906976744
test_002212.png,yawl recover .,your recover .,0.21428571428571427
test_002213.png,"weather side of that pier ! He 'll wreck ! ""","weather side of that pier ! He'll speak ! """,0.09090909090909091
test_002214.png,black eyes showing any emotion . With a,black eyes choosing any emotion . With a,0.07692307692307693
test_002215.png,"stay rope fastened , Bill made the","Stay rope fastened , Bill made the",0.029411764705882353
test_002216.png,"Willie Kim was speechless , only his slant","Willie Kim was speedless , only his stout",0.11904761904761904
test_002217.png,""" My God ! "" the judge cried out . "" The boy",""" My God ! "" the judge cried out . "" The boy",0.0
test_002218.png,is going to try to make a landing on the,is going to try to make a landing on the,0.0
test_002219.png,"quick shift of tiller , and at the same time","quick shift of killer , and at the same time",0.022727272727272728
test_002220.png,jibbing the boom to which he had the,jibbing the boom to which he had the,0.0
test_002221.png,"corner of the pier by inches , and","comes of the pies by inches , and",0.11764705882352941
test_002222.png,It seemed to the frightened judge,It seemed to the frightened judge,0.0
test_002223.png,same time dropping the small sheet,same time dropping the small sheet,0.0
test_002224.png,"of wet canvas , Bill cleared the","of wet canvas , Bill cleared the",0.0
test_002225.png,"with the tiller still hard over , brought","with the killer still hard over , brought",0.024390243902439025
test_002226.png,the tiller hard over and at the,the titles hard over and at the,0.06451612903225806
test_002227.png,as though his son would actually,as though his son would actually,0.0
test_002228.png,shoot the craft in under the outer,school the craft in under the outer,0.058823529411764705
test_002229.png,end of the wharf . But by pressing,end of the wharf . But by pressing,0.0
test_002230.png,the yawl up against the waves,the yawl up against the waves,0.0
test_002231.png,"everything , when he wants to . ""","everything , when he wants to",0.12121212121212122
test_002232.png,"that were a little unsteady , they","that were a little morteady , they",0.08823529411764706
test_002233.png,"He plenty smart though . "" As they","He plenty smart thoughts . "" As they",0.058823529411764705
test_002234.png,"reached the pier , the judge on legs","teached the pier , the judge , and legs",0.1388888888888889
test_002235.png,hip as I ever saw . That boy of,hip on fever raw . That boy of,0.16129032258064516
test_002236.png,""" that was as pretty a piece of seamans-",""" that was a pretty a piece of seamauw-",0.075
test_002237.png,play in damn fine luck this time .,play in dawn the luck this time .,0.11764705882352941
test_002238.png,"pier , leading the yawl toward","pier , leading truly yawl toward",0.13333333333333333
test_002239.png,""" 3Naw , "" disputed Willie . 3"" Just","a , 3 Now , "" dissipated Willie , 3 "" Into",0.3888888888888889
test_002240.png,""" Willie , "" the judge said huskily ,",""" Willie , the judge said hurtly ,",0.13513513513513514
test_002241.png,"found Bueno Buck , now on the","found Fresno Buck , now on the",0.10344827586206896
test_002242.png,mine seems to know how to do,unique teens to know how to do,0.21428571428571427
test_002243.png,""" Hello , Dad ! "" Bill called . "" I hope you",""" Hello . Dad ! "" Bill called . "" I hope your",0.045454545454545456
test_002244.png,water in her . I wouldn't be,wrote in her . Smooth the,0.4642857142857143
test_002245.png,drag the boat ashore and turn,drop the boat ashore and turn,0.06896551724137931
test_002246.png,speed records on the way in .,speed records on the way in .,0.0
test_002247.png,surprised if we broke all,survised if we broke all,0.08
test_002248.png,"Yes sir , I am slightly wet , and","Yes sir , I am slightly wet , and",0.0
test_002249.png,weren't worried . We 're going to,werem't worried . We're going to,0.06060606060606061
test_002250.png,"had more clothes on . ""","had more clothes on . """,0.0
test_002251.png,Buck would be wetter if he,Back would be better if he,0.07692307692307693
test_002252.png,her over . She has a foot of,her over . She has a foot of,0.0
test_002253.png,"inches . Maybe big one four feet ,","inches . Maybe big one four feet ,",0.0
test_002254.png,"man at catch 'em than Injun , Judge .","man at catch 'em than Injun , Judge .",0.0
test_002255.png,dragged out but before it was turned,dragged out but before it was turned,0.0
test_002256.png,"pushing at the stern , the yawl was soon","pushing at the stern , the yawl was soon",0.0
test_002257.png,over Bueno Buck reached into the foot,over Bueno Buck reached into the foot,0.0
test_002258.png,"huh ? ""","huh ? """,0.0
test_002259.png,You look . Little one more as fifteen,You look . Little one more as fifteen,0.0
test_002260.png,"of water , tossed out a string of silvery","of water , tossed out a string of silvery",0.0
test_002261.png,With four doing the job and the waves,With four doing the jobs and the waves,0.02702702702702703
test_002262.png,"lake trout and said - 3"" Bill , he 's better","lake trout and said - 3 "" Bill , he 's better",0.022727272727272728
test_002263.png,few moments later the yawl was upside,few moments later the yawl was upside,0.0
test_002264.png,"exclaimed the judge . "" Toss them on the grass","exclaimed the judge . "" Toss them on the grass",0.0
test_002265.png,"down , exposing its shallow keel .","down , exposing its shallow keel .",0.0
test_002266.png,""" By George , that is a beautiful string of fish ! ""","By George , that is a beautiful string of fish ! """,0.038461538461538464
test_002267.png,"and then we 'll all get hold and heave . "" A","and then we'll all get hold and leave . "" A",0.045454545454545456
test_002268.png,"with tears . "" It 's so unfair , "" she said .","with tears . "" It's a comfair , "" she said .",0.13333333333333333
test_002269.png,"Bertram's face was grim . "" You think it was the Snort ,","Bertram's face was grim . "" You think it was the short ,",0.03571428571428571
test_002270.png,"don't you ? "" John gave a short laugh . "" I did , "" he","down 't you ! ' John gave a short laugh . "" I did , ' he",0.09259259259259259
test_002271.png,"said ; "" but I 'd better stop thinking that now .","said ; "" but I ' d better stop thinking that now .",0.02040816326530612
test_002272.png,"Pericles is fitted with an identically similar one . ""","Pericles is fitting with an identically similar one . """,0.05555555555555555
test_002273.png,""" So there you are , my dear . "" Peggy 's eyes filled",""" So here you are , my dear . "" Peggy 's eyes filled",0.018867924528301886
test_002274.png,in sharing his discomfort with Peggy .,in sharing his discomfort with Peggy . ',0.05263157894736842
test_002275.png,sick . Just because he 's an Honourable he can do,inside . Just because he 's on favourable he can do,0.16326530612244897
test_002276.png,""" That little beast Robbie Munyard spent six",""" That little beast Robbie Munyard spent six",0.0
test_002277.png,"him ? "" John didn't answer . There was no point","film ? "" John didn't answer . There was no point",0.0425531914893617
test_002278.png,"what he likes . Anyway , why pick on you to succeed","What he likef. Anyway , why pick on you to succeed",0.058823529411764705
test_002279.png,dockyard and now that she 's ready for sea he goes,dockyard and now that she 's ready for sea the golf,0.06
test_002280.png,months ashore while Pericles was refitting in the,months ashore while Pericles was refitting in the,0.0
test_002281.png,bombs during the last war . Having deposited his,bombs during the last war . Having deposited his,0.0
test_002282.png,went in search of a drink . The lower bar was,twent in search of a drink . The lover has was,0.08888888888888889
test_002283.png,"empty , save for the lady known by all habitue","empty , save for the lady known by all halitude",0.043478260869565216
test_002284.png,"interest to The George , unhappily destroyed by German","interest to the George , unhappily destroyed by German",0.018518518518518517
test_002285.png,baggage and unpacked his overnight-bag he,buggage and unpacked his overnight-log he,0.07317073170731707
test_002286.png,"So he put up for the night at The Admiral's Head , that","So he put up for the right at The Admiral's Head , that",0.01818181818181818
test_002287.png,"famous Portsmouth hostelry , second only in historic","famous Portsmouth history , second only in historic",0.057692307692307696
test_002288.png,man who was staring moodily into a gin,man who was strong moodily into a gin,0.05263157894736842
test_002289.png,"*?2s as ' Seaweed ' , and a youngish , sharp-eyed","At 2 2 5 as "" Seaweed ' , and a youngish , sharp-eyed",0.16326530612244897
test_002290.png,and tonic .,and tenic .,0.09090909090909091
test_002291.png,"of the hotel . She greeted John , however , with less","of the hotel . She greeted John , however , with less",0.0
test_002292.png,than her usual cordiality and flashed a warning,than has usual cordiality and flashed a warning,0.0425531914893617
test_002293.png,"memory was good , so was this stranger's .","money was good , so was this stronger's",0.16666666666666666
test_002294.png,of the bar was not 6persona grata . If her,of the bar was not 6personagrate . If her,0.047619047619047616
test_002295.png,Seaweed's memory was prodigious ; her manner,Featured's memory was ambiguous ; her manner,0.20454545454545456
test_002296.png,""" You 're Commander Winter , "" he said . "" Have a",""" You're Commander Winter . "" he said . "" Have a",0.04081632653061224
test_002297.png,must have been worth a great deal to the proprietors,must have been worth a great deal to the proprietors,0.0
test_002298.png,glance at him . Evidently the other occupant,glance at him . Evidently the other occupant,0.0
test_002299.png,"gin ? "" He turned to Seaweed -","sign ? "" He turned to Seaweed -",0.06666666666666667
test_002300.png,"Youngest D.S.C. in the war , what ? Crawled","Youngest D.S.C. in the war , what ? Crawled",0.0
test_002301.png,what ! ' - as the Guards officer said on his return,what ! ' as the Guards officer said on his return,0.0392156862745098
test_002302.png,"from a visit to the Royal Navy . Submarines , what .","from a visit to the Royal Navy . Submarines , which",0.07692307692307693
test_002303.png,bomb . Should have been a V.C.,bomb . Should have been a V.C.,0.0
test_002304.png,"habits . ' Drink gin and call each other wallahs ,","charts . "" Drink gin and call each other wallabies ,",0.14
test_002305.png,""" Make it a large one , darling . I know the naval",""" Make it a large one , darling . I know the novel",0.04
test_002306.png,inside a submarine casing to defuse a Jerry,inside a submarine casing to defuse a ferry,0.023255813953488372
test_002307.png,inherited desire to snub the man . If he did he,inhibited desire to snub the man . If he did he,0.0425531914893617
test_002308.png,"came to the rescue . "" You haven't introduced","Carrie to the rescue . "" You haven't introduced",0.08888888888888889
test_002309.png,"obviously thirsty . "" John fought back his","alviously thirsty . "" John fought back his",0.047619047619047616
test_002310.png,the lounge or return to his bedroom .,the lounge or return to his bedroom .,0.0
test_002311.png,Seaweed sensed his embarrassment and,Seaweed sensed his embarrassment and,0.0
test_002312.png,would have to leave the bar and either sit in,would have to leave the bar and either sit in,0.0
test_002313.png,"What are you waiting for , darling ? The officer is","What are you waiting for , darling ? The officers is",0.0196078431372549
test_002314.png,"yourself , "" she said with mock severity .","yourself . "" she said with mock severity .",0.023809523809523808
test_002315.png,was . I 'm Ian Bawley . Does that mean anything,was . Tom Ian Bawley . Does that mean anything,0.06382978723404255
test_002316.png,"fault entirely , "" said the stranger . "" It 's my conceited","fault entirely , "" said the stranger . "" It's my convicted",0.06779661016949153
test_002317.png,in the Daily Courier .,in the Daily Courier .,0.0
test_002318.png,"to you ? "" It did . Ian Bawley's name was","Stoyan ? "" It did . Jan Bawley's name was",0.12195121951219512
test_002319.png,"strangers - that 's right , John , isn't it ? "" "" My","strangers - Clut's right - Jalen , isn't it ? "" My",0.19230769230769232
test_002320.png,printed at the head of most naval articles,printed at the head of most naval articles,0.0
test_002321.png,""" It 's a rule on these premises . No treating with",""" It so much on these premises . No treating with",0.11764705882352941
test_002322.png,nature - I assumed that you both knew who I,mature - I assumed that you both knewer who I,0.06976744186046512
test_002323.png,"otherwise than take it . "" Pleased to meet you ,","otherwise than take it . "" Pleased to meet you ,",0.0
test_002324.png,"Commander , "" he said . "" Now what about that","Commander , "" he said . "" Now what about that",0.0
test_002325.png,"drink ? "" John nodded - he could afford to buy","drink ? "" John nodded he could afford to buy",0.043478260869565216
test_002326.png,one in return and he was lonely .,one in return and he was lonely .,0.0
test_002327.png,He held out his hand and John could not do,At the help out his hand and John could not do,0.14285714285714285
test_002328.png,"Bawley ? "" "" A pressman is always on the job . ""","Bawley ? "" A pressman is always on the job . """,0.041666666666666664
test_002329.png,""" Oh , the Press , "" said Seaweed . "" Down here on business , Mr.",""" Oh , the Press , "" said Sewwood . "" flown here on business . Mr.",0.09230769230769231
test_002330.png,"absolutely right , "" said Bawley , as he pushed over","absolutely right . "" said Bawley , as he pushed over",0.019230769230769232
test_002331.png,a Lieutenant-Commander . Perhaps we could,A Lieutenant-Commander . Perhaps we could,0.024390243902439025
test_002332.png,please don't address me as Commander . I 'm,please don't address me as Commander . Kim,0.06976744186046512
test_002333.png,all else . We pride ourselves about accuracy on,all else . We pride ourselves about accuracy on,0.0
test_002334.png,"his glass . "" Fill it up , darling . Accuracy above","his glass . "" Fill it up , darling . Accuracy above",0.0
test_002335.png,"drop the rank - such a mouthful ! "" "" You 're","drop the ranks to such a mouthful ! "" You ' re",0.13333333333333333
test_002336.png,""" For the sake of accuracy , "" he said , "" and I",""" For the sake of accuracy , "" he said , "" and I know",0.10416666666666667
test_002337.png,know how you newspaper people value that commodity ! -,show you newspaper value that commodity ! -,0.2222222222222222
test_002338.png,the Courier .,the Courier .,0.0
test_002339.png,Ever known us bowl a wide about your Service ?,Ever known as bowl a wide about your Service ?,0.021739130434782608
test_002340.png,"Somewhat embarrassing , what ? "" "" How can the","Somewhat embarrassing , what ? "" "" How can the",0.0
test_002341.png,"gin with relish . It was his favourite brand ,","sign with relish . He was his favorite brand ,",0.10869565217391304
test_002342.png,"his career , and his companion's attitude was","his career , and his companions attitude was",0.022222222222222223
test_002343.png,Check and counter-check - nothing but the truth .,Check and court-check - nothing but the truth .,0.061224489795918366
test_002344.png,"truth be embarrassing ? "" John sipped his double","truth be embarrassing . "" John sipped his double",0.020833333333333332
test_002345.png,challenging .,challenging .,0.0
test_002346.png,he was on the verge of a new chapter in,the way on the verge of a new chapter in,0.05128205128205128
test_002347.png,Life at home and in Bath had been a,life at home and in Bath had been a,0.02857142857142857
test_002348.png,"Bawley . "" The truth is usually very embarra-","Bawley . "" The truth is usually very enduring",0.13333333333333333
test_002349.png,He 'd never before met a pressman and,He'd never before met a pressman and,0.02702702702702703
test_002350.png,"found him curiously stimulating . "" You 're a","found him curiously stimulating . "" You're a",0.022222222222222223
test_002351.png,trifle too comfortable and humdrum .,trifle too comfortable and hundrum .,0.027777777777777776
test_002352.png,said John .,said John-,0.18181818181818182
test_002353.png,""" You know a great deal about me , """,""" You know a great deal about me . """,0.027777777777777776
test_002354.png,"bit of a humorist , aren't you ? "" said","bit of a humorist , aren't you ? "" said",0.0
test_002355.png,"ssing . You 're in submarines , aren't you ? ""","asking . You're in submarines , aren't you ? """,0.06521739130434782
test_002356.png,""" It 's my business . I 'll tell you more . You 're",""" It's my business . Jill tell you more . You're",0.09803921568627451
test_002357.png,"right ? "" "" Who told you ? "" "" Little bird .","right ? "" "" Who told you ? "" "" Little bird .",0.0
test_002358.png,going to take over command of Pericles . Am I,going to take over command of Pericles . Am.,0.044444444444444446
test_002359.png,"Other half ? "" John nodded . "" On me . "" Bawley","Other half ? "" John nodded . "" On me . "" Bawley",0.0
test_002360.png,"'em up , darling ! ""","rem up , darling ! """,0.05
test_002361.png,"shook his head . "" All paid for by His Lordship , ""","schools his head . "" All paid for by his Lordship . """,0.09803921568627451
test_002362.png,man with a couple of kids . Can't go wasting,man with a couple of kids . Can't go wasting,0.0
test_002363.png,"he said . "" Expense account . You 're a married","the said . "" Expense amount . You're a married",0.0851063829787234
test_002364.png,your substance on a complete stranger . Set,your substance on a complete stranger . But,0.046511627906976744
test_002365.png,"why should you ? "" "" I see . "" John took the","Why should you ? "" "" I see . "" John took the",0.022727272727272728
test_002366.png,"companion . "" You want me to talk , is that it ? ""","companion . "" You want me to talk , is that it ?",0.04
test_002367.png,"John flushed . "" I 'm not in need of charity . "" "" Come","John flushed . "" I 'm not in mind of charity . "" ' Come",0.07272727272727272
test_002368.png,"off it , "" said Bawley . "" The proprietor of the Daily","diff it . "" said Bawley . "" The proprietor of the Daily",0.05555555555555555
test_002369.png,refilled glass and looked over the rim at his,refilled glass and looked over the rim at his,0.0
test_002370.png,"Courier knows what 's going on . If he doesn't mind ,",Counter knows what 's going on . If he doesn't mind,0.07547169811320754
test_002371.png,"in the shiny papers ? """,in the shiny papers ?,0.08695652173913043
test_002372.png,"of course . "" "" On one condition , "" said John .","of course . "" On one condition , "" said John",0.08333333333333333
test_002373.png,"nothing to tell me , yet . But we 'll be meeting","nothing to tell me , yet . But we'll be meeting",0.020833333333333332
test_002374.png,""" Tell me who the little bird was . "" "" Can't",""" Fell me who the little bird was . "" Can't",0.06666666666666667
test_002375.png,"have dinner with me ? On His Lordship ,","have dinner with me . On this Lordship ,",0.07692307692307693
test_002376.png,"again , no doubt , and then you will have .","again , modoubt , and thus you will have",0.13953488372093023
test_002377.png,""" You misjudge me , "" said Bawley . "" You have",""" You misyidy me , "" said Bawley . "" You have",0.08695652173913043
test_002378.png,"Regard this as a softening-up process , and",legard this as a softening-up process and,0.06976744186046512
test_002379.png,you guess ? Whose portrait appears regularly,youngness ? ' Worse portrait appears ' regularly,0.18181818181818182
test_002380.png,""" Robbie "" and friend ' , what ? You know the",""" Robbie "" and friend , what ? You know that",0.08888888888888889
test_002381.png,"Service matters . """,Service matters .,0.10526315789473684
test_002382.png,"said John , "" but you can pay for my drinks","said John , "" but you can pay for my drinks",0.0
test_002383.png,"contact , is our Robbie ; he gives us the gen and","contact , is our Rabbi ; he gives us the gun and",0.061224489795918366
test_002384.png,"if you want to , as long as you keep off","If you want to , as long as you keep off",0.025
test_002385.png,""" You mean Munyard ? "" "" Sure . Very useful","you mean Munyard ? "" "" Sure . Very useful",0.06976744186046512
test_002386.png,"sort of thing . "" "" You 'll get nothing out of me , ""","start of thirty . "" "" You'll get nothing out of me . """,0.1320754716981132
test_002387.png,we give him the publicity . ' The Honourable,we give him the publicity . ' The Honourable,0.0
test_002388.png,""" Good-oh ! One for the grill-room , darling , and",""" Good-ahl One for the grill-room , darling , and",0.06
test_002389.png,disposed towards each other .,disposed towards one another .,0.20689655172413793
test_002390.png,"tell George to bring in the 6carte du jour . """,Hell George to bring in the bare due in jail .,0.2826086956521739
test_002391.png,Bawley was a man of his word . He kept,Bawley was a man of his word . He kept,0.0
test_002392.png,passed all too quickly . As they parted in,passed all too quickly . As they parted in,0.0
test_002393.png,host and a splendid raconteur . The evening,host and a splendid racenter . The evening,0.046511627906976744
test_002394.png,the vestibule the two men were well,"the vestibule , the two man were well",0.08571428571428572
test_002395.png,"away from Service matters , was an excellent","away from Service matters , was an excellent",0.0
test_002396.png,lets me off the chain I 'll take you,"tets me off the chain ( "" "" I take you",0.19444444444444445
test_002397.png,John took it and put it in his pocket .,John took it and put it in his pocket .,0.0
test_002398.png,"of the work is done . "" He held out a card .","of the work is done . "" He held out a card .",0.0
test_002399.png,give me a ring at this number and I 'll,"give me a ring at this number and 1 "" I",0.10256410256410256
test_002400.png,""" You should . Next time you 're in Town",""" You should . Next time you're in Town",0.025
test_002401.png,take you round the pubs where most,take you remind to the pubs where most,0.17647058823529413
test_002402.png,""" Thanks , "" he said . "" If ever my missus",""" Thanks , he said . "" If ever my messes",0.09523809523809523
test_002403.png,up on that .,up on that .,0.0
test_002404.png,""" Ever been to Fleet Street ? "" asked Bawley .",""" Ever been to Flut Street ? 'ashed Bawly .",0.13043478260869565
test_002405.png,""" I shall be busy for a while , cleaning up after",""" I shall be busy for a while , cleaning up after",0.0
test_002406.png,lying in pairs alongside the jetty at Fort Blockhouse .,flying in pairs alongside the jetty at Ford Blockhouse .,0.03636363636363636
test_002407.png,""" I don't know when that will be , "" said John .",""" I don't know when that will be , "" said John .",0.0
test_002408.png,Black and grimly businesslike they both looked and,Black and grimly businesslike they both looked and,0.0
test_002409.png,Glad I met you . Don't forget to give me a ring -,Glad I met you . Don't forget to give me a ring-,0.02040816326530612
test_002410.png,"Master bloody Munyard . "" THERE were six submarines ,","Master bloody Munyard . "" THERE were six submarines ,",0.0
test_002411.png,charged their electric batteries .,charged their electric batteries .,0.0
test_002412.png,"sounded , for all of them were rumbling as they","sounded , for all of them were rumbling as they",0.0
test_002413.png,"any time - knock twice and ask for Bawley , what ? ""","anytime-knack twice and ask for Bawley , what ? """,0.07692307692307693
test_002414.png,a substantial breakfast . Although usually a very,a substantial breakfast . Although usually a very,0.0
test_002415.png,Turton noticed its existence as they sat in silence over,Turton noticed its existence as they sat in silence over,0.0
test_002416.png,talkative lady Madeleine respected her husband's,bulkative lady Madeleine respected her husband 's,0.0625
test_002417.png,through the open windows of the Captain's house . It,through the open windows of the Captain's house . It,0.0
test_002418.png,A light wind wafted the smoke of diesel exhaust in,A light wind waffed the smoke of diesel exhaust in,0.02
test_002419.png,pervaded every room but neither Harry nor Madeleine,pervaded every room but neither Harry nor Madeleine,0.0
test_002420.png,"silences , for she knew they betokened a worry of","silences , for she knew they betakened a worry of",0.02040816326530612
test_002421.png,some sort .,some sort .,0.0
test_002422.png,affair of Parsifal . Harry had lost a good deal of weight .,diffair of Prusifal . Harry had lost a good deal of weight .,0.06779661016949153
test_002423.png,There had been many such breakfasts lately since the,There had been many such breakfasts lately since the,0.0
test_002424.png,but she could see that it no longer came naturally .,but she could see that it no longer came naturally .,0.0
test_002425.png,"to experience such catastrophes as the loss of a submarine ,","to experience such catastrophes as the loss of a submarine ,",0.0
test_002426.png,It is the common lot of all Squadron Senior Officers,It is the common lot of all Squadron Senior Officers,0.0
test_002427.png,"His normal placid and steady-going manner remained ,","His normal placid and steady-going manner remained ,",0.0
test_002428.png,far between .,far between .,0.0
test_002429.png,though in peace time these happenings are few and,"though , in peace time these happenings are few and",0.04081632653061224
test_002430.png,This is the testing time for all . The affair blows up into,This is the testing time for all . The affair blows up into,0.0
test_002431.png,usual and in fact had applied all the usual specifics,usual and in fact had applied all the usual specifics,0.0
test_002432.png,must present an unruffled appearance and carry on as,must present an unruffled appearance and carry on as,0.0
test_002433.png,"written letters to the bereaved , had visited many in the","written letters to the bereaved , had visited many in the",0.0
test_002434.png,"locality , had been interviewed by the Press , had driven","locality , had been interviewed by the Press , had driven",0.0
test_002435.png,must continue as before . During this period the Captain,must continue as before . During this period the Captain,0.0
test_002436.png,a national disaster and then when it is all over life,a national disaster and then when it is all over life .,0.03773584905660377
test_002437.png,if nothing unusual has happened . Harry Turton had,if nothing unusual has happened . Harry Turton had,0.0
test_002438.png,suitable for such occasions .,suitable for such occasions .,0.0
test_002439.png,his surviving submarines a good deal harder than,his surviving submarines a good deal harder than,0.0
test_002440.png,"Jeannie 'll be on that coach , Dan . ""","Jeannie ' ll be on that coach , Dan . """,0.02631578947368421
test_002441.png,thinking what a skill he had for reading,thinky what a skill he had for readily,0.125
test_002442.png,"near me . "" Yes , "" I said . "" It 'll be here to-","never me . "" Yes , "" I said . "" It'll be here to-",0.061224489795918366
test_002443.png,He rode down to where I was waiting . I was,He rode down to where I was waiting . I was,0.0
test_002444.png,"for a hold-up as any , "" he said , reining in","for a hold-up as any , "" he said , reunizing",0.1111111111111111
test_002445.png,"my mind . "" This would be as good a place","my mind . "" This would be as good a place",0.0
test_002446.png,"morrow as likely as not . "" I paused . "" Miss","morrow as likely as not . "" I paused . "" Miss",0.0
test_002447.png,"in it . """,in' it .,0.3333333333333333
test_002448.png,But I reckon they 'll be too busy shooting at,But I reckon they ' ll he too busy shocking at,0.08888888888888889
test_002449.png,"in , Johnny . "" "" I know . But if lead starts","in , Johnny . "" "" I know . But if lead #",0.13333333333333333
test_002450.png,""" Yes , "" he said . "" I know . "" "" No harm must come",""" Yes , "" he said . "" Here . "" "" No harm more come",0.17307692307692307
test_002451.png,"to her , Dan . "" "" She 'll be all right . It 's the","to her , Dan . "" "" She'll be all sight . It's the",0.058823529411764705
test_002452.png,men who 'll be after that coach I 'm interested,men who'll be after that coach I 'm interbed,0.0851063829787234
test_002453.png,"flying she might be in danger . "" "" That 's so .","flying she might be in danger . "" "" That so .",0.0625
test_002454.png,us to bother with the coach and the folks,was to better with the coach and the follow,0.17073170731707318
test_002455.png,"turned the conversation . "" Let 's ride over","turned the conversation . "" Let ) "" We will",0.20454545454545456
test_002456.png,giving me one of his strange looks . Then he,giving me one of his stage looks . Then he,0.045454545454545456
test_002457.png,and have a look at the mining camp .,and have a look at the mining camp .,0.0
test_002458.png,""" Maybe , "" I said . "" But we 've got to remember",""" Maybe , "" I said . "" But we've got to remember",0.02040816326530612
test_002459.png,"working for , as well as the townsfolk and","everting for , as well as the townsfolk and",0.09523809523809523
test_002460.png,"of responsible for her . "" "" Of course , "" he said ,","of responsible for her . "" "" Of course , "" he said ,",0.0
test_002461.png,"that girl all the time , Dan . I feel kind","that girl all the time , Dan . I feel kind",0.0
test_002462.png,"the agency detective . """,the agency detective .,0.08333333333333333
test_002463.png,After all it 's them we 're supposed to be,After all its them were supposed to be,0.09523809523809523
test_002464.png,I said . I watched him because I was always,It said . I watched him became I was always,0.06976744186046512
test_002465.png,Dead . Shuffled out of the deck . Blasted,Dead . Shuffled out of the club . Biomedical,0.2926829268292683
test_002466.png,"last night . ""","last night . """,0.0
test_002467.png,With something of a start I remembered the,birth something of a Act I remembered the,0.14285714285714285
test_002468.png,down with a shotgun outside the Palace,down with a shotgun outside the Palace,0.0
test_002469.png,""" Maybe you don't know about Appleton ,","in Maybe you don't know about Appleton ,",0.05128205128205128
test_002470.png,"tried to surprise him . "" Dead ? "" he said . "" Yes .","tired to surprise him . "" Dead ? "" he said . "" Yes",0.07692307692307693
test_002471.png,"Dan ? "" "" Know what ? "" "" That he 's dead , ""","Bon ? "" I now what ? "" "" That he ' dead ,",0.15555555555555556
test_002472.png,man who 'd brought us into this business .,man who 'd brought us into this business .,0.0
test_002473.png,fascinated by the way he looked when you,fascinated by the way he looked when you,0.0
test_002474.png,leading to the ridge . I followed . From the,leading to the ridge . I followed from the,0.06818181818181818
test_002475.png,"mining camp , "" he said abruptly . He wheeled","mining camp , "" he said abruptly . He wheeled",0.0
test_002476.png,"Marshal , "" I added . His face was fixed ,","Marshal , "" I added - His face was fixed ,",0.023809523809523808
test_002477.png,country that lay all round Gilburg Crossing .,country that lay all round giltory crossing .,0.1111111111111111
test_002478.png,""" Fenton or Somers , "" he said . "" Or the Town",""" Fenton or Comers , "" he said . "" Or the Town",0.021739130434782608
test_002479.png,"unreadable as a rock . "" Let 's get over to the","unreadable as a rock . "" Let's get over to the",0.02127659574468085
test_002480.png,top you could see something of the wild hill,top you could see something of the mild hull,0.045454545454545456
test_002481.png,his horse back off the trail and up the slope,his horse back off the trail and up the dope,0.044444444444444446
test_002482.png,miles . The real high country of the Rockies,makes . The real high county of the Rockies,0.06818181818181818
test_002483.png,The air was fresh and clear and you,The air was fresh and clear and you,0.0
test_002484.png,could see far over west and north for many,could see far west and north for many,0.11904761904761904
test_002485.png,"a vast stretch of hills , canyons , buttes and","a vast death of hills , canyons , butles and",0.13043478260869565
test_002486.png,malpais .,mulpous .,0.3333333333333333
test_002487.png,lifted up in the distance like a pale water-,clifted up in the distance . We a pale water-,0.09090909090909091
test_002488.png,colour drawing . Between us and that lay,colour drawing . Between us and that lay,0.0
test_002489.png,"into draws , circling a big mesa by a","inite draws , circling a big area by a",0.13513513513513514
test_002490.png,the horses and drank enough to cure our,the horses and drank enough to use over,0.10256410256410256
test_002491.png,got hotter as the day wore on and we rested,got better as the day more on and he rocked,0.16279069767441862
test_002492.png,"cut the trail leading from Gilburg to the north . ""","and the trail leading from Gilby to the north . """,0.11764705882352941
test_002493.png,""" The mine-workings lie north of the town , ""","The mine-working in north of the town , """,0.1111111111111111
test_002494.png,"So we swung west , making slow going over","So he swung west , making slow going over",0.024390243902439025
test_002495.png,"rough country , sliding on shale , climbing down","brough county , sliding on whole , climbing down",0.08333333333333333
test_002496.png,gratefully by a small creek where we watered,gratefully by a small week where he watered,0.06818181818181818
test_002497.png,"said Dan . "" If we head west we ought to","said Dan . "" If we had west we ought to",0.025
test_002498.png,"four or five mile valley , sandy-floored . It","four or live mile valley , sandy-floured . It",0.044444444444444446
test_002499.png,thirst .,third .,0.25
test_002500.png,We turned north into it and after about four,We turned north into it and after about four,0.0
test_002501.png,we figured would lead to the miners' camp .,one figured would lead to the miners' camp .,0.046511627906976744
test_002502.png,miles it led into a small canyon which,miles it led into a small canyon which,0.0
test_002503.png,over a fairly wide area working singly or,over a fairly wide area working dingy or,0.04878048780487805
test_002504.png,opened out into a wide shallow draw .,expend out into a wide shallow draw .,0.08108108108108109
test_002505.png,in pairs .,in pairs .,0.0
test_002506.png,Here in a dried-up creek-bed we found,there in a dried-up creek-hed he found,0.10810810810810811
test_002507.png,the miners at work . They were scattered,the miners at work . They were called,0.125
test_002508.png,An hour's riding brought us to a trail that,Asn hour's riding brought us to a tail that,0.046511627906976744
test_002509.png,"out , "" If you come any closer , I 'll sure blow","and , If you come any closer , I'll sure blow",0.125
test_002510.png,shack and as we got near someone inside bawled,shack and as we got new someone inside banned,0.08695652173913043
test_002511.png,"to him about what happened last night . ""","to him about what happened last night . """,0.0
test_002512.png,"your whiskers off . "" "" Take it easy , mister , "" I sang","your whispers off . "" Take it easy , mildy , "" Wang",0.17857142857142858
test_002513.png,got no whiskers so as you can see . Just you,get no wishes so as you can see . Just you,0.09090909090909091
test_002514.png,We didn't approach unchallenged . Just short,We didn't approach unchallenged . But NOT,0.1590909090909091
test_002515.png,go and tell Nick Dowd we 've come to talk,go and tell Nick Dowd we 've come to talk,0.0
test_002516.png,"out . "" We don't aim to come any closer and we 've","about . "" We don't own to come any class and we've",0.18
test_002517.png,of the diggings there was a roughly-built,of the digging there was a roughly-built,0.024390243902439025
test_002518.png,"there 's gold and women there 's always trouble , ""","there's gold and women there ) always trouble , """,0.058823529411764705
test_002519.png,was never long on patience .,was never long on patience .,0.0
test_002520.png,"wavered . We sat our horses , waiting . "" Looks as","wawered . We sat our horses , waiting . "" looks us",0.06
test_002521.png,peeking out through a hole in the shack never,Speaking out through a hole in the Chuck never,0.08888888888888889
test_002522.png,"though they 're expecting trouble , "" I said . "" Where","through they're expecting trouble , "" I said . "" Where",0.037037037037037035
test_002523.png,"whistle then , loud and shrill . The gun barrel","Whistle then , loud and still . The gun bored",0.1276595744680851
test_002524.png,"observed Dan , shifting about in his saddle . He","observed Dan , Miff , about in his middle . He",0.16666666666666666
test_002525.png,""" Oh , "" said the unseen guard . He blew a","fish , "" said the unseen guard . He blew a",0.07142857142857142
test_002526.png,Mr. Copthorne knew a way round by the side,with . Copthorne knew a way round by the side,0.11904761904761904
test_002527.png,kind of sequence .,third of sequence .,0.16666666666666666
test_002528.png,in a huddle upon an upturned wheelbarrow .,in a huddle upon an upturned wheelbarrow .,0.0
test_002529.png,gasp it was scientifically supposed his whole,group it was scientifically supposed his whole,0.06666666666666667
test_002530.png,were going on in his bewildered brain . When,were going on in his bewildered brain . When,0.0
test_002531.png,life came up before him in some cinematic,life came up before him in some cinematic,0.0
test_002532.png,outbuilding where the grave digger kept his spades,continuing where the grave diggers kept his spacious,0.22
test_002533.png,of the church where there was a small open,of the church where there was a small open,0.0
test_002534.png,"be open . It was . He entered , and seated himself","the open . It was . He entered , and seated himself",0.04
test_002535.png,a man was drowning and towards his last,a man was drowning and towards his last,0.0
test_002536.png,and forks and tidying up implements . It might,and feels and tidying up implements . It might,0.06521739130434782
test_002537.png,His curious headgear fell off . Strange things,this curious headquarters fell off . Strange things,0.17391304347826086
test_002538.png,Walking out of the chapel later on . Continuing,Walking out of the chapel later on Continuing,0.0425531914893617
test_002539.png,"boy , then a young youth . He saw himself refusing","boy , then a young youth . He saw himself refusing",0.0
test_002540.png,"on , his leaping mind flashed pictures of chi-","on , his leaping mind flashed pictures of chi-",0.0
test_002541.png,dly decadence and absorption in debase-,dly decadence and absorption in defense-,0.07692307692307693
test_002542.png,baptism according to the sect his parents belonged to .,bemptism according to the sect his parents belonged to,0.07272727272727272
test_002543.png,Mr. Copthorne was on dry land in a church,Mr. Copthorne was on dry land in a church to,0.07317073170731707
test_002544.png,"canery and corruption , the growth of the dea-","Canery and corruption , the growth of the clear-",0.08695652173913043
test_002545.png,"outbuilding , but this was happening to him now . He","out building , but this was happening to him now . He",0.019230769230769232
test_002546.png,ment and Satanic debauchery .,ment and Satanic debauchery .,0.0
test_002547.png,"saw himself as a sulky , ugly , malformed , repressed","Saw himself as a sulky , ugly , uniformed , repressed",0.07547169811320754
test_002548.png,was Mr. Copthorne all right . Perhaps he had,was Mr. Copthorne all right . Perhaps he had,0.0
test_002549.png,speak normally .,speak normally .,0.0
test_002550.png,"hunted eyes , as if the poor fellow had rocks in","hunted eyes , as if the poor fellow had rocks in",0.0
test_002551.png,"in London . Very strange his eyes looked . Mad ,","in London . Very strange his eyes looked . Mad ,",0.0
test_002552.png,"He didn't know what to make of it , but it","the didn't know what to make of it , but it",0.047619047619047616
test_002553.png,"his head , so the verger described afterwards .","his head , so the veryever disturbed afterwards .",0.14893617021276595
test_002554.png,been attending some kind of fancy dress do,been attending some kind of fancy dress do,0.0
test_002555.png,""" You 're very early about , sir , "" he said , trying to",""" You've very early about , sir , "" he said , trying to",0.03571428571428571
test_002556.png,"the fourteenth century . ""","the fourteenth century . """,0.0
test_002557.png,"me , "" said Mr. Copthorne . The verger","one , "" said Mr. Copthouse . The eager",0.15789473684210525
test_002558.png,to take a look at the church . I 've,to take a look at the church . They,0.1388888888888889
test_002559.png,never been inside . Very remiss of,never been inside . Very series of,0.08823529411764706
test_002560.png,the thought came to me I 'd like,of the thought came to me . The Till the,0.40625
test_002561.png,"as the dawn was breaking , and","as the dawn was breaking , and",0.0
test_002562.png,"windows , sir , they date back to","windows , sir , they date level to",0.15151515151515152
test_002563.png,""" Yes . I travelled down from London",in Yes . I travelled down from London .,0.1111111111111111
test_002564.png,"led the way in . "" The stained glass","led the way in . "" The stained glass",0.0
test_002565.png,and her luggage had disappeared and they were alone,and her luggage had disappeared and they were alone,0.0
test_002566.png,"flights back . ""","flights back . """,0.0
test_002567.png,"taxi . "" Just a moment , darling , "" Gavin pressed her","taxi . "" Just a moment , darling , "" Gavin pressed her",0.0
test_002568.png,"quickly through the customs . "" Gay ! "" "" Gavin ! "" The girl","quickly through the customs . "" Gay ! "" "" Gavin ! "" The girl",0.0
test_002569.png,"hand and smiled . "" I want to check up on the","hand and smiled . "" I want to check up on the",0.0
test_002570.png,There were few passengers on the plane and Gavin was,There were few passengers on the plane and Gavin was,0.0
test_002571.png,together . The porter brought Gavin's bag out to the,together . The porter brought Gavin's bag out to the,0.0
test_002572.png,went quickly back to fetch them .,went quickly back to fetch them .,0.0
test_002573.png,"taxi , and then found that in","taxi , and then found that in",0.0
test_002574.png,of despair Gay knew that of course,of despair Gay knew that of course,0.0
test_002575.png,Gavin she had left her sun-,Gavin she had left her sun-,0.0
test_002576.png,off the plane with him were talking .,off the plane with him were talking,0.05405405405405406
test_002577.png,"pocket-book , with a sick feeling","pocket-book , with a side feeling",0.06060606060606061
test_002578.png,the excitement of meeting,the excitement of meeting,0.0
test_002579.png,Gavin and the girl who had got,Gavin and the girl who had got,0.0
test_002580.png,glasses on the veranda . She,glasses on the verauda . She,0.03571428571428571
test_002581.png,He was writing something in his,He was writing something in his,0.0
test_002582.png,Gay went out to the waiting,Gay went out to the waiting,0.0
test_002583.png,"beach . A moon like this mustn't be wasted . ""","beach . A moon like this mustn't be wasted . """,0.0
test_002584.png,He gestured towards the bay where the full,He geshired towards the bay where the full,0.047619047619047616
test_002585.png,laid his hand on hers . Gay smiled at him,said his hand on her . Gay railed at him,0.0975609756097561
test_002586.png,kisses she had seen him giving Elaine .,Missess due had been him giving Elaine .,0.1282051282051282
test_002587.png,"only , yet remembering for a second the","only , yet remembering for a second time",0.05128205128205128
test_002588.png,now Gavin was in love with her and her,now Gavin was in love with her & her,0.07894736842105263
test_002589.png,"again , happy beyond belief , knowing that","again , happy beyond belief , unawing that",0.047619047619047616
test_002590.png,""" And then we 'll go for a stroll along the",""" And then we ' he go for a drill along the",0.13953488372093023
test_002591.png,"moon was just rising over the rocks , then","which was just rising over the rocks , then",0.11904761904761904
test_002592.png,"would never be jealous again , would even take Larry's advice and","would never be jealous again , would even take busy 's advice and",0.07692307692307693
test_002593.png,"look the other way if need be . "" I say ! "" Gavin was looking over her","look the other way if need be . "" I say . "" Gavin was looking over her",0.014285714285714285
test_002594.png,"lovely , she 's French , a very well known model I believe .","lovely , she 's French , a very well know model I believe '",0.03333333333333333
test_002595.png,"All that was part of the past , she would put it behind her . She","Oll that was part of the past , she would put it behind her . She",0.015384615384615385
test_002596.png,"shoulder . "" That 's a pretty girl ! "" Gay glanced behind her , "" Isn't she","shoulder . That 's a pretty girl ! "" Gay glanced behind her , "" Don't like",0.09333333333333334
test_002597.png,"Lilyan remonstrated . "" They want to be","tilyon demonstrated . "" They want to be",0.07692307692307693
test_002598.png,"can't find a table for two . ""","com't find a table for two . """,0.06666666666666667
test_002599.png,"cafe*?2 , "" Doc said , "" they are packed","cate - 2 , "" Doc said , "" they are packed",0.1
test_002600.png,sitting just inside having coffee .,settling just inside having coffee .,0.05714285714285714
test_002601.png,tonight so come and join us if you,tonight so come and join us if you,0.0
test_002602.png,"boy friend , "" Doc called . "" No , Doc ! ""","boy friend , "" Doc called . "" No , Doc. """,0.047619047619047616
test_002603.png,"alone . "" "" I 've booked a table at the","alone . "" I ' re booked a table at the time",0.23076923076923078
test_002604.png,"Gay , a little puzzled , went through","Gay , a little puzzled , went through",0.0
test_002605.png,to the bar . Doc and Lilyan were,to the bar . Doc and Lilyon were,0.03125
test_002606.png,""" Come and join us and bring your",""" Come and join us and being your",0.030303030303030304
test_002607.png,Gay thanked him and walked out on to,Gay thanked him and walked out on to,0.0
test_002608.png,As Gay watched he offered the girl a,as gay watched in offered the girl on,0.16666666666666666
test_002609.png,"She looked round scanning the tables ,",the looked round scanning the tabes .,0.07894736842105263
test_002610.png,"then caught her breath , a cold hand","then caught her breath , a cold hand",0.0
test_002611.png,hers in an intimate way .,does in an intimate way,0.2
test_002612.png,seated at a small table in a shadowy,seated at a small table in a shadowy,0.0
test_002613.png,corner talking animatedly to Simone .,correct talking animatedly to Simone .,0.08108108108108109
test_002614.png,had bought a drink and taken it outside .,had bought a drink and taken it outside .,0.0
test_002615.png,"cigarette and lit it , his hands cupping","cigarette and kit it , his hands cupping",0.025
test_002616.png,seeming to clutch her heart . Gavin was,seeming to dutd le last Gavin was,0.28205128205128205
test_002617.png,the terrace thinking that perhaps Gavin,the terrace thinking that perhaps growing,0.1282051282051282
test_002618.png,"Doc , while she wanted to do no more than","000 , while she wanted to do no more than",0.07317073170731707
test_002619.png,"but she turned away , giving a little","but she turned away , giving a little",0.0
test_002620.png,"gesture of hopelessness , knowing that her","systems of hopelessness , knowing that her",0.11904761904761904
test_002621.png,"run upstairs to her room , knowing that","run upstairs to her room , knowing that",0.0
test_002622.png,"Gay stood irresolute for a moment , half","Gay stood irresolute for a moment , keep",0.1
test_002623.png,"loved her , was already flirting with a girl","loved her , was already feirting with a girl",0.022727272727272728
test_002624.png,decided to go back and join Lilyan and,decided to go back and join Libyan and,0.02631578947368421
test_002625.png,"Larry's advice flashed through her mind ,","carry's advice flashed through her mind ,",0.024390243902439025
test_002626.png,Gavin although he had told her that he,Govin although he had told her that he,0.02631578947368421
test_002627.png,that he had only met a few minutes before .,that he had only met a few minutes before .,0.0
test_002628.png,as Gay drew out a chair and sat,as gay drew out a chair and sat .,0.0967741935483871
test_002629.png,"that Larry had given her , while she","that Lacey had given her , while she",0.05555555555555555
test_002630.png,"anything , "" Gay told herself desperately ,","anything , "" Gay told herself desperately ,",0.0
test_002631.png,The others were all dancing and,The others were all dancing and,0.0
test_002632.png,"Simone on to the floor . "" It doesn't mean","Simone on to the floor . "" It doesn't mean",0.0
test_002633.png,trying to understand Gavin's point of,styring to understand Gavin point of,0.13513513513513514
test_002634.png,view and remembering the advice,view and remembering the advice,0.0
test_002635.png,felt wretched beyond words .,felt wretched beyond words,0.07142857142857142
test_002636.png,"down Gavin , without a word , swept","down Gavin , without a word , swept",0.0
test_002637.png,"to help her control her feelings . "" Come and","to help her control her feelings . "" Come and",0.0
test_002638.png,with the cigarette packet which lay on the table,with the cigarette jacket which lay on the table,0.020833333333333332
test_002639.png,ging a smile .,going a smile .,0.07142857142857142
test_002640.png,taste but it was unkind beyond words . She fumbled,taste but it was unkind beyond words . She fumbled,0.0
test_002641.png,"lifeline and Gay got up quickly , mana-","lifeline and Gay got up quickly , mono-",0.05128205128205128
test_002642.png,His behaviour was not only boorish and in the worst of,His behaviour was not only boorish and the worst of,0.05555555555555555
test_002643.png,"dance , "" Doc's cheery voice came as a","dance , "" Doc's cheery voice came as a",0.0
test_002644.png,not wanting to smoke but needing some action,not wanting to smoke but needing come action,0.022727272727272728
test_002645.png,and no doubt he would come back soon and,and no doubt he would come back soon and,0.0
test_002646.png,"would make love to the French girl on the sands ,",would make love to the French girl on the sanatry,0.08163265306122448
test_002647.png,kisses on the way back to the hotel .,kisses on the way back to the hotel .,0.0
test_002648.png,after Simone had left expect her to accept his,after Simone had left expect her to accept his,0.0
test_002649.png,and Simone go through the doorway that led,and Simone go through the doorway that led,0.0
test_002650.png,down to the beach . Gay closed her eyes for a,down to the beach . Gay closed her eyes for a,0.0
test_002651.png,As he swung her on to the floor Gay saw Gavin,As he swung her on to the floor Gay saw Gavin,0.0
test_002652.png,moment in disgust . She was fully aware that Gavin,moment in disgust . She was fully aware that Gavin,0.0
test_002653.png,"mentally adolescent cad . "" "" Oh , Doc ... "" Gay protested","mentally adolescent cad . "" Oh , Doc. "" Gay protested",0.08620689655172414
test_002654.png,Sentence Database P02-109,Sentence Database # 0792,0.28
test_002655.png,"weakly , "" you don't know Gavin . "" "" I 've only met him","weekly , "" you don't know Gavin . "" "" I ' ve only met him",0.03571428571428571
test_002656.png,today but I think I can safely say that I know,today but I think I can safely say that I know,0.0
test_002657.png,"heart out over ? "" Doc nodded towards the door . "" You","tremit out over ? "" Doc nodded towards the door . "" You",0.07407407407407407
test_002658.png,-----------------------------------------------------,Sentence Database .,1.0
test_002659.png,""" And that 's the man whom you have been eating your",""" And that 's the man whom you have been eating your",0.0
test_002660.png,"him a great deal better than you do . ""","him a great deal better than you do . """,0.0
test_002661.png,"may consider him a man , I would say he was a","may consider him a man , I would say he was a",0.0
test_002662.png,who doesn't care two jots for your feelings .,who doesn't care two jobs for your feelings .,0.022222222222222223
test_002663.png,thought you were sensible too . Don't,thought you were sensible too . Don't,0.0
test_002664.png,If he behaves like this now what is your,If he behaves like this now what is your,0.0
test_002665.png,"fine girl , intelligent , and pretty , and I had","fine girl , intelligent , and pretty , and I had",0.0
test_002666.png,make a fool of yourself over someone,make a fool of yourself over someone,0.0
test_002667.png,yourself away on a chap like that . You 're a,yourself away on a chap like that . You're a,0.022222222222222223
test_002668.png,"Gay , and don't even contemplate throwing","Gay , and don't even contemplate throwing",0.0
test_002669.png,"Doc gave her hand a shake . "" Wake up","Doc gave her hand a shake . "" Wake up",0.0
test_002670.png,married life going to be like ?,married life going to be like ?,0.0
test_002671.png,glad to be able to occupy herself .,glads to be able to occupy herself .,0.02857142857142857
test_002672.png,dining together . She opened her bag,clining together . She opened her long,0.1388888888888889
test_002673.png,"letter . She drew it out and opened it ,","letter . She drew it only and opened its ,",0.1
test_002674.png,was behaving since they had seen them,was behaving since they had seen them,0.0
test_002675.png,Doc asked Lilyan to dance and once,Doc asked Silyan to dance and once,0.029411764705882353
test_002676.png,to get out her compact and saw Grace's,to get out her impact and saw Grace's,0.05263157894736842
test_002677.png,"feeling self-conscious and awkward , sure that","fealing self-conscious and awkward , since that",0.08695652173913043
test_002678.png,people were talking about the way Gavin,people were talking about the way . Gavin,0.05128205128205128
test_002679.png,again Gay found herself alone at the table,again Gay found herself alone at the table,0.0
test_002680.png,He 's getting on well but is pretty helpless still with his,He's getting on well but is pretty helpfulers stiff with his,0.1016949152542373
test_002681.png,""" So glad that you are having such a lovely time , dearie , ""","So glad that you are having such a lovely time , deardie , """,0.04918032786885246
test_002682.png,and have been over to sit with her father and do what,and have been over to sit with her father and do what,0.0
test_002683.png,"it ran . "" Your cards are lovely . I rang up Miss Harland","hit man . "" Your cards are lovely . I rang up Miss Holland ever",0.15789473684210525
test_002684.png,I can for him so that she can get out to do her shopping .,It can for him so that she can get out to do her shopping .,0.017241379310344827
test_002685.png,broken arm .,broken arm .,0.0
test_002686.png,No other news except that Elaine is engaged,No other news except Elaine is engaged,0.11627906976744186
test_002687.png,with at her party . That was why,with at her party . That was why,0.0
test_002688.png,knew why Gavin had come to see,Know why Gavin had come to see,0.06666666666666667
test_002689.png,Gay read the rest of the letter then put,Gay read the rest of the letter put,0.125
test_002690.png,"Everything was quite clear now , and to","Everything was quite clear now , and to",0.0
test_002691.png,to the man she had spent so much time,to the man she had spent so much time,0.0
test_002692.png,Gavin had come back to her .,Gavin had come back to her .,0.0
test_002693.png,"and going to marry a foreigner ... ""","and going to marry a foreigner ... . """,0.05555555555555555
test_002694.png,her .,ve .,0.4
test_002695.png,"it back in her bag . Elaine was engaged ,","it back in her bag . Elaine was engaged ,",0.0
test_002696.png,rather a sense of relief now that she,rather a sense of relief now that she,0.0
test_002697.png,"her own surprise Gay felt no heartbreak ,","her own surprise Gay felt no heartbreak ,",0.0
test_002698.png,for Gavin at the way he was behaving as she,For Gavin at the way he was Behaving as she,0.046511627906976744
test_002699.png,"understand , knowing that Gay was as much ashamed","understood , knowing That Gay was as much ashamed",0.061224489795918366
test_002700.png,""" That is a pretty dress , "" Lilyan commented , obviously sensing",""" That is a pretty deal ' , Libyan commented , obviously serving",0.12307692307692308
test_002701.png,Because she was second best . The others came back,Because she was second best . The others came back to,0.06
test_002702.png,"knowing that they were real friends , even if they were new ones .","knowing that they were real , even if they were new ones",0.15151515151515152
test_002703.png,"Gay's distress and in a way that Doc , as a man , could not","Gay's sister and in a way that Doc , as a man , could not",0.06779661016949153
test_002704.png,"she felt happier . Gay loved them for their warm sympathy ,","felt happier . Gay loved them for their warm sympathy ,",0.06779661016949153
test_002705.png,"to the table , all of them making a fuss of her and at once","The table , all of them making a fucr of her and at once she",0.1694915254237288
test_002706.png,was hurt for herself .,was hurt for herself .,0.0
test_002707.png,one has to know something about fishing,one has to know something about fishing,0.0
test_002708.png,I don't think I 'd go to Edinburgh un-,I don't think I 'd go to Edinburgh in-,0.02631578947368421
test_002709.png,"take my pick , whereas in Yarmouth","take me my kids , whereas in Yarmouth",0.17647058823529413
test_002710.png,"be a doctor , and I already know","be a doctor , and I already know",0.0
test_002711.png,"home , or perhaps a student studying to","home , or perhaps a student studying to",0.0
test_002712.png,""" There are all sorts of wonder-",""" There are all sorts of wonder-",0.0
test_002713.png,less I was a Scot and wanting to get,less I was a Scot and wanting to get,0.0
test_002714.png,ful jobs in London and I could,ful jobs in London and I could,0.0
test_002715.png,and in Liverpool they 'd want sea-farers .,and in Liverpool they'd want sea-forests .,0.09523809523809523
test_002716.png,"all about that . ""","all about that . """,0.0
test_002717.png,"Sometimes they talked on the theme of "" when we get married "" ,","Sometimes they talked on the theme of "" when we get married "" ,",0.0
test_002718.png,"and then all was wonderful , and perhaps it had only been","and then all was wonderful , and perhaps it had only been",0.0
test_002719.png,"that lark , I can tell you ! ""","that bark , I can tell you ! """,0.03333333333333333
test_002720.png,"a slip of the tongue when Nigel had said , only last","a slip of the tongue when Nigel had said , only last",0.0
test_002721.png,"She was engaged to Nigel , had been for two years .","She was engaged to Nigel , had been for two years",0.0392156862745098
test_002722.png,"evening , "" If we get married , old girl , you 'll have to stop","evening , "" If we get married , old girl , you'll have to stop",0.015873015873015872
test_002723.png,been standing in for Luke Parsons at his surgery in,been standing in for Luke Parsons at his surgery in,0.0
test_002724.png,Little Phelpham .,little Pullphann .,0.29411764705882354
test_002725.png,She couldn't remember what they had been talking about or,She couldn't remember what they had been talking about or,0.0
test_002726.png,"with it was coupled a disembodied fragment of information ,","which it was coupled a disembodied fragment of information ,",0.03389830508474576
test_002727.png,"which ' lark ' she would have to stop , only that significant tiny","which "" back # she would have to stop , only that sufficient ring",0.18181818181818182
test_002728.png,which now took on an ominous significance : Nigel had been,which now # took an ominous significance . Nigel had been,0.10344827586206896
test_002729.png,"word shouted into her very soul a horn of warning , and","ward started into her very soul a horn of warning , and",0.07272727272727272
test_002730.png,seen in Farlingham on an occasion he had sworn he had,been in Fortingham on an occasion he had sworn he had,0.05660377358490566
test_002731.png,the situation would have been intolerable,the situation would have been intolerable,0.0
test_002732.png,when she was not free ; this much they had,When she was not free ; this much they had,0.023809523809523808
test_002733.png,about their relationship . So when Nigel,about their relationship . So when Nigel,0.0
test_002734.png,Now Nigel had every right to go where he,How Nigel had every right to go where he,0.025
test_002735.png,had there not been some give and take,had there not been given and take,0.16216216216216217
test_002736.png,liked during his off-duty periods,listed # during his off-duty periods,0.12121212121212122
test_002737.png,had told her about taking Luke's,had told her about taking Luke's,0.0
test_002738.png,conceded one to the other . They rarely,conceded one to the other . They rarely,0.0
test_002739.png,"found they were off duty together , and","found they were off duty together , and",0.0
test_002740.png,"evening surgery she had said ,","evening surgery she had said ,",0.0
test_002741.png,"of variety and it 's a change . "" Nigel was the hospital's","of watero and it is a chance . "" Nice was the hospital 's",0.1724137931034483
test_002742.png,"he shrugged diffidently , "" I like the work . One gets plenty","He changed difficulty , "" I like the work , one gets proved",0.26229508196721313
test_002743.png,asked hopefully .,asked Hopefining .,0.35294117647058826
test_002744.png,"suppose , to meet me for supper somewhere ? "" she had","Surname , do meet me for superior dimensions ? "" She had",0.3584905660377358
test_002745.png,"Junior Medical Officer . "" You won't be free about nine , I","Prince Mexican officer . "" You won't be free about nine , I",0.15254237288135594
test_002746.png,""" Bless you ! I hope Luke is suitably grateful , darling . "" "" Oh , well , """,""" Bears you ! I hope Luke is suitablus gameful , around . "" Oh , why",0.2631578947368421
test_002747.png,"I 've got to see 'em . If I am free , though ,","I 've got to see ' even . It ' and free , though ,",0.17391304347826086
test_002748.png,""" Hardly likely , my sweet . Luke's surgery goes on for",""" Hardly likely , my sweet . Luke's surgery goes on for",0.0
test_002749.png,"I 'll give you a ring , O.K. ? "" O.K. , "" she had","all you you a ring . 0-K. 3 . "" O.K. , "" she had",0.2653061224489796
test_002750.png,replied readily . So how could Nigel have,replied readily . So how could Nigel have,0.0
test_002751.png,dancing with a blonde at eight-thirty that,dancing with a blonde at eight-thirty that,0.0
test_002752.png,"hours . If they get in before eight-thirty , even","hours . If they get in before eight-thirty , even",0.0
test_002753.png,"though they 're standing on one another's toes ,","through they're standing on one another's toes ,",0.041666666666666664
test_002754.png,"been at the Load of Trouble roadhouse ,","been at the load of Trouble roadhouse ,",0.02564102564102564
test_002755.png,very evening ?,very evening ?,0.0
test_002756.png,"face , Di , but it certainly looked like","face , Di , but it certainly looked like",0.0
test_002757.png,"NUF 121 . "" "" He probably loaned his car","NUF IRI . "" . He probably loaned his car-",0.125
test_002758.png,""" No , "" she told Phil Gubbins , a junior",""" No , "" she told Phil Gubbins , a junior",0.0
test_002759.png,Nigel from the back . D.j. and all .,"Nigel from the back . D. ) , and all .",0.1111111111111111
test_002760.png,"Young Gubbins shrugged . "" I didn't see his","Young Gabbins struggled . "" I didn't see his",0.06976744186046512
test_002761.png,"to somebody , Phil . He 's always doing that . ""","to somebody , Phil . ' He 's always doing that . '",0.0625
test_002762.png,"to go into the Load of Trouble . ""","to go into the head of trouble . """,0.08823529411764706
test_002763.png,Of course such as I couldn't afford,Of course such as I couldn't afford,0.0
test_002764.png,"houseman , "" it wasn't Nigel you saw ,","Houseman , "" it wasn't Nigel you saw ,",0.02631578947368421
test_002765.png,"my lad . "" "" It was Nigel's car , anyway .","my lad . "" It was Nigel 's car , anyway .",0.07142857142857142
test_002766.png,"With a blonde , too . Imagine ! "" Nigel was frowning . He","With a blonde , too . Imagine ! "" Nigel was frowning . He",0.0
test_002767.png,"mouth , an act of devotion he didn't over-indulge .","smouth , an act of devotion he didn't over-indulge .",0.0196078431372549
test_002768.png,"suddenly in an upsurging of relief , "" that stupid","studently in an upsurging of relief , "" that stupid",0.06
test_002769.png,Gubbins boy thought he saw you at the Load of Trouble .,Gubbins boy thought he saw you at the head of Trouble .,0.03636363636363636
test_002770.png,""" 5Ye-es ? "" he lowered his eyes and kissed her on the","""5 years ? "" he lowered his eyes and tried her on the",0.16666666666666666
test_002771.png,handsome at other times .,handsome at other times .,0.0
test_002772.png,""" What about it , my sweet ? "" "" Well , "" she laughed",""" What about it , my sweet ? "" "" Well , "" she laughed",0.0
test_002773.png,looked distinguished when he frowned ; boyishly,looked distinguished when he pawned ; boyishly,0.06382978723404255
test_002774.png,""" Gubbins ? Gubbins ? "" he fretted . "" Who 's he ? ""","' Gubbins ? Gubbins ? "" he fretted . "" Who 's he ? """,0.019230769230769232
test_002775.png,"he now demanded . "" What was he","he now demanded . "" What was the",0.03225806451612903
test_002776.png,"member of the staff , distinguished or not ,","member of the staff distinguished or not ,",0.045454545454545456
test_002777.png,Nigel often had to think hard to sort,Nigel often had to think hard to sort,0.0
test_002778.png,"doing at the Load of Trouble ? ""","doing at the load of Trouble ? """,0.03125
test_002779.png,"them out . "" He 's the carrotty lad , isn't he ? ""","them out . "" He is the caroby lace , isn't he ? """,0.12
test_002780.png,Though Diana knew the name of every,Though Diana knew the name of every,0.0
test_002781.png,""" Don't be such a baby ! "" They were going",""" Don't be such a baby ! "" They were going",0.0
test_002782.png,to have an open quarrel,to have an open quarrel any,0.17391304347826086
test_002783.png,"joking , Nigel . "" "" You shouldn't joke","fotting , Nigel "" "" You shouldn't join",0.1794871794871795
test_002784.png,""" But I want it ! "" she protested . "" It 's my ring . """,""" But I want it can protested . It's my ring . """,0.18181818181818182
test_002785.png,""" You just gave it back to me . "" "" I",""" You just gave it back to me . "" I",0.05405405405405406
test_002786.png,didn't ! I was joking . You know I was,debast . It was getting you know I was,0.34210526315789475
test_002787.png,"any minute , and she knew it .","minute , and she knew it .",0.13333333333333333
test_002788.png,"about serious things like engagements . ""","about serious things like engagements . """,0.0
test_002789.png,"Almost in desperation she appealed , "" Will you meet","Almost in desperation she appealed , "" Will you meet",0.0
test_002790.png,"he told her , and suddenly seized her in an embrace","he told her , and suddenly seized her in an embrace",0.0
test_002791.png,"kissing somebody else's girl , "" he decided wickedly ,","kissing somebody else's girl , "" he decided wickedly ,",0.0
test_002792.png,receive a sharp slap for his pains .,received a sharp slap for his pains .,0.027777777777777776
test_002793.png,"me up for tea , of course . I just thought . "" "" I 'll see , ""","one up for tea , of course . I just thought . "" I'll see , """,0.08064516129032258
test_002794.png,"me at the gate , four o'clock tomorrow ? "" "" Why ? "" he","me at the gate , four d'clock tomorrow ? "" "" Why ? "" he",0.01818181818181818
test_002795.png,"enquired , combing his thick , tawny hair . "" To bring","required , combining his thick , tawny hair . "" To bring",0.07407407407407407
test_002796.png,"which really hurt . "" Without your ring it 's just like","which really hurt . "" Without your ring it 's just like",0.0
test_002797.png,"and kissed her again , somewhat startled to","and kissed her again , somewhat startled to",0.0
test_002798.png,"what you 'd get , "" she flashed at him , and","What you'd get , "" she flashed at him , and",0.045454545454545456
test_002799.png,"out of his sight . "" Mine , "" Nigel Lester had","out of his sight . "" Mine , "" Nigel Lester had",0.0
test_002800.png,"decided with a sigh of satisfaction , and",decided with a sigh of satisfaction and,0.04878048780487805
test_002801.png,then regarded the ring which he retrieved,Fifteen regarded the ring which he retrieved,0.0975609756097561
test_002802.png,which had followed her slim young figure,which had followed her slim young figure,0.0
test_002803.png,with some bitterness .,with some bitterness .,0.0
test_002804.png,"so had left him , on her dignity and not","so had left him , on her dignity and not",0.0
test_002805.png,""" If I were somebody else's girl that 's",""" If I were somebody else 's girl that 's",0.025
test_002806.png,seeing the look of admiration and revelation,seeing the look of admiration and revelation,0.0
test_002807.png,"from his pocket . "" At a price , "" he concluded ,","from his pocket . ' At a price , ' he concluded ,",0.04081632653061224
test_002808.png,"there was just time to smoke a cigarette ,","there was just time to smoke a cigarette ,",0.0
test_002809.png,hospital .,hospital .,0.0
test_002810.png,"They often had such a rendezvous , for","They often had such a remologious , for",0.15789473684210525
test_002811.png,Sentence Database P03-189,Sentence Database # # P03-1891,0.2
test_002812.png,"if one walked slowly , between road and","if one walked slowly , between road and",0.0
test_002813.png,steely . ' I see . ' Scorn lashed his,steely . 'I see . ' S corn lasted his,0.08108108108108109
test_002814.png,badly - at any price . I hope,badly - at any price . Those,0.10344827586206896
test_002815.png,"His mouth hardened , his eyes became","His mouth hardened , his eyes became",0.0
test_002816.png,Truth ! ' His gaze held hers,"Truth ! "" His gaze held here",0.07142857142857142
test_002817.png,you are satisfied . ',"you are sats "" pedal .",0.38095238095238093
test_002818.png,words . ' I wonder you dared trust,words . ' I wonder you dared trust,0.0
test_002819.png,him to my care . ' ' Nicholas - ',"him to my care . "" Nicholas -",0.15151515151515152
test_002820.png,masterfully . ' You wanted it so,Masterfully . ' You wanted it so,0.03125
test_002821.png,' Well ! At least I know the truth .,' Well . ' At ' least I know the truth .,0.1388888888888889
test_002822.png,vulsion that was homicidal .,vouclatio that was homicidal .,0.17857142857142858
test_002823.png,"mantle , and said with such","Mantle , and said with such",0.037037037037037035
test_002824.png,"And as he spoke , the thought","And as he spoke , the thought",0.0
test_002825.png,he put back his professional,the put back his professional,0.03571428571428571
test_002826.png,tied . He dare not precipitate,tied . The dare not precipitate,0.06666666666666667
test_002827.png,room filled him with a re-,from filled him with a re-,0.07692307692307693
test_002828.png,"icy politeness , such withdrawn","city pointeness , such withdraw",0.16129032258064516
test_002829.png,"Even in that , his hands were","Even in that , his lands were",0.034482758620689655
test_002830.png,of Philip lying in the other,"of Phillip , lying in the other",0.10714285714285714
test_002831.png,coronary . And in that second,"coronary , and in that second",0.06896551724137931
test_002832.png,what might well be another,what might well be another,0.0
test_002833.png,will contact your new doctor,will contact your new doctor,0.0
test_002834.png,"his # prescription pad , and","his # pressure script on pad , and",0.25
test_002835.png,"# scribble on it . Then ,",still scribble on it . They,0.32
test_002836.png,' I will leave you the necessary pre-,It will leave you the necessary pre-,0.08108108108108109
test_002837.png,"waistcoat pocket , take out","avis ( coat pochet , take out",0.2222222222222222
test_002838.png,he tore off the leaflet and,the tone off the leaflet and,0.07407407407407407
test_002839.png,"with a gesture she knew so well ,","with a gesture she knew so well ,",0.0
test_002840.png,scription for the sedatives . You,scriptions for the sedatives . You,0.030303030303030304
test_002841.png,when you reach your parents',when you reach your parents ',0.03571428571428571
test_002842.png,house . ' She watched him flick,"House . "" She watched his flick",0.0967741935483871
test_002843.png,his fountain-pen from his,his fountain-pen from his,0.0
test_002844.png,thing - not even friendship .,thing - not even friendship .,0.0
test_002845.png,him . She couldn't hate him ...,"him . She couldn't hate him . """,0.06451612903225806
test_002846.png,"him go , unable to speak , she","him go , unable to speak , she",0.0
test_002847.png,felt that part of her was leaving,felt that part of her was leaving,0.0
test_002848.png,with a deadly finality . Watching,with a deadly finality Natting,0.15151515151515152
test_002849.png,"' Good-bye , Sandra , ' he said","good , bye , Sandra , "" he said",0.22580645161290322
test_002850.png,If only he would have con-,If only he would have con-,0.0
test_002851.png,"fided in her , given some expla-","fitted her , given some expla-",0.15625
test_002852.png,nation . Now there was no-,mation . Now there was no-,0.038461538461538464
test_002853.png,a hand and grasped hers .,a hand and grasped her .,0.04
test_002854.png,solace in that fact at least .,balance in that fact at least .,0.1
test_002855.png,"the word . Nicholas , Philip ...","the word . Nicholas ' , Philip . """,0.125
test_002856.png,peace of mind ? Philip put out,peace of mind ? Philip put out,0.0
test_002857.png,He needed her . She would find,"He needed her . "" he would find",0.06666666666666667
test_002858.png,Love . She revolted against,dove . She revolted against,0.037037037037037035
test_002859.png,"words : ' I love you - oh , you","words : I love you - oh , you",0.06451612903225806
test_002860.png,"where was happiness , or","where was happiness , or",0.0
test_002861.png,She went back to Philip . But,the went back to Philip . But,0.034482758620689655
test_002862.png,know that well enough . ',know that well enough . ',0.0
test_002863.png,all she could hear were Nicholas's,all she could hear were Nicholas 's,0.029411764705882353
test_002864.png,what they were saying . Sandra,what they were saying . Sandra,0.0
test_002865.png,"given her . ' I 'm sorry , darling . '","give her . ' Insory , darling . '",0.15789473684210525
test_002866.png,She had her truth . How much had built,She had best with . How much had built,0.15789473684210525
test_002867.png,talking to Nicholas and wondering,talking to Nicholas and wondering,0.0
test_002868.png,I knew he was responsible for,I knew he # was responsible for,0.06896551724137931
test_002869.png,said instinctively : ' I told him,"said instinctively : "" It told him",0.06060606060606061
test_002870.png,"up from that first ideal , and how","up from that first ideal , and how",0.0
test_002871.png,"little joy , or satisfaction , it had","little joy , or satisfaction , it had",0.0
test_002872.png,He looked nervous . It had been,He looked nervous . It had been,0.0
test_002873.png,Beryl's death . ',Beryl's death . ',0.0
test_002874.png,"hell lying there , knowing she was","hell lying there , known , she was",0.08823529411764706
test_002875.png,you sure that she was telling the truth ? ',"you sure that she was telling the truth ? """,0.023255813953488372
test_002876.png,disbelieve the facts . ' Elation,dis believe the facts . ' Elation,0.03125
test_002877.png,no matter how one might want to,in a matter how one might want to,0.0967741935483871
test_002878.png,Her eyes darkened in torment . ' Are,Heseyes darkened in torment . Are,0.1111111111111111
test_002879.png,touched him after the cold wind,touched him after the cold wind,0.0
test_002880.png,"' Good heavens , darling , why on earth",""" Good heavens , daling , why one at",0.15384615384615385
test_002881.png,to see what comes out at the inquest .,to see what comes out at the night,0.18421052631578946
test_002882.png,"should she lie ? Besides , it wasn't just","should she lie ? ' Beside , it wasn't find",0.17073170731707318
test_002883.png,"her word . There was enough evidence ,","her word . There was enough evidence ,",0.0
test_002884.png,of suspense . ' It will be interesting,"of suspense . "" It will be interesting",0.02631578947368421
test_002885.png,will matter most . ' Strange how just,will matter most . ' Strange how just,0.0
test_002886.png,"will be truthful , but what he leaves out","will be truthful , but what he leaves out",0.0
test_002887.png,then Philip was so certain that Nicholas,then Philip was so certain that Nicholas,0.0
test_002888.png,Sandra too deeply to ruin her,Sandra too too deeply to ruin her,0.13793103448275862
test_002889.png,origin of her recent illness . His notes,design of her recent illness . His notes,0.1
test_002890.png,future happiness . Had ever circum-,future happiness . Had evercir cum-,0.05714285714285714
test_002891.png,he 'll confine himself to the nervous,"the "" U contine himself to the nervous",0.13513513513513514
test_002892.png,would never betray him . He loved,would never betray him . He loved,0.0
test_002893.png,Philip's spirits soared .,"Philip's girl's scared . """,0.28
test_002894.png,What his story will be . I reckon,What his story will be . I reckon,0.0
test_002895.png,stances conspired so cunningly ?,statances compared so cumingly ?,0.21875
test_002896.png,Something in Sandra's attitude struck,Something in Sandra's attitude struck,0.0
test_002897.png,"can you ? ' ' Forgive is an unctuous ,","Can you ? "" Forgive is an uniguous ,",0.15789473684210525
test_002898.png,He was better ; he had made a,"He was better , he had made a",0.034482758620689655
test_002899.png,miraculous recovery and Sandra would,Miraculous recovery and Sandra would,0.027777777777777776
test_002900.png,' You can't forgive him for this -,you can't forgive him for this -,0.08823529411764706
test_002901.png,"patronizing word , ' she replied . ' I despise",patronizing word ; she replied . ' Idapits,0.17391304347826086
test_002902.png,the deceit . The lies . ',the deceit . The Lies . ',0.04
test_002903.png,certainly looked after his own .,certainly looked after his own,0.0625
test_002904.png,"him suddenly , making him say :","high suddenly , making for firing",0.3548387096774194
test_002905.png,"soon be his wife . The Devil , he thought ,","soon belief wife . The Devil , he thought ,",0.09302325581395349
test_002906.png,purpose than the throwing of dust in his,purpose than the knowing of death in his,0.15
test_002907.png,"the original colour of his own natural vowels ,","the original colour of his own natural vowels ,",0.0
test_002908.png,"His digressions too , seemed to have no other","this discussions too , seemed to have no other",0.1111111111111111
test_002909.png,a grey superimposition of respectability over,a grey superiorposition of respectability over,0.044444444444444446
test_002910.png,"just dusty-grey but muddy , slimy even .","first dusty-grey but meveldy , slowly even .",0.25
test_002911.png,"the fake friend of the family , like the","the fake friend of the family , like the",0.0
test_002912.png,"client's eyes , the dust of fake security , of","clients ever , the last of fake security , of",0.10869565217391304
test_002913.png,"the result being somehow as ineffective , not","the result being some soon as ineffective , not",0.08888888888888889
test_002914.png,"His voice was like his black and pin-stripe ,","His voice was like his blood and pin-shape ,",0.13333333333333333
