filename,reference,prediction,cer
test_000000.png,"assuredness "" Bella Bella Marie "" ( Parlophone ) , a lively song that changes tempo mid-way .",to  s .,0.946236559139785
test_000001.png,"I don't think he will storm the charts with this one , but it 's a good start .",tas .,0.9367088607594937
test_000002.png,"CHRIS CHARLES , 39 , who lives in Stockton-on-Tees , is an accountant .",tas .,0.9436619718309859
test_000003.png,Become a success with a disc and hey presto ! You 're a star ... . Rolly sings with,ta y .,0.927710843373494
test_000004.png,"Tolch , as he is known in Tin Pan Alley , likes songs with a month in the title . He wrote",ta y .,0.9444444444444444
test_000005.png,""" My September Love , "" the big David Whitfield hit of 1956 .",ta tay .,0.9016393442622951
test_000006.png,He is also a director of a couple of garages . And he finds time as well to be a lyric,tay .,0.9534883720930233
test_000007.png,"writer . He writes with Tolchard Evans , composer of "" Lady of Spain "" and other big hits .",ta y .,0.9340659340659341
test_000008.png,"The numbers include "" Scotland the Brave , "" "" Men of Harlech , """,ae a tae ae ae tas .,0.7846153846153846
test_000009.png,"Fay Compton stars in "" No Hiding Place "" (I T V , 9.35 p.m. ) .",a aae ae an . .,0.8253968253968254
test_000010.png,She plays the possessive mother of a man whose hobby revolves,th a ta a an .,0.819672131147541
test_000011.png,round a doll's house .,an ta tan y .,0.7272727272727273
test_000012.png,"THREE people will be hypnotised in tonight's "" Lifeline """,th ae aee a tas .,0.8245614035087719
test_000013.png,"( B B C , 10.15 ) .",t e a ta .,0.7368421052631579
test_000014.png,""" McNamara's Band , "" "" Greensleeves "" and "" English Rose . """,tae ae ae a a . t .,0.8032786885245902
test_000015.png,of Rhodesia and Nyasaland ( 10.30 p.m. ) .,ta ae tan . .,0.7619047619047619
test_000016.png,They will be asked to comment on the design of everyday articles,th ae ae tae tay .,0.78125
test_000017.png,"playwright Arnold Wesker . "" Instead , Muggeridge's appointment",ahe ae a ae tan n .,0.8412698412698413
test_000018.png,such as a chair and a motor-car . The idea is to see what happens when,ah e a a tan .,0.8285714285714286
test_000019.png,will be with Sir Roy Welensky the Premier of the Federation,ahe a a a n n .,0.864406779661017
test_000020.png,parts of the mind not normally available without hypnosis are used .,ah a ae tae tae . .,0.7794117647058824
test_000021.png,"I T V have postponed Malcolm Muggeridge's "" Appointment with",th a ae a a n . .,0.8333333333333334
test_000022.png,"success last night in I T V's "" Private Potter , "" his",ahe ae a a a . . . .,0.7962962962962963
test_000023.png,man could only be regarded as a machine .,h ae a a tay .,0.7317073170731707
test_000024.png,"date . "" ACTOR Tom Courtenay was an outstanding",h tae a a y .,0.8297872340425532
test_000025.png,the switch because of the topicality of African,ta e tae any .,0.7872340425531915
test_000026.png,essay on soldiering which stated that a fighting,ane ta ny .,0.8333333333333334
test_000027.png,"Say Granada T V , the producers : "" We decided to make",ta tae ta s .,0.8518518518518519
test_000028.png,first big T V part . The play was a brilliantly-written,ao ae a .,0.8909090909090909
test_000029.png,affairs . The Wesker interview will be seen at a later,aoe ae a y .,0.8518518518518519
test_000030.png,"craggy face , and obstinate , baffled eyes . They stripped",ah tae tas .,0.8275862068965517
test_000031.png,claimed he had seen a vision of God - only the padre and his,tae a y .,0.8833333333333333
test_000032.png,"Potter screamed during an action , and was arrested . He",ah a y .,0.8928571428571429
test_000033.png,"him of his ugly battle-dress , to leave him for",ane ae ae as .,0.8297872340425532
test_000034.png,vision ., .,0.875
test_000035.png,"what he was - Potter , a frightened boy who had a",ane o ay .,0.8367346938775511
test_000036.png,"C O believed him . Courtenay played the part with a gawky ,",ta ae tay .,0.8305084745762712
test_000037.png,Northern defiance . The cameras played continuously on his,ae a tan . .,0.8448275862068966
test_000038.png,to the European Common Market .,te tae ae tae .,0.6451612903225806
test_000039.png,"scene , ranging from pubs , the Eton wall game ,",ahe ae ae ae aens .,0.8125
test_000040.png,"Dennis Brogan , Shelagh Delaney , and Alan Sillitoe .",ah a ae ae n .,0.7735849056603774
test_000041.png,"The film replaced "" What 's My Line ? "" and "" Be My",h ae ae a a n .,0.7647058823529411
test_000042.png,British personalities . Among them - Professor,ahe tae ae ans .,0.8260869565217391
test_000043.png,The film covered a wide aspect of the British,h n ta a s .,0.8222222222222222
test_000044.png,"Guest "" programmes because of an electricians'",ahe a tann s .,0.8478260869565217
test_000045.png,"of an American T V reporter , Eric Sevareid , and",ae a ae any .,0.8367346938775511
test_000046.png,strike . It showed Britain today through the eyes,ahe a ae ae an .,0.8163265306122449
test_000047.png,Britain was slipping behind ... .,a tae ta a s .,0.7575757575757576
test_000048.png,to make the strongest criticisms . He said,tae ae ae a s .,0.7380952380952381
test_000049.png,Shelagh Delaney and Alan Sillitoe attacked,tae tae a ae y .,0.7619047619047619
test_000050.png,"that in the race of the modern nations ,",ah tae ae a ta any .,0.65
test_000051.png,education . It was left to reporter Sevareid,ae ae a ae tay .,0.7954545454545454
test_000052.png,other chums sniffing the wind and,to t a  .,0.8484848484848485
test_000053.png,offering to drop by for a chat .,ao e ae o s .,0.75
test_000054.png,arrived two hours earlier by appointment,aoe o ae  s .,0.775
test_000055.png,to talk to the author of Borstal Boy and,te  s .,0.875
test_000056.png,"The Hostage about his new work , if any ,",he   e ae ae as .,0.7317073170731707
test_000057.png,and who is now being pluckily convivial,h ae tay .,0.8461538461538461
test_000058.png,"has rung a couple of times , calls from",h ae  te .,0.7948717948717948
test_000059.png,to fight off the frustration . The telephone,a ta tos .,0.8409090909090909
test_000060.png,ALSO present is a London journalist who,ao  .,0.9230769230769231
test_000061.png,the Synoptics can be reasonably solved by paying due regard to the time and,tay .,0.9466666666666667
test_000062.png,"plan and to the different public for which , or against which , the author wrote .",ta y .,0.9390243902439024
test_000063.png,The third article excluded any allegorical interpretation of the Gospel .,tae te as .,0.863013698630137
test_000064.png,The second said that the problems which arise from the comparisons with,tay .,0.9577464788732394
test_000065.png,Fourth Gospel by explanations based on assumed textual dislocations . The,ty .,0.9452054794520548
test_000066.png,There is a whole group of theories which attempt to explain the problems of the,tay .,0.9620253164556962
test_000067.png,"could of the chaos by placing the fragments , or sheets , or pages , in order .", .,0.9873417721518988
test_000068.png,present state of the Gospel is the result of an accident-prone history . The,o n .,0.9342105263157895
test_000069.png,"accidentally damaged . An editor , who was not the author , made what he",ta y .,0.9305555555555556
test_000070.png,"original was written on a roll , or codex , which fell into disorder or was",ta e tay .,0.9066666666666666
test_000071.png,showing that such changes are part of a,a a ae tan s .,0.7435897435897436
test_000072.png,how this enlargement was effected nor has he,a tan .,0.8863636363636364
test_000073.png,The one real weakness of the Commentator's,ta y .,0.9285714285714286
test_000074.png,this is possible it is necessary to examine the,ao  ay .,0.8936170212765957
test_000075.png,"he has not , until now , been able to exhibit exactly",to ta y .,0.8867924528301887
test_000076.png,been able to explain the textual movements by,a   . .,0.9333333333333333
test_000077.png,"case is that , in common with all his colleagues ,",to ta y .,0.86
test_000078.png,text of the Gospel .,to   .,0.8
test_000079.png,simple and coherent plan . To understand how,aoe a  .,0.8409090909090909
test_000080.png,wording . It is not possible to establish any one,aoe ta tan .,0.8163265306122449
test_000081.png,THE Fourth Gospel was almost certainly,to ta  .,0.868421052631579
test_000082.png,Gospel represents the work of generations of,aoy . .,0.9318181818181818
test_000083.png,scholars who have compared the many manu-,ta  t y .,0.8536585365853658
test_000084.png,written in Greek . A modern text of the,aoe ae ta ans .,0.8205128205128205
test_000085.png,which is most likely to have been the original,aoe ae a y .,0.8260869565217391
test_000086.png,text with absolute precision .,ahe a ta ny .,0.8
test_000087.png,scripts of John and worked out the version,aoe ae a tay .,0.8095238095238095
test_000088.png,paragraphos markings were omitted . C. H. Roberts is of,ta y .,0.9272727272727272
test_000089.png,"The bar was the commonest marking , but others",toe a ay .,0.8478260869565217
test_000090.png,"some markings would be used , although which , it is",ah a ae an ta .,0.8461538461538461
test_000091.png,impossible to say .,toy .,0.7368421052631579
test_000092.png,were also used . Dots sometimes served in place of the,a any .,0.9259259259259259
test_000093.png,"bar , and there are cases where spacing is used as",ta  ay . .,0.88
test_000094.png,the opinion that in the original of the Fourth Gospel,tay .,0.9433962264150944
test_000095.png,it is now used to mark a paragraph ending . Frequently,ta ae ta a s .,0.7962962962962963
test_000096.png,the original of the Gospel would be unmarked . The,ay .,0.94
test_000097.png,Professor E. G. Turner is inclined to take the view that,to s .,0.9285714285714286
test_000098.png,about one third of a page of Souter's print .,ah tae tans .,0.7777777777777778
test_000099.png,manuscripts . A common size of column would hold,ta ta tay .,0.9166666666666666
test_000100.png,columns . This is the invariable practice of ancient,toe ay .,0.9038461538461539
test_000101.png,"whether paragraphed or not , would be laid out in",tony .,0.9183673469387755
test_000102.png,"original of the Gospel , whether written on a roll or codex ,",ay .,0.9672131147540983
test_000103.png,a simple and serviceable book . It was robust - the number,ta ae ta s .,0.8275862068965517
test_000104.png,an easy form of book in which to find a,te e a a ae an . .,0.7692307692307693
test_000105.png,reference ., .,0.9090909090909091
test_000106.png,The edge of this sheet was attached to a wooden dowel,h e a a ae . .,0.7924528301886793
test_000107.png,this - and it was easily stored . It had two disadvantages . It,tae ta n .,0.8412698412698413
test_000108.png,and the sheet wound round this central pin . The roll made,tae t a ae s .,0.8275862068965517
test_000109.png,which have survived the centuries is ample evidence of,ae tan . .,0.8703703703703703
test_000110.png,"was generally a single-sided form of book , and it was not",ta a n .,0.896551724137931
test_000111.png,"overwhelmed Herculaneum and Pompeii in A.D. 79 , his",ta ae ta tn n .,0.8269230769230769
test_000112.png,the elder Pliny tells of the use of papyrus in roll-making .,aoe e a ay .,0.8333333333333334
test_000113.png,The other form of book was the codex . In this the,tee a ae ae tay .,0.78
test_000114.png,they are in modern books .,ahe ae t ae aey .,0.5769230769230769
test_000115.png,sheets were bound together down one edge much as,h a ae tae tae e as .,0.75
test_000116.png,information is contemporaneous with the New Testament .,tae ae ta y .,0.8181818181818182
test_000117.png,"ecclesiastical circles . In his Natural History , 13 . 11-12 ,",ta a a n . tns .,0.8064516129032258
test_000118.png,As Pliny was killed in the eruption of Vesuvius which,tae ae a n .,0.8679245283018868
test_000119.png,This last objection might have had some weight in,ah  ta  .,0.8979591836734694
test_000120.png,"the roll , a sheet could easily be glued on .",ae tae ay .,0.8
test_000121.png,whether or not a particular text was written on,to y .,0.9148936170212766
test_000122.png,might be bulky . It is sometimes possible to tell,ah e tan .,0.8775510204081632
test_000123.png,Against these advantages the codex was fragile and,aoe ay .,0.88
test_000124.png,"writing , but any papyrus left unused at the",ao ta ta y .,0.8409090909090909
test_000125.png,a roll or a codex . Rolls were prepared for,tan ae tae ae n .,0.7906976744186046
test_000126.png,end could be cut off . If the text was longer than,ta s .,0.92
test_000127.png,The codex form was not so accommodating . Even,te y .,0.9130434782608695
test_000128.png,while one whole side of his roll was unused .,ae ae ae ae an .,0.7333333333333333
test_000129.png,"over the binding , or the whole codex rebound .",th   s .,0.8936170212765957
test_000130.png,"The verso of the roll was blank , and one",h a a a an an .,0.7073170731707317
test_000131.png,"in the case of the single-sheet quire , an extra",ta ae ta e tay .,0.7708333333333334
test_000132.png,"sending out his Gospel lacking the ending ,",ae a e ae ae s .,0.7674418604651163
test_000133.png,"cannot think of an author , Mark for example ,",ahe ane ae a y .,0.782608695652174
test_000134.png,sheet glued on might have to be gummed on,to a ae tay .,0.7804878048780488
test_000135.png,in it the reservoir ... and I made both the,tae a n ae an . .,0.7674418604651163
test_000136.png,"construction in lines 9 , 23-25 of the Moabite Stone ,",ahe aee an s .,0.8703703703703703
test_000137.png,which read : And I built Baal-meon and made,ahe a ae a an .,0.7674418604651163
test_000138.png,A natural transition from gardens and,the ae ae tae t .,0.7837837837837838
test_000139.png,reservoirs for water inside the town .,a e ta ane .,0.7894736842105263
test_000140.png,the rock . King Mesha of Moab boasts of their,h a ae a n s .,0.8
test_000141.png,supply . The pools are probably natural springs,ahe ta aee tae n s .,0.7446808510638298
test_000142.png,enlarged to become reservoirs or cisterns in,ta e ae an . .,0.8181818181818182
test_000143.png,orchards to the vital question of water,a a a a s .,0.7948717948717948
test_000144.png,"the Shmah , loves the Lord God with",h an a a th. .,0.7428571428571429
test_000145.png,is the Shamir and such a man fulfils,ahe th a ae an .,0.6944444444444444
test_000146.png,"prayer says : "" What am I ? A worm "" , he",ahe ae ae ae e .,0.7560975609756098
test_000147.png,"all his heart , and with all his soul and",he ae ae a t . .,0.7560975609756098
test_000148.png,"word "" SHAMIR "" means guarded or preser-",ahe ae a e n .,0.825
test_000149.png,"ved . Therefore , the real man , who",h ta ae ae ae .,0.7777777777777778
test_000150.png,with all his might and studies the,he ae ae .,0.8235294117647058
test_000151.png,"regards himself as insignificant , as the",ahe ae ae .,0.8048780487804879
test_000152.png,word of God .,aoe o o tay .,0.6153846153846154
test_000153.png,The word Shamir was used as a,he ae ae a an . .,0.6551724137931034
test_000154.png,personal name ( Git. 68a ) . The Hebrew,ae ae ae ta a t .,0.6923076923076923
test_000155.png,us earthly creatures to build an Altar,he ae ae e ae .,0.7631578947368421
test_000156.png,"This man is the worm , the creature that",h e e a ae t .,0.75
test_000157.png,"to mould our character , to melt our",he a a ae ae an .,0.7777777777777778
test_000158.png,Such a Shamir possesses the real acid,ah ae ae ae ta. .,0.7297297297297297
test_000159.png,self against all the irrelevant pleasures .,th ta ae tay .,0.7674418604651163
test_000160.png,for God to come nearer to God .,he a t a ae h s .,0.6451612903225806
test_000161.png,a man is the Shamir that guards him-,te a an e .,0.7777777777777778
test_000162.png,cuts and polishes Altar-Stones . Such,ahe an ae t .,0.7567567567567568
test_000163.png,heart of stone . This Shamir helps,ahe ae ahe .,0.7941176470588235
test_000164.png,facts . And these creatures existed from the,a an a tan . . . .,0.7954545454545454
test_000165.png,"beginning . It is "" the stone , which the builders",ah h ae ta an .,0.86
test_000166.png,"of the corner "" . ( Ps. 118 , 22 . ) And the stone shall",ahe ae a a n n .,0.8035714285714286
test_000167.png,tell !, .,1.0
test_000168.png,The action of the Shamir writes books and their,a a ae tan . . .,0.8085106382978723
test_000169.png,"diamond that incises the hardest rock , the hardest",ahe tae ae ae .,0.7647058823529411
test_000170.png,books are readable . This Shamir is indeed a rare,an ta e n . . .,0.8367346938775511
test_000171.png,"refused , but it is to become the head-stone",aoe a ae ay .,0.8636363636363636
test_000172.png,"crushing our soul "" ( see Hab. 2 , 10-11 ) . And it is",a a a . .,0.8888888888888888
test_000173.png,"Lord , as the waters cover the sea . "" ( Hab. 2 , 14 . )",ah ae ae a ae n s .,0.7321428571428571
test_000174.png,""" For the stone shall cry out of the wall "" , like",h a ae a an a .,0.82
test_000175.png,filled with the knowledge of the Glory of the,ahe h tae ta t . .,0.7555555555555555
test_000176.png,"creak in answer "" "" if the roof of our security is",h a ae an an . .,0.84
test_000177.png,"through the Shamir : "" That the earth shall be",aoe a a tae ae the .,0.6956521739130435
test_000178.png,"Baalam's ass , "" and the purlin of timber shall",aoe a a ae tae t .,0.7446808510638298
test_000179.png,the Light which can be read in every,he n ta ae tae .,0.7222222222222222
test_000180.png,They make us the Altar for God to emit,ah an a tae t e t .,0.6578947368421053
test_000181.png,a deep impression on our feelings and senses .,the tae ae ae t .,0.782608695652174
test_000182.png,"of life , and all facts are "" one "" . We have all",te ae a e a n .,0.7551020408163265
test_000183.png,"most important creature , that was created on",h ta a a n n . .,0.7777777777777778
test_000184.png,"Sabbath , real peace to the whole world .",a ae ta ae as .,0.7317073170731707
test_000185.png,"language . The Shamir is the "" seventh "" and",a a ta a an .,0.7954545454545454
test_000186.png,"which is written on two plates , the hard facts",th ae ae ans .,0.8085106382978723
test_000187.png,"the eve of the Sabbath , to bring the",he a ae a n n .,0.7027027027027027
test_000188.png,"The Shamir's daily life writes the Decalogue ,",he e a a ans .,0.8043478260869565
test_000189.png,come across human Shamirs and they leave,h a tae ta th h t .,0.75
test_000190.png,"diligently unto my commandments , which I command",ae a ae ay .,0.8571428571428571
test_000191.png,"shall come to pass , if 1ye shall 1hearken",ah an ae h tae ny .,0.7857142857142857
test_000192.png,"your soul . "" This may seem very good , but there",ah a ae e ae ann . . .,0.7755102040816326
test_000193.png,is something deficient .,he ta ae a an s .,0.75
test_000194.png,serve Him with all your heart and with all,h t ta  a tae n .,0.7619047619047619
test_000195.png,"you this day , to love the Lord your God , and to",te an ae a a n . .,0.7959183673469388
test_000196.png,"Then the whole earth will be His Altar . "" And it",h  ae a an . .,0.7959183673469388
test_000197.png,"Lord God with all their visionary power ,",ae e te ta as .,0.8048780487804879
test_000198.png,"summons of destiny , to solve the economic",tae ae any .,0.8571428571428571
test_000199.png,the work will have to be done by each,a a a ae .,0.8378378378378378
test_000200.png,mind together we cannot solve the further,aons .,0.9024390243902439
test_000201.png,"Jochai ( Tanis 6a ) "" if Israel does not fulfil",ae ae ae tany .,0.8085106382978723
test_000202.png,"the wish of the Lord , failing to serve the",ta a tan . .,0.813953488372093
test_000203.png,Under such conditions without putting your,ahe a a any .,0.8571428571428571
test_000204.png,problems . Hence says Rabbi Simeon ben,ae ae ae tan e .,0.7368421052631579
test_000205.png,"individual "" .",  .,0.9285714285714286
test_000206.png,"gratify selfish aims , then each man will gather-in",tae ae a a a ann . .,0.7647058823529411
test_000207.png,"for himself only , instead of all to help to gather your",th e a a ae ans .,0.8035714285714286
test_000208.png,"and visionary power is not united , man will remain in his heart",ta  tos .,0.921875
test_000209.png,"They will not work in union . If physical power , spiritual power",aoe ae ae tas .,0.8615384615384616
test_000210.png,"corn , your wine and your oil .",h a a an h . .,0.7096774193548387
test_000211.png,selfish and think only of one's personal advantage to,th ae h tae anny .,0.7924528301886793
test_000212.png,our duty ) . Of course the individual will,te e tae tay .,0.7857142857142857
test_000213.png,"freedom from fear , fear of starvation in the",ae ae a a a s .,0.7777777777777778
test_000214.png,"the yourself is thy greatest enemy , the self-",ta ae tae aey .,0.7608695652173914
test_000215.png,seeking self .,  .,0.9285714285714286
test_000216.png,Freedom from want cannot be fulfilled nor,ae a ae a tan n . .,0.7560975609756098
test_000217.png,coming for the people in need . They will,ae a e a n s .,0.7804878048780488
test_000218.png,"aside , and serve other gods , and worship them "" ,",tae tan y .,0.8431372549019608
test_000219.png,think of the animals first ( which is of course,ae ta n .,0.8936170212765957
test_000220.png,"eat and be full but : "" Take heed to yourself ,",ta  tay .,0.851063829787234
test_000221.png,"that your heart be not deceived , and 1ye turn",h ae a ans .,0.8043478260869565
test_000222.png,midst of plenty . Help will not be easily forth-,aoe an y .,0.8541666666666666
test_000223.png,"good land which the Lord 1giveth you . """,ahe a a ae tan . .,0.75
test_000224.png,"two masters , and you worship self-interest , isolating",he ae a ae tae n .,0.8
test_000225.png,""" And then the Lord's wrath be kindled against you , and he",h a ae ae anes .,0.8135593220338984
test_000226.png,"shut up the heavens , that there is no rain , and that the land",ah ae e tan .,0.8412698412698413
test_000227.png,"yourself , under such conditions the goods are your gods .",te tae a ae an s .,0.7758620689655172
test_000228.png,And you serve Mammon and God . And you cannot serve,a a ta an n . .,0.803921568627451
test_000229.png,yield not her fruit and lest 1ye perish quickly from off the,th a ae a an e. .,0.8333333333333334
test_000230.png,"adds and in your soul , searching your soul .",th ae a a an e s .,0.7333333333333333
test_000231.png,For without the vision to serve the Lord your God with all,ae ae an .,0.9137931034482759
test_000232.png,"up these my words in your heart and in your soul . "" The text",the a a ae n n .,0.7868852459016393
test_000233.png,"the problem of life cannot be solved . "" Therefore shall 1ye lay",ahe a e a ta .,0.84375
test_000234.png,your heart and with all your soul and with all your might,a ae an . . .,0.8421052631578947
test_000235.png,"in the first part of the Shmah , we have first "" and",aoe a as .,0.8269230769230769
test_000236.png,to the children any more diligently and the,tae a ta e. .,0.813953488372093
test_000237.png,"shall teach them to your children . "" And as we have go-",ta y .,0.8928571428571429
test_000238.png,"they may be as frontlets between your eyes . "" First to",h ae ae a an . s .,0.7454545454545455
test_000239.png,them without visionary power .,aoe ae tae tas .,0.7666666666666667
test_000240.png,"to bind them for a sign upon your hand , that",ta ae a ae .,0.8222222222222222
test_000241.png,"ne through the mill , we need not teach them",ta tae tae tas .,0.7727272727272727
test_000242.png,children will grasp now what will befall,aoe th tae ta ae n n .,0.775
test_000243.png,"bind them to have the vision and then "" And 1ye",ae ae tay .,0.8297872340425532
test_000244.png,And the sequence in the text is different than,ao ae a y .,0.8913043478260869
test_000245.png,And they are ( 1 ) Matzo ; ( 2 ) Bitter Herbs ; ( 3 ) Salt-water and,te e ae ay .,0.8529411764705882
test_000246.png,just as there is a message sealed in the four emblems which,aoe a a ay .,0.847457627118644
test_000247.png,back ., .,0.8333333333333334
test_000248.png,And the tsitsits had a message sealed inside the knots,a a .,0.9259259259259259
test_000249.png,Charauses ( a kind of fruit mixture in likeness of the,ta e ay .,0.9074074074074074
test_000250.png,appearance of mortar ) ; and ( 4 ) an attitude to lean,ta  n .,0.9074074074074074
test_000251.png,"are used on Passover , to depict the "" time of our freedom "" .",a ny .,0.9193548387096774
test_000252.png,symbolises the bitterness that is hurled against us .,ta ta n . . .,0.8301886792452831
test_000253.png,"( 1 ) Matzos is deficient bread , ( LECHEM ANJO in Hebrew ) ,",tae ae ae a n n .,0.8360655737704918
test_000254.png,and that God dwells within us .,ahe a tae ta an . . .,0.7096774193548387
test_000255.png,"We eat it . We accept it , to show we have self-control",ae a ae an . .,0.8363636363636363
test_000256.png,to learn . Education is always the most important task .,ta e aen .,0.8392857142857143
test_000257.png,"so are we deficient without spiritual knowledge , and to",ta e n .,0.875
test_000258.png,Education gives : Freedom of Speech . ( 2 ) Bitter Herbs,aoe ta ae ae an .,0.8392857142857143
test_000259.png,cure our mental incapacity we should be willing,ah tae ta an . s .,0.7872340425531915
test_000260.png,"facts "" together and explains them , represents the Oral",th ae n .,0.8571428571428571
test_000261.png,the salt-water at the Seder-Table represents the Covenant of the Torah,ta y .,0.9428571428571428
test_000262.png,Self-control gives us : Freedom to worship God . ( 3 ) Salt Water and Charauses :,to y .,0.9382716049382716
test_000263.png,ourselves and have peace with one-another . And the sweet,ahe ae a .,0.8245614035087719
test_000264.png,"Mortar ( the CHARAUSES in Hebrew ) that binds all the "" hard-",ta  .,0.9508196721311475
test_000265.png,"( MELACH BRITH ELOHECHO in Hebrew , Salt is the covenant of 1thy God ,",to a ny .,0.9142857142857143
test_000266.png,Tradition ., .,0.9090909090909091
test_000267.png,"Levit. 2 , 13 . ) Salt preserves and we should have this salt in",ao y .,0.9375
test_000268.png,11 ) . That gives us freedom from want .,tae ae ae tae n .,0.75
test_000269.png,"meek : "" But the meek shall inherit the earth ; and shall",h ae tae ta ta tns .,0.7719298245614035
test_000270.png,"Living the life of the Torah ( "" dipping-in "" ) makes us",a ae a an . .,0.8571428571428571
test_000271.png,"delight themselves in the abundance of Peace "" ( Psalm 37 ,",ahe  annn . .,0.864406779661017
test_000272.png,"We dip into both , at the Seder . And we want to understand",a  s .,0.9322033898305084
test_000273.png,"more of the Torah and the Oral Tradition , our inheritance .",a e a ae tay .,0.8
test_000274.png,( This is the PARDUS . ) Matzo represents,ah a ae tay .,0.8292682926829268
test_000275.png,Derush ; ( 4 ) Leaning-back represents Saud .,ae ae a s .,0.8222222222222222
test_000276.png,how to live and accept all the bitterness,h ae ae ae a ay .,0.7073170731707317
test_000277.png,and the sweet Mortar in which we dip-in represents,ae tae tae ay .,0.8
test_000278.png,is called : The Feast of Matzos . The,tee a tae a .,0.7567567567567568
test_000279.png,"principle and this gives us "" a wink "" ( Remez )",ae a a ae a s .,0.7916666666666666
test_000280.png,represents Remez ; ( 3 ) Dipping-in represents,ae a ae tany .,0.8695652173913043
test_000281.png,that is hurled against us . The Salt-water,a ae ta a ay .,0.8095238095238095
test_000282.png,the literal meaning of Pesach which,h ae ta an t .,0.7714285714285715
test_000283.png,( 1 ) Matzo represents Peshat ; ( 2 ) Moraur,tae tae ta s .,0.8409090909090909
test_000284.png,Bitter-Herbs represent the spiritual,tae tae tan .,0.8055555555555556
test_000285.png,the richness of the Law and that we should,ahe ae ae a tay .,0.7142857142857143
test_000286.png,"freedoms "" which are Divine . There are four ways of",to ta . s . .,0.8461538461538461
test_000287.png,burdens of Egypt . ( 2 ) I will rid you of their bondage .,aoe o a s .,0.8793103448275862
test_000288.png,redemption : ( 1 ) I will bring you out from under the,tae tae a tay .,0.8888888888888888
test_000289.png,"And we answer , that the Lord our God gave us "" four freedoms """,ta a e n .,0.8888888888888888
test_000290.png,without which Society cannot make progress . And we drink,toe a  .,0.8771929824561403
test_000291.png,""" four cups "" to thank the Lord our God for the "" four",h a a  . .,0.9074074074074074
test_000292.png,burdens of Egypt : How was it that Israel was,aoe e n th tae tas .,0.7555555555555555
test_000293.png,"Because , they kept the Passover and they were",ae ae e e tan . .,0.717391304347826
test_000294.png,people . ( 1 ) I will bring you out from under the,ah ae ae t ae . .,0.86
test_000295.png,( 3 ) I will redeem you . ( 4 ) I will take you to me for a,ta ta ta y .,0.8813559322033898
test_000296.png,was known even to Abraham and Lot .,h e ae ae tay .,0.7428571428571429
test_000297.png,brought out from under the burdens of Egypt ?,ae a  ae tae an y .,0.7555555555555555
test_000298.png,"eating Matzos in Egypt and the "" Feast of Matzos """,a ae ae any .,0.82
test_000299.png,derived little comfort from it .,a an . . .,0.84375
test_000300.png,"James had grown up in Presbyterian Scotland ,",to as .,0.9111111111111111
test_000301.png,The new century opened with James 1 ascending,ta ae tas .,0.8222222222222222
test_000302.png,Book was issued in 1604 but the Puritans,h a ae e e ay .,0.8
test_000303.png,the throne . He was quite prepared to be,ae ae a s .,0.8
test_000304.png,"spoiled that . The Puritans had high hopes , for",ae a ae tans .,0.7708333333333334
test_000305.png,tolerant towards Rome though the Gunpowder Plot,ae ae ae tan . .,0.8085106382978723
test_000306.png,"but those hopes were dashed . True , a new Prayer",a  an s .,0.8979591836734694
test_000307.png,remained . Other changes in the Book were equally,ao ae tae a e th t .,0.7346938775510204
test_000308.png,They objected to the word Confirmation . So the phrase,he a a t .,0.8518518518518519
test_000309.png,' or the laying on of hands upon children baptized and,th h ae a a tas .,0.8148148148148148
test_000310.png,They objected to the word Absolution . So the phrase ' or,tee ta h a tan . .,0.7719298245614035
test_000311.png,the remission of sins ' was added . But Absolution remained .,tee a ae tas .,0.7868852459016393
test_000312.png,added to the Catechism .,aoe a th tay . .,0.5833333333333334
test_000313.png,minor except for the new section on the Sacraments,h ae h ae tas .,0.82
test_000314.png,to the Catechism following ' were added . But Confirmation,th tae tae a ae tas .,0.7586206896551724
test_000315.png,able to render an account of their faith according,te a ae an n .,0.8
test_000316.png,This indicated how ephemeral in the Church had,tas .,0.9347826086956522
test_000317.png,verily and indeed taken and received by the,ton .,0.9302325581395349
test_000318.png,( which was never actually authorized ! ) .,an  .,0.9069767441860465
test_000319.png,"been the mood which produced the Black Rubric , for",ay .,0.9607843137254902
test_000320.png,himself immortal by becoming associated with, .,1.0
test_000321.png,"it says that ' the Body and Blood of Christ , which are",to ae a y .,0.8545454545454545
test_000322.png,faithful in the Lord's Supper . ' It could hardly be more,ta tas .,0.8947368421052632
test_000323.png,a Bible translation - the Authorized Version,toe ta ae a tay .,0.7954545454545454
test_000324.png,"definite . It was at this time , too , that King James made",an tas .,0.8983050847457628
test_000325.png,a deliberate return to the Book of 1549 and,to tae tas .,0.8372093023255814
test_000326.png,In that year Shakespeare had just turned,tae ae ay .,0.775
test_000327.png,just learning to read . James was followed by,th e ae tae a ay .,0.7555555555555555
test_000328.png,before . Bacon was at work and Milton was,ae aee an .,0.8292682926829268
test_000329.png,important Prayer Books in the Anglican,ta ae as .,0.7894736842105263
test_000330.png,"Charles , in whose reign came the Scottish",ae ae ae a tas .,0.7380952380952381
test_000331.png,became the foster mother of some of the most,ao  s .,0.8863636363636364
test_000332.png,Prayer Book in 1637 . Significantly this made,ah ae ae tae a s .,0.8
test_000333.png,forty and had written Hamlet two years,a e ae tae tay .,0.7368421052631579
test_000334.png,Communion ., .,0.9090909090909091
test_000335.png,first public acts was a hard-hitting battle with,ta n . .,0.875
test_000336.png,mutual . But Laud was no Romanizer . One of his,to tae ta ans .,0.7659574468085106
test_000337.png,"the Jesuit , Fisher . But anyone who was friendly",to a tany .,0.8367346938775511
test_000338.png,was necessarily a menace .,th t tas .,0.8076923076923077
test_000339.png,now so much nobler a figure than former historians,tae any .,0.88
test_000340.png,led us to believe . Laud was enthusiastically hated,tae tay .,0.8627450980392157
test_000341.png,"with James and Charles , the Puritans argued ,",th e ae ta any .,0.717391304347826
test_000342.png,"by Calvinists and Puritans , and the sentiment was",tay .,0.94
test_000343.png,"Forever associated with Charles is Archbishop Laud ,",tae e tay .,0.8653846153846154
test_000344.png,Laud made a positive approach . He set out to increase,h n ae ae n s .,0.8148148148148148
test_000345.png,and so was the office of a bishop . Altars should be,ah a n ae a tan .,0.7692307692307693
test_000346.png,table which was handy for the most improbable uses .,h a a ta n . .,0.7884615384615384
test_000347.png,"altars and not any broken down , transportable",ah a a ta ay .,0.8043478260869565
test_000348.png,a sense of reverence . The Prayer Book was to be respected,ahe ae a e a n .,0.8103448275862069
test_000349.png,Or when he found cock-fighting going on in church ?,te e ae ae ta as .,0.8235294117647058
test_000350.png,"to face their fears , to see through them and come out on the",ah ty .,0.9180327868852459
test_000351.png,"by laughing at what are very real fears . As adults , we know",to  s .,0.9180327868852459
test_000352.png,but to a child they are very real . Not that I am suggesting,t tas .,0.9
test_000353.png,that children should be molly-coddled - they must be made,t  y .,0.9298245614035088
test_000354.png,other side as victors .,to   y .,0.8260869565217391
test_000355.png,Even worse is to laugh . Tremendous damage may be done to a child,ta  s .,0.9230769230769231
test_000356.png,"that their fears are groundless , indeed to us they appear laughable ,",a  s .,0.9428571428571428
test_000357.png,it together until the child can see how,ta ae ae a  a .,0.7948717948717948
test_000358.png,"situation is frightening , and then to face",to a  tas .,0.8372093023255814
test_000359.png,unnecessary its fears were .,to  y .,0.8571428571428571
test_000360.png,To ridicule them only pushes them farther,ta ta s .,0.8780487804878049
test_000361.png,reaped at forty or fifty . Far better to,to   s .,0.875
test_000362.png,agree with a child that a particular,to ta  tas .,0.8055555555555556
test_000363.png,the harvest of which may still be being,he   y .,0.8717948717948718
test_000364.png,"into themselves , so that they become",h   a s .,0.8648648648648649
test_000365.png,unable to speak about it to anybody and,ta  s .,0.8974358974358975
test_000366.png,"the seeds of any amount of trouble are sown ,",to  y .,0.8888888888888888
test_000367.png,to some extent against it . To keep a child,te e tae ae n tae tas .,0.7209302325581395
test_000368.png,of twelve or thirteen under the,he ae ta tae an .,0.7096774193548387
test_000369.png,Because situations which may contain,ae tae tae tae ay .,0.7222222222222222
test_000370.png,it is a good idea to condition a child,the ae ae aey .,0.8157894736842105
test_000371.png,"all the elements of fear can arise suddenly ,",th  ae ae tay .,0.7777777777777778
test_000372.png,later chapter there are some situations,ahe ae ae a ay .,0.717948717948718
test_000373.png,which occur less frequently than,ae a a an . h .,0.8125
test_000374.png,is unwise . As I shall suggest in a,te ae tae tan s .,0.7714285714285715
test_000375.png,impression that nothing nasty ever,ae tae a an n .,0.7352941176470589
test_000376.png,"happens is not merely dishonest , it",ae ae tan . . .,0.7777777777777778
test_000377.png,frightening possibilities and yet by facing,ta  a s .,0.8837209302325582
test_000378.png,"finally defeat us . More than that , that God",ta ta a s .,0.8222222222222222
test_000379.png,In Gethsemane He prayed that the cup,t  e .,0.8888888888888888
test_000380.png,"lives and that the nearer we get to Him ,",a e s .,0.8780487804878049
test_000381.png,them and knowing God is with us and,ah  ta s .,0.8285714285714286
test_000382.png,the way to face life . To see all the latent,a a h s .,0.8409090909090909
test_000383.png,"that , with Him , there is nothing that can",oh ae te ae ta s .,0.7674418604651163
test_000384.png,the stronger we become .,th  y .,0.7916666666666666
test_000385.png,has something important to do with our,ta y .,0.8947368421052632
test_000386.png,should pass from Him . Jesus shows us,to ae tae h tae s . .,0.7297297297297297
test_000387.png,do for the world Using my hand .,h a ae ae ae as .,0.71875
test_000388.png,"Because of the plan That God , Who",ae a ae tae ta an .,0.6764705882352942
test_000389.png,"my hand ; That my hand is big Big ,",h ae ae a an n .,0.7142857142857143
test_000390.png,... Today A wonderful thought In the,ae a ae as .,0.8333333333333334
test_000391.png,"dwells in my hand , Knows this",ae a ae an .,0.7666666666666667
test_000392.png,Was this : That a secret plan Is hid in,a ta e tan . .,0.717948717948718
test_000393.png,dawn was given ... And the thought,a ae e any .,0.7647058823529411
test_000394.png,"secret plan , Of the things He will",aoe ae a e a n .,0.7428571428571429
test_000395.png,"Toyohiko Kagawa . Loving Saviour , who experienced",ahe tae tae ae a tay .,0.82
test_000396.png,"seen to be allies and not enemies and that ,",ah ta a . .,0.8409090909090909
test_000397.png,"nature knows better than we do , what it is to",toe ta ae ae ta an n . .,0.6956521739130435
test_000398.png,we are with Thee .,ah tae ae ay .,0.6666666666666666
test_000399.png,"come what may , we are never alone when",ah tae ae tae tae h .,0.6666666666666666
test_000400.png,"be really afraid , help us to know that when",th e ae ta ae ta s .,0.7272727272727273
test_000401.png,"we face life boldly , many of the shadows are",aoe a a ae an an . . .,0.7555555555555555
test_000402.png,"all human emotion , and whose sensitive",te e ae ae ae tans .,0.7435897435897436
test_000403.png,only a disturbed tossing and turning,aons .,0.8888888888888888
test_000404.png,which causes them to wake feeling worse,to y .,0.8974358974358975
test_000405.png,"conditions , work themselves to a standstill .",toy .,0.9130434782608695
test_000406.png,"To others , the long hours of the night bring",ta tan s .,0.8444444444444444
test_000407.png,than when they went to bed . We may begin,ahe ae a ae ay .,0.7073170731707317
test_000408.png,"the mind . Very few people , under normal",ta ae any .,0.8536585365853658
test_000409.png,to understand this a little better when we,tay .,0.9285714285714286
test_000410.png,realize that tiredness itself is largely in,ta a tany .,0.813953488372093
test_000411.png,"journey which , an hour before , she would",a ay .,0.9285714285714286
test_000412.png,The mind tires first and conveys the impression,toy .,0.9148936170212766
test_000413.png,a mother has news late at night that her,tae an .,0.825
test_000414.png,child is in danger . She will undertake a,ta tay .,0.8780487804878049
test_000415.png,of tiredness to the body . This can be proved by,ta tan .,0.875
test_000416.png,have declared impossible .,ao  y .,0.8461538461538461
test_000417.png,body who feels thoroughly tired . Suppose,tae a ay .,0.8780487804878049
test_000418.png,noting the effect of a new stimulus on some-,ay .,0.9545454545454546
test_000419.png,bring on an almost immediate feeling of,to  y .,0.9230769230769231
test_000420.png,tiredness - such as when your wife mentions,ta  s .,0.9069767441860465
test_000421.png,veritable surge of energy . Many a girl who,tae ae ae as .,0.7674418604651163
test_000422.png,"the washing-up - while others , if they",te   tas .,0.8461538461538461
test_000423.png,"refer to something you like doing , bring a",oh y .,0.8837209302325582
test_000424.png,up with no apparent tiredness at all when,ao e  s .,0.8536585365853658
test_000425.png,is ' too tired to help mum ' will later jump,toe te ta s .,0.7954545454545454
test_000426.png,her boy friend calls and go for a long walk .,ta  ta s .,0.8666666666666667
test_000427.png,"Even more simply , test your own reactions",toy .,0.9285714285714286
test_000428.png,to different situations . There are some which,to   s .,0.8695652173913043
test_000429.png,"if the cause of our pain is too deep seated ,",te tae ae a a e s .,0.6888888888888889
test_000430.png,Any mental confusion can cause this and,h ae a ta tae e .,0.7435897435897436
test_000431.png,the best way is probably to seek advice .,a a a tae t . .,0.7560975609756098
test_000432.png,a burden to their families and their friends .,aoe aee a a tay .,0.7391304347826086
test_000433.png,"so we are unable to cure our own minds ,",tae ae tae tay .,0.75
test_000434.png,involving careful and patient treatment .,tae ae ae ae tay .,0.6829268292682927
test_000435.png,As we are unable to cure our own bodies,ae e ae e an n .,0.6923076923076923
test_000436.png,They drag themselves around and can become,h a ta e a n .,0.7380952380952381
test_000437.png,if the trouble is a complicated one,tae ae an .,0.8
test_000438.png,"inability to deal with life , especially under",aoy .,0.9130434782608695
test_000439.png,and is in fact no differently regarded than,aoy .,0.9069767441860465
test_000440.png,the diverse pattern which is the twentieth,an y .,0.9047619047619048
test_000441.png,"of the mind is no longer feared or shunned ,",tay .,0.9318181818181818
test_000442.png,One of the greatest steps forward that has been,ay .,0.9574468085106383
test_000443.png,great deal of tiredness which comes from,as .,0.925
test_000444.png,no major complication but results from an,tos .,0.9024390243902439
test_000445.png,century ., .,0.8888888888888888
test_000446.png,"physical illness . There is , nevertheless , a",a n s .,0.8695652173913043
test_000447.png,made this century is the way in which illness,tay .,0.9111111111111111
test_000448.png,"In the days when most people were born ,",to  y .,0.9
test_000449.png,"months , even a Prime Minister could go to",to   y .,0.9047619047619048
test_000450.png,"be happening at the other end of England ,",t  tae ay .,0.8333333333333334
test_000451.png,"from America weeks , from the Far East ,",to     .,0.95
test_000452.png,sleep in blissful ignorance of what might,oh ta ta y .,0.8780487804878049
test_000453.png,"the village , it was not difficult for anybody",to   s .,0.9130434782608695
test_000454.png,held a high and responsible office lived in,a s .,0.9069767441860465
test_000455.png,"When news from the Continent took days ,",th   s .,0.875
test_000456.png,far greater simplicity than their successors .,ta  a y .,0.8478260869565217
test_000457.png,to live a day at a time . Even those who,to s .,0.875
test_000458.png,lived and died within the boundaries of,to  e y .,0.8717948717948718
test_000459.png,that it taxes the mind . Two hundred,aon ae a ee ae y .,0.75
test_000460.png,thirty even sixty miles from his,ae tae ae ae ae t .,0.78125
test_000461.png,"years ago , men lived and worked",ae e a tae a tans .,0.71875
test_000462.png,"In other ways , too , life for the ordinary",te e ae a ae ae n .,0.7441860465116279
test_000463.png,work . The only connexion is the,ae a ae ta ae n .,0.75
test_000464.png,"piece . Now a man may live twenty ,",ahe tae a ae ae tay .,0.6285714285714286
test_000465.png,individual has become so complex,ae e a ae ans .,0.8125
test_000466.png,travel day by day .,tae tae tae tay .,0.47368421052631576
test_000467.png,"in one place , their lives were of one",tae ae ae aens .,0.7631578947368421
test_000468.png,pipeline of the railway on which they,a ae ae an e .,0.7837837837837838
test_000469.png,"In many cases , their homes know little of",tany .,0.9047619047619048
test_000470.png,their place of work and their associates at,ay .,0.9534883720930233
test_000471.png,are possibly like in the surroundings of their,ans .,0.9130434782608695
test_000472.png,a ' double ' life without ever deliberately,tas .,0.9534883720930233
test_000473.png,of what is going on . It is easier to live life in,ta tay .,0.9
test_000474.png,"compartments but over the years it builds up ,",aoy .,0.9130434782608695
test_000475.png,"homes . It is easy , desperately easy , to lead",toe a ay .,0.8297872340425532
test_000476.png,the office or works wonder what they,tan .,0.9166666666666666
test_000477.png,and to do so inevitably builds up tensions which,to as .,0.875
test_000478.png,need to be handled correctly .,tany .,0.8
test_000479.png,planning to do so or in fact being conscious,to ay .,0.8863636363636364
test_000480.png,"as fully as possible , without having our energy sapped by un-",to  ta as .,0.8870967741935484
test_000481.png,We have a saying ' My head will never save my feet ' . Time, y .,0.9491525423728814
test_000482.png,necessary weariness . ( a ) Order makes for a decrease in tiredness .,to  s .,0.927536231884058
test_000483.png,Can we then frame some ' rules ' which may enable us to live life,tay .,0.9384615384615385
test_000484.png,upstairs or down to the shops .,a t  ta n .,0.7419354838709677
test_000485.png,after time we forget something and have to go back,he o ta s .,0.84
test_000486.png,write out all the necessary jobs waiting to,any .,0.9069767441860465
test_000487.png,The business man would find that he reached,tay .,0.9302325581395349
test_000488.png,rather than getting from one thing to the next .,ay .,0.9375
test_000489.png,"be done and then work quietly through them ,",toy .,0.9090909090909091
test_000490.png,thing else . If we would only sit down and,ao tany .,0.9047619047619048
test_000491.png,The housewife would find life far less tiring,ah ny .,0.9111111111111111
test_000492.png,the end of the day with far less strain if,a y .,0.9285714285714286
test_000493.png,"if she made a list , followed a routine of work",tay .,0.9361702127659575
test_000494.png,we would find life considerably less exhausting,tay .,0.9361702127659575
test_000495.png,aimlessly along is more wearying than any-,any .,0.9047619047619048
test_000496.png,he was a little more systematic . To drift,ta any .,0.8571428571428571
test_000497.png,I am more than conscious of this . How anybody,tae a ta a ae ay .,0.7608695652173914
test_000498.png,out for forty years I find difficult to understand .,tae ae ae an s .,0.8076923076923077
test_000499.png,commerce may be kept going - though if ever,a a a an n . .,0.813953488372093
test_000500.png,of ' staggered ' hours it may do an immense,te e tae ae s .,0.7906976744186046
test_000501.png,it becomes possible to work out a system,te e ae ae tans .,0.75
test_000502.png,amount of good over and above relieving,aoe a h th tae tay .,0.7692307692307693
test_000503.png,the pressure on over-crowded trains .,h ae a a as .,0.7297297297297297
test_000504.png,can go through the same routine day in and day,tae tae a an .,0.7391304347826086
test_000505.png,A lot of it is inevitable so that industry and,a ae a an .,0.8260869565217391
test_000506.png,ago to hear of a school who tried a six-,ae s .,0.875
test_000507.png,and I was interested some little while,ao  y .,0.8947368421052632
test_000508.png,for this . I know how much of a drag it can be,ae tany .,0.8913043478260869
test_000509.png,hardly like to add further to the dullness,toy .,0.9285714285714286
test_000510.png,"in a predetermined groove , I would",ta y .,0.9142857142857143
test_000511.png,which it engenders . But I am not arguing,tae ae ae a any .,0.7804878048780488
test_000512.png,day timetable .,o y .,0.8
test_000513.png,"As it is , with so much of our life already",to y .,0.9069767441860465
test_000514.png,"to five of the timetable , the following",ae a ae h ans .,0.8
test_000515.png,knowing exactly what the subject,ahe e ae e tans .,0.78125
test_000516.png,started day one again and so on .,ae ae ta a ae ns .,0.6060606060606061
test_000517.png,By this means they avoided each,h e ae a an .,0.7419354838709677
test_000518.png,Monday was day six and Tuesday,a h an a ay .,0.7333333333333333
test_000519.png,3 p.m. .,  .,0.875
test_000520.png,"They only worked , of course , a five-",ahe an a a ns .,0.7631578947368421
test_000521.png,week being the same with a pupil,ahe ae a a an .,0.71875
test_000522.png,Monday to Friday were days one,an ae ta an t .,0.7333333333333333
test_000523.png,day week so that in the first week,ah an ae ae e tay .,0.7352941176470589
test_000524.png,would be on Friday afternoon at,ae ae tan t .,0.7741935483870968
test_000525.png,sympathy with the young wife,ae tae a ta an .,0.75
test_000526.png,day of the timetable it was - but,h t a ta an .,0.7575757575757576
test_000527.png,To have order does not mean getting,the ae ae e tae ns .,0.7142857142857143
test_000528.png,"It was a little complicated to work ,",the aee ta n s .,0.7567567567567568
test_000529.png,and kept everybody on their toes .,ah a a a tae n .,0.7058823529411765
test_000530.png,"of course , and there had to be a big",th tae tae n .,0.7567567567567568
test_000531.png,who does not always want to do,ahe ae a ae an tas .,0.6333333333333333
test_000532.png,it added immensely to the interest,te ae tae ae ay .,0.7647058823529411
test_000533.png,notice in the entrance saying which,ae n ae ta as .,0.6857142857142857
test_000534.png,into a dull routine . I have great,ahe ae ta ae tas .,0.7647058823529411
test_000535.png,the washing on a Monday .,ah ta o tay .,0.6
test_000536.png,"do , note the order in which they can most conveniently be",th  y .,0.9137931034482759
test_000537.png,the early closing day ) .,h   y .,0.8
test_000538.png,"- you must , for example , do your shopping on the morning of",to    .,0.9508196721311475
test_000539.png,"I would not want to either , but if she wants to get through",th   .,0.95
test_000540.png,sit down quietly and make a list of everything she has got to,ta y .,0.9180327868852459
test_000541.png,done ( or must be done because of other predetermined factors,h  .,0.9672131147540983
test_000542.png,"the day without becoming exhausted , she will be well advised to",o    .,0.96875
test_000543.png,thing at a time . A list or a plan enables us to,ta tay .,0.875
test_000544.png,matter on hand .,to y .,0.6875
test_000545.png,of mind ensues . ( b ) Concentrate on one,tan tay .,0.8780487804878049
test_000546.png,put all our energies into the particular,to any .,0.875
test_000547.png,"She will , in fact , be surprised at what peace",tay .,0.9361702127659575
test_000548.png,"too , are necessary , but a careful examination",ta any .,0.8723404255319149
test_000549.png,elsewhere ., .,0.9090909090909091
test_000550.png,the comment of Rami bar Rabh is quoted,ta ee ae ae tay .,0.7368421052631579
test_000551.png,"( Actually , the Mishnah quotes two further proof",tae tae ae ans .,0.7959183673469388
test_000552.png,of that passage makes it clear that these are,tae ae tae tn .,0.7333333333333333
test_000553.png,not quoted here because they are not,a a tae ae . .,0.75
test_000554.png,"texts and the Gemara explains why these ,",tae a a s .,0.7560975609756098
test_000555.png,necessary to prove the point made by,ta ta tn . .,0.7777777777777778
test_000556.png,"R. Joshua b. Levi . ) Finally , we note that",tae ae tan .,0.8409090909090909
test_000557.png,with the comment given by Samuel .,ah ae ae a aey .,0.6764705882352942
test_000558.png,R. Joshua b. Levi . The proof text for the,ta  a ae a y .,0.8333333333333334
test_000559.png,reading of the Book of Esther is quoted,aoe ay .,0.8717948717948718
test_000560.png,The sugya is built around the saying of,ane ae a n . .,0.7948717948717948
test_000561.png,we have a good illustration of how a,ta e a tay .,0.7777777777777778
test_000562.png,already in the hands of the Redactors .,toe y .,0.8461538461538461
test_000563.png,sugya has been fashioned from material,ae ae ae a tay .,0.7631578947368421
test_000564.png,"From the above it follows that here , once again ,",h a a ae ay .,0.8
test_000565.png,because the Mishnah deals with the,t .,0.9411764705882353
test_000566.png,( This is probably to be understood as a well-,any .,0.9347826086956522
test_000567.png,Levi's thesis ! ) The proof text of greeting by,ah ae ta an s .,0.8297872340425532
test_000568.png,the divine Name is taken from the Mishnah .,ta  ay .,0.8604651162790697
test_000569.png,actual practice of greeting by the divine,ta a e an .,0.8048780487804879
test_000570.png,texts to support the thesis of R. Joshua b. Levi .,ta a ay .,0.88
test_000571.png,There is no reference to the Mishnah here,aoy .,0.9512195121951219
test_000572.png,known comment on the verse ; quoted by,ae tae ae any .,0.7894736842105263
test_000573.png,by the Gemara in support of R. Joshua b.,ta  n . .,0.8
test_000574.png,Name and the Gemara here quotes the,a ae tae n .,0.7428571428571429
test_000575.png,Samuel in support of his thesis and quoted,aoe ta ay .,0.8333333333333334
test_000576.png,need for the text of the angel are quoted,h tae ay .,0.8048780487804879
test_000577.png,quoted in the discussion on the Mishnah .,ae a ae ny .,0.8048780487804879
test_000578.png,The question and answer with regard to the,tae tans .,0.8333333333333334
test_000579.png,answer or that our sugya is quoting from,toe a ae an y .,0.8
test_000580.png,four texts quoted in the Mishnah .,h ae  e tay .,0.7352941176470589
test_000581.png,quoting a well-known question and,ae a  n .,0.8484848484848485
test_000582.png,here in the same words in which they are,h ae tans .,0.825
test_000583.png,This can either mean that both sugyas are,tae ay .,0.8536585365853658
test_000584.png,the longer sugya which deals with all,tae ta a n .,0.7837837837837838
test_000585.png,expression appears to have been framed in,ta n .,0.8780487804878049
test_000586.png,Or it is possible that our sugya contains the,ta tans .,0.8222222222222222
test_000587.png,accord but there was no approval of his action,tony .,0.9347826086956522
test_000588.png,original question and answer and this is quoted,ta aey .,0.8723404255319149
test_000589.png,"response to the particular point at issue here ,",tae a ae s .,0.8125
test_000590.png,in Heaven ' in both sugyoth . Such an,ta ae ta tae .,0.7837837837837838
test_000591.png,use of the expression : ' Boaz did it of his own,ae ae as .,0.8541666666666666
test_000592.png,in the decision of the human court . ),ahe ta ta an . .,0.7105263157894737
test_000593.png,in the other sugya . ( This can be supported by the,toe tany .,0.8431372549019608
test_000594.png,whether the Heavenly Court concurred,tae ta a e tany .,0.7222222222222222
test_000595.png,to the discussion but because it was,ta e ay .,0.8333333333333334
test_000596.png,invariably quoted whenever the verse,tae ae tae tas .,0.7777777777777778
test_000597.png,part of the verse .,to o t  .,0.6842105263157895
test_000598.png,is then quoted and the interpretation of the,ahe ae ans .,0.7954545454545454
test_000599.png,latter part of the verse by Rami bar Rabh,ane ae ae a n .,0.7317073170731707
test_000600.png,"is added , not because this is at all relevant",ao y .,0.9130434782608695
test_000601.png,become so well known that it was,aoe e ae tas .,0.71875
test_000602.png,The proof text of bringing the tithe to the Temple,ta ae any .,0.9
test_000603.png,a familiar interpretation which had,toe n tae ta n .,0.8285714285714286
test_000604.png,"itself was quoted , almost as if it were a",ao tay . .,0.8333333333333334
test_000605.png,deals with a similar theme .,ao ta  y .,0.75
test_000606.png,and the court of Solomon . ' The place of this,ae ans .,0.8913043478260869
test_000607.png,on the saying of R. Joshua b. Levi which,ta e tay .,0.825
test_000608.png,' The Holy Spirit manifested itself in three places :,toe ae ay .,0.8679245283018868
test_000609.png,The Gemara continues with a saying of the,ta a n .,0.8536585365853658
test_000610.png,"Palestinian teacher , R. Eleazar ( 3rd Cent. ) :",tae a ann y .,0.8125
test_000611.png,"the court of Shem , the court of Samuel of Ramah ,",a ae tay .,0.88
test_000612.png,"saying here is obvious , it follows naturally",tae a ae tay .,0.8444444444444444
test_000613.png,"complete with heavy crochet antimacassars , mantel-",to s .,0.9019607843137255
test_000614.png,One can remember with horror the pictures of the,ty .,0.9583333333333334
test_000615.png,"trends . Crochet today has a variety of uses , and",th ta a tas .,0.78
test_000616.png,after the Victorian period that designers realised,th  s .,0.9
test_000617.png,has even stepped into the field of high fashion .,ta a s .,0.8775510204081632
test_000618.png,piece covers with a fringing of clumsy bobbles and,ta tas .,0.9
test_000619.png,"the potentialities of the craft , and crochet was",ta a .,0.8979591836734694
test_000620.png,revived with designs suitable for contemporary,aoe ta ae tay .,0.8043478260869565
test_000621.png,overcrowded and over-embellished drawing-rooms,ta tas .,0.9130434782608695
test_000622.png,numerous other crocheted pieces . It was some years,ta ta y .,0.8823529411764706
test_000623.png,This could hardly happen without the,h ae a a an . .,0.75
test_000624.png,herring having some orientation with the,aoe ta ta tan . n . .,0.775
test_000625.png,the ground as well as in midwater and,te  a a . .,0.7837837837837838
test_000626.png,during the swim ( the swim at East Anglia,ae ae ae  ta s .,0.7804878048780488
test_000627.png,the herring must continue to migrate over,ta ta ta e an . .,0.8048780487804879
test_000628.png,is always from the north ) .,h ae tae tae tany .,0.6428571428571429
test_000629.png,"is caused during the daytime , and that",ta ta a ta n t . t .,0.7435897435897436
test_000630.png,sea bottom . It means that the crowding,h ne ae ae t any .,0.7948717948717948
test_000631.png,"helped and hindered by water flow ,",aoe a ae a tan s .,0.7142857142857143
test_000632.png,great fisheries that depend on them :,aee ae a tay .,0.7297297297297297
test_000633.png,Thus we can see that herring,ah ae ae tae tans .,0.6428571428571429
test_000634.png,the herring spawn along the northern,h aee ae ae a any .,0.75
test_000635.png,the Fladen Ground ( where again most big,he ae ae tae ae aeny .,0.7
test_000636.png,"shots are taken on the edges ) , the Gut ,",ahe ae ae tany .,0.7619047619047619
test_000637.png,"instinctive perhaps , and certainly",tae ae ae tany .,0.7428571428571429
test_000638.png,"movements , although primarily",ae tae tany .,0.8333333333333334
test_000639.png,are also closely related to the sea-bed,th e ae aee ae any .,0.7435897435897436
test_000640.png,"geography . Geography , too , names the",ae a ae a tan .,0.7692307692307693
test_000641.png,a deep-water channel to the Dogger where,tae tae e taas .,0.775
test_000642.png,Their descent stops at the end of the light pressure . But,  s . .,0.9310344827586207
test_000643.png,gravelly soil of these many roughs where the spring-,ah o    s .,0.8846153846153846
test_000644.png,spawning herring are always found .,ta tae ae ta as .,0.7142857142857143
test_000645.png,their optimum depth ; and this coincides with the suitable,te  ta y .,0.8793103448275862
test_000646.png,"they migrate easterly to the Norwegian side , or westerly , until",a  y .,0.9384615384615385
test_000647.png,in the shallower water the mile wide layers disappear from the,an s .,0.9354838709677419
test_000648.png,echo-sounders . Bottom crowding comes when they cannot reach,to    .,0.95
test_000649.png,In this 200-fathom trench the herring do not touch the bottom .,t .,0.9523809523809523
test_000650.png,miles farther south before they,aoe ae a ta an .,0.7419354838709677
test_000651.png,The joint evidence of echo-sounders,ae tae ae tay .,0.8285714285714286
test_000652.png,going to travel a hundred,an ae tan s .,0.72
test_000653.png,shoals that gather at the Knoll or,a ta n an . .,0.7352941176470589
test_000654.png,other banks are most of them,aoe a e a e an .,0.7142857142857143
test_000655.png,"Drift Effects . At East Anglia , for instance ,",ah ae a ae ae a as .,0.7659574468085106
test_000656.png,spawn . Some will spawn at the,ae tae ta ae n .,0.7333333333333333
test_000657.png,though somewhat dim picture .,tae ae ta any .,0.7586206896551724
test_000658.png,and fishing gear leads to an overall,h aee a tae tay .,0.75
test_000659.png,The details are harder still to see .,h ae ae tae ae tany .,0.6216216216216216
test_000660.png,accidental . Being contranatant or against,tae tae tae ay .,0.7619047619047619
test_000661.png,So the arrival of any particular shoal,tae tae ae ae an .,0.7368421052631579
test_000662.png,"that find it if enough are travelling , just as",h a an e n .,0.8085106382978723
test_000663.png,"the drift , it probably has a survival value",th  ae e a a s .,0.75
test_000664.png,be accidental . Yet there will always be some,te e a ae ae as .,0.7333333333333333
test_000665.png,fish at a certain spawning ground may,h a a tan .,0.7297297297297297
test_000666.png,in ensuring that the fry after hatching,te ae ae t h tay .,0.7435897435897436
test_000667.png,are drifted back into the normal home,h ae e ta ae h .,0.7567567567567568
test_000668.png,only one among thousands who do not .,ah t ae tae ae tos .,0.7027027027027027
test_000669.png,the robin who gets back exactly may be,te n ae a e tae t .,0.6578947368421053
test_000670.png,But this southerly migration is not,h a a ae n .,0.8
test_000671.png,water that is blown offshore must,ahe ae ae a tns .,0.7272727272727273
test_000672.png,are well known to bring good,h ae a ah ae tas .,0.7857142857142857
test_000673.png,Drift in another form probably,ahe ae an . .,0.8
test_000674.png,be replaced by an underflow bringing,tae ae ae ans .,0.7777777777777778
test_000675.png,explains how these migrating herring,ae ae ae a ae tas .,0.8055555555555556
test_000676.png,different winds . Strong westerlies,ta e ae tany .,0.8285714285714286
test_000677.png,and Suffolk beaches .,aoe a tas .,0.6666666666666666
test_000678.png,longshore fishings . The surface,ae ae ae a ans .,0.8125
test_000679.png,are biased to east or west by the,a a a a ne . .,0.696969696969697
test_000680.png,with it the herring to the Norfolk,ah ae ae a an s .,0.7647058823529411
test_000681.png,"course - one breeze will not do it ,",an ae ae tae an . .,0.75
test_000682.png,but quite apart from this wind effect,ae ae ae a tay .,0.7837837837837838
test_000683.png,"often start off the "" local "" herring ;",ahe ae a ae tae tany .,0.717948717948718
test_000684.png,there is an easterly drift special,ae ae ae ae any .,0.7352941176470589
test_000685.png,"Easterly winds , on the other hand ,",ae aee tae e ae toy .,0.7222222222222222
test_000686.png,recent years have shown . A succession,ahe tae ae te ay .,0.7631578947368421
test_000687.png,the meeting of water from north and south .,tae ae a tans .,0.6976744186046512
test_000688.png,"mean no herring along the shore , as",ahe tae ae o tay .,0.75
test_000689.png,"to this rump of coastline , caused by",he ta ta tan . . .,0.7567567567567568
test_000690.png,though a very hard westerly will,aoe ae ae tan tay .,0.6875
test_000691.png,of winds is needed for this effect of,th e ae a tan s .,0.7837837837837838
test_000692.png,"works , it may well be that this outset , akin",ao ay .,0.8913043478260869
test_000693.png,Knoll . Without an explanation of how it,aony .,0.9
test_000694.png,"Herring fishermen call this "" the outset "" . It",a y . .,0.8936170212765957
test_000695.png,"wind you will "" set "" out - or drift to the east-",ay .,0.9591836734693877
test_000696.png,"ward , the length of half a fleet of nets -",ao y .,0.9069767441860465
test_000697.png,"is strongest at spring tides , when without",ty .,0.9534883720930233
test_000698.png,almost a mile on every tide at the Smith's,tany .,0.8809523809523809
test_000699.png,been the biggest factor through the ages,toe a ay .,0.85
test_000700.png,in the constancy of this great herring fishery .,tany .,0.875
test_000701.png,"to the mouth of a great salmon river , has",ae a aey .,0.8333333333333334
test_000702.png,( Just how the seine ropes do this is not yet proved ; it may, .,1.0
test_000703.png,"to overcome its effect , very few fish would be caught .",to ae ta e s .,0.7857142857142857
test_000704.png,through or along the bottom . ) But given such a bow,ao   s .,0.9038461538461539
test_000705.png,"sand ; or even in the case of flat fish , by vibrations",a   s .,0.9272727272727272
test_000706.png,"wave of disturbance , it is obvious that without something",an ae ta e ae n .,0.8103448275862069
test_000707.png,"be by actual contact , or by sight reaction to the disturbed",to   s .,0.9166666666666666
test_000708.png,aware of the moving footrope before,aoe ae a an tas .,0.7428571428571429
test_000709.png,appear to be the simplest case -,ae a ae n s .,0.71875
test_000710.png,"they become ( 1 ) tired , or ( 2 ) more used",h ae ae ans .,0.8409090909090909
test_000711.png,Let us consider first what would,th aee ae tae any .,0.78125
test_000712.png,The evidence suggest that the fish are,ae ae a tans .,0.7631578947368421
test_000713.png,to the disturbance .,a y .,0.85
test_000714.png,that of flat fish on the bottom .,ahe aee ae a ae ans .,0.7272727272727273
test_000715.png,"it , swimming at the same speed",te ae ae an tany .,0.7419354838709677
test_000716.png,it reaches them . They move away before,te ae an ae a n .,0.7435897435897436
test_000717.png,"for an unknown period of time , until",he ae ae a ae an .,0.7567567567567568
test_000718.png,"sea-bed , though the footrope in this case",ta ny .,0.9047619047619048
test_000719.png,indeed passing over some fish .,any .,0.8709677419354839
test_000720.png,"the footrope , and presumably out of its",aons .,0.9
test_000721.png,that the wave might be transmitted by the,tay .,0.9024390243902439
test_000722.png,the seine-net film this usually seemed to,to ny .,0.8780487804878049
test_000723.png,happen just after the fish had risen above,ay .,0.9523809523809523
test_000724.png,was actually just off the bottom and was,as .,0.925
test_000725.png,"field of disturbance , or bow wave . This suggests",ta ay .,0.88
test_000726.png,Then they stop swimming and are caught . In,tan .,0.8837209302325582
test_000727.png,Cover in the fast-moving trawl is considered,aoe ae a s .,0.7954545454545454
test_000728.png,reaction to disturbance would be upwards .,aoy .,0.9047619047619048
test_000729.png,would seem to be even more essential ;,to  y .,0.8947368421052632
test_000730.png,And in this film the rise of the fish was,ao s .,0.9024390243902439
test_000731.png,essential to catch round fish whose,to y .,0.8857142857142857
test_000732.png,"fish like haddock , which would hardly",th a e aay .,0.8421052631578947
test_000733.png,but more films are needed to prove this .,ay .,0.926829268292683
test_000734.png,"small , a matter of a foot or two . With round",tay .,0.9130434782608695
test_000735.png,"find safety on the bottom , this cover",tay .,0.9210526315789473
test_000736.png,Actually the seine net has little or no cover .,tae any .,0.8297872340425532
test_000737.png,"They also had to cope with the usual flood of rumours , so-",a t s .,0.8983050847457628
test_000738.png,"in which she had died , there was nothing on",a  an . . .,0.8863636363636364
test_000739.png,the victim and inspecting at Waterloo the carriage,ahn .,0.94
test_000740.png,adjourned .,o  .,0.7272727272727273
test_000741.png,"the Thursday evening , with blood actually dripping from",ahe ae an s .,0.8392857142857143
test_000742.png,"his hands . The inquest was opened on February 17 , but ,",ae a  tan .,0.8771929824561403
test_000743.png,man had been seen fleeing from Vauxhall station on,an . .,0.92
test_000744.png,"me well meant , some mischievous , including one that a",a ann n s .,0.8545454545454545
test_000745.png,beyond the jury hearing a formal identification of,a ae an .,0.86
test_000746.png,"which to proceed , and the inquest was",th a a  tae .,0.7894736842105263
test_000747.png,Day by day the police followed up likely and even unlikely,a a .,0.9310344827586207
test_000748.png,a detailed account of his movements on the 11th . The dead,a n s .,0.8793103448275862
test_000749.png,named Brown .,ta y .,0.6923076923076923
test_000750.png,trails . It was learned that Elizabeth Camp had been lending,ae s .,0.9333333333333333
test_000751.png,woman had been engaged once before - to a barman,a ae tae ny .,0.7916666666666666
test_000752.png,"money to her relatives , and her brother-in-law was asked for",a e an s .,0.8688524590163934
test_000753.png,money . All the while the police were casting about,ahe a a a a an s .,0.803921568627451
test_000754.png,"as a man of about thirty , of medium height , with",th a a ae ae an .,0.8
test_000755.png,This man agreed that his engagement had,th t ae ae an . .,0.717948717948718
test_000756.png,and a top-hat .,aoe oe tay .,0.6
test_000757.png,at Wandsworth . A passenger described this individual,tae ae ae an .,0.8301886792452831
test_000758.png,"a dark moustache , and wearing a frockcoat",tae tae a tany .,0.7380952380952381
test_000759.png,for a man who had been seen leaving the train,he a ae e aen . .,0.7333333333333333
test_000760.png,"tiff , but denied that he owed Miss Camp any",h ae ta ae ae t . .,0.7272727272727273
test_000761.png,been broken off after one particular,h a ta  t e n . .,0.8055555555555556
test_000762.png,"defective , and , despite his claim to infamy ,",a a t . .,0.851063829787234
test_000763.png,"description , but the man was not traced .",ahn a a y .,0.8095238095238095
test_000764.png,The porter at the station bore out this,h ae a ae a .,0.7435897435897436
test_000765.png,"at Wandsworth police-station , claiming to have",he ae a ae ae .,0.8297872340425532
test_000766.png,committed the murder - but he was mentally,ahe a ae ae n tas .,0.7619047619047619
test_000767.png,for a man did obligingly present himself,he ah a aee ae as .,0.8
test_000768.png,"Perhaps the news of their search got around ,",ahe t a a ae a n .,0.7333333333333333
test_000769.png,had been nowhere near the 7.42 that evening .,h tae ah ae ans .,0.7111111111111111
test_000770.png,dactyloscopy was only in its beginnings .,a a ae ae .,0.8048780487804879
test_000771.png,"a verdict of "" wilful murder against some person or",tae ae ta tan . .,0.8431372549019608
test_000772.png,"persons unknown . "" The most vital clue of the Wedgwood",ah ae tae h ae any .,0.8181818181818182
test_000773.png,"adjournments , until April 7 , finally had to be content to return",a e e a e .,0.8787878787878788
test_000774.png,"And so the inquest , which had dragged on , with",h h ta tae n .,0.7708333333333334
test_000775.png,pestle had been of no assistance . The killer must,ahe aee ta y . .,0.78
test_000776.png,have been very thankful that the science of,ah a ae th n . .,0.7441860465116279
test_000777.png,sinister in the idea of tunnels . The building of,ah ta tas . .,0.8163265306122449
test_000778.png,solution emerged . There has always been something,ahe tae th a h tn .,0.8
test_000779.png,yet so strange were the circumstances that it was,th tae a an .,0.7959183673469388
test_000780.png,hazardous business .,t tay .,0.85
test_000781.png,were many people who believed that to travel,h a ae th ae th aes .,0.7272727272727273
test_000782.png,through tunnels would be an equally,a tae tae tas .,0.8
test_000783.png,"The next female fatality occurred eight years later ,",the tae ta an n .,0.7547169811320755
test_000784.png,a further seven years before even a ghost of a,tae ae ae tae ae tae .,0.717391304347826
test_000785.png,them was one of the most dangerous jobs con-,h a ta t . .,0.7954545454545454
test_000786.png,nected with railway construction ; and there,aoe a a ae .,0.8409090909090909
test_000787.png,Some thought that the result would be all,a tae a an n . t . .,0.7804878048780488
test_000788.png,"by it will be so heartily sick , what with the",a  n . .,0.9130434782608695
test_000789.png,wrote an anti-railway industrialist when it was,ah ta a a t .,0.7872340425531915
test_000790.png,"of a railway will be worse than Ipecacuanha , """,tae ae ta tan s .,0.7446808510638298
test_000791.png,sorts of horrible illnesses brought on by the,h ae ae tae ae s .,0.8222222222222222
test_000792.png,"confined atmosphere . "" The shareholders who travel",ae tae ae ae tay .,0.7647058823529411
test_000793.png,proposed to build the Box Tunnel .,a ae a ae tans .,0.7647058823529411
test_000794.png,"foul air , smoke and sulphur , that the mention",h ae ae ae an .,0.7872340425531915
test_000795.png,"said , "" the deafening peal of thunder , the sudden",h tae a a n s .,0.7843137254901961
test_000796.png,gave others a feeling of danger . A medical journal,th e ae tae as .,0.7843137254901961
test_000797.png,"immersion in gloom , and the clash of reverberated",aoe tae tae aee ay .,0.78
test_000798.png,darkness ., .,0.9
test_000799.png,passengers would be robbed and assaulted in the,an h ae ta an .,0.7659574468085106
test_000800.png,"of annihilation . "" It was also prophesied that",te e tan .,0.8723404255319149
test_000801.png,"momentary shudder , or idea of destruction , a thrill",a ae a ny .,0.8490566037735849
test_000802.png,The mere thought of subterranean travel,h ae tae a a n .,0.7435897435897436
test_000803.png,sounds in a confined space combine to produce a,ahe a an y .,0.8297872340425532
test_000804.png,"The first was that of Mr Gold , in the famous",th t  a ae a s .,0.7777777777777778
test_000805.png,in circumstances pointing to murder .,tae a a e n .,0.7837837837837838
test_000806.png,which a body has been found in a tunnel,aoe ae ae tae as .,0.7692307692307693
test_000807.png,"For all that , as far as England is concerned ,",he a a ae as .,0.7659574468085106
test_000808.png,victim was a woman .,tae ae h tan y .,0.65
test_000809.png,"Lefroy case , and by an odd chance the second tragedy",the ae ae ae e as .,0.7735849056603774
test_000810.png,"occurred on the same line , although this time the",ae a a tae ans .,0.8
test_000811.png,there have been only two occasions on,ah ae tae ta ta ta .,0.6756756756756757
test_000812.png,"the London , Brighton and South Coast Railway ,",he e a tae y .,0.7659574468085106
test_000813.png,she had fallen or been thrown from a train .,h e ae ta a a s .,0.7045454545454546
test_000814.png,no doubt that the woman had been the victim, .,1.0
test_000815.png,"of foul play , the verdict brought in was that there",to a a a s .,0.8461538461538461
test_000816.png,"24 , 1905 , a Sunday , Sub-Inspector Peacock , of",te ta ta tey . .,0.8163265306122449
test_000817.png,Though in the minds of most people there was,toe ae ae ay .,0.8409090909090909
test_000818.png,"Brighton line , is approximately one mile long ,",a ae tae a y .,0.8333333333333334
test_000819.png,was not sufficient evidence to show whether,h ae ae tay .,0.8372093023255814
test_000820.png,and some time before midnight on September,h  a ae a s .,0.8571428571428571
test_000821.png,"The Merstham Tunnel , on the London-to-",h a a tay .,0.8205128205128205
test_000822.png,the Feathers Hotel to await identification .,a ny .,0.8863636363636364
test_000823.png,"Was it a case of suicide , where some unhappy soul",ah a an .,0.86
test_000824.png,"doctor , the woman , young , small , and rather plump ,",ahe a a y .,0.8545454545454545
test_000825.png,had walked deliberately into the blackness and,a tay .,0.8913043478260869
test_000826.png,"Station , and a stretcher party took the body to",ans .,0.9166666666666666
test_000827.png,into the path of some train ? This hardly seemed,tae ay .,0.8541666666666666
test_000828.png,He sent word straight away to near-by Merstham,toe a ay .,0.8260869565217391
test_000829.png,thrust in her mouth like a gag .,ae ae tan s .,0.78125
test_000830.png,"likely , since , when she was examined by a local",ao  y .,0.9183673469387755
test_000831.png,was found to have her own silk scarf drawn,th s .,0.8809523809523809
test_000832.png,It was the battered and broken body of a woman .,ahe ay .,0.8333333333333334
test_000833.png,"almost tight enough to strangle her , and the ends",toe a n .,0.86
test_000834.png,"fication , no money , and no railway ticket . By then",ta a ns .,0.8679245283018868
test_000835.png,occurred before her death was ensured by some,tay .,0.9111111111111111
test_000836.png,"this stretch of line , but no information was",tae ta tae ans .,0.8222222222222222
test_000837.png,reports were being gathered about all traffic over,a s .,0.94
test_000838.png,forthcoming about any carriage with an open,tony .,0.8837209302325582
test_000839.png,which might relate .,toe a tas .,0.75
test_000840.png,"Both her wrists bore the marks of severe bruising ,",th  ae tay .,0.8431372549019608
test_000841.png,and there were other injuries on her body which had,tae ta s .,0.8627450980392157
test_000842.png,train which had roared through the tunnel . There were,ta e ae tay .,0.8148148148148148
test_000843.png,no letters or papers found on her to assist identi,ao .,0.94
test_000844.png,"door , nor any passenger reporting an incident",ah a a an .,0.8260869565217391
test_000845.png,During that time a description of the girl was,a .,0.9565217391304348
test_000846.png,"circulated , and a Mr Robert Money came forward to",tay .,0.92
test_000847.png,So the body of this small girl with the blue eyes and,tas .,0.9245283018867925
test_000848.png,whom she worked as a book-keeper .,ao a y .,0.8235294117647058
test_000849.png,"identify her as his sister , Mary Money , aged twenty-two .",ay .,0.9322033898305084
test_000850.png,"Clapham , on the premises of a dairyman , Bridger , for",ta .,0.9454545454545454
test_000851.png,"The girl , who was described as being "" always bright and",toe s .,0.9122807017543859
test_000852.png,remained a mystery until later the following day .,toy .,0.9
test_000853.png,long brown hair in a bun at the back of her head,ao tas .,0.8958333333333334
test_000854.png,"jolly , "" had been unmarried , and lived at Lavender Hill ,",ah  any .,0.9152542372881356
test_000855.png,"evening at about seven o'clock , telling her room-mate , Emma",tas .,0.9344262295081968
test_000856.png,purse ., .,0.8571428571428571
test_000857.png,"On the Sunday , the day of her death , she had gone out in the",tay .,0.9354838709677419
test_000858.png,"Hone , that she was going for a walk , but would not be",ay .,0.9636363636363636
test_000859.png,"carrying a handbag , but she believed she had had a small",tas .,0.9473684210526315
test_000860.png,"gone for long . According to Miss Hone , she had not been",tas .,0.9473684210526315
test_000861.png,rican would not say ; nothing an,ahe ae a a tan .,0.71875
test_000862.png,to which the Frenchman would not,he ae a tae tan . t .,0.71875
test_000863.png,glishman would not do ; nothing an Ame-,ah ae a e .,0.8717948717948718
test_000864.png,SOME years ago a contemporary philosopher,ahe ae ae ae a ta s .,0.7317073170731707
test_000865.png,would not eat .,h ae tae ta .,0.6666666666666666
test_000866.png,dance ; nothing the German would,ahe ae a a n .,0.78125
test_000867.png,told us that there was nothing an En-,ahe a a ah ta .,0.7567567567567568
test_000868.png,Italian would not sing ; no music,ae aee ta ae as .,0.7878787878787878
test_000869.png,not covet ; and nothing the Chinese,h ae ta a e a tae .,0.7428571428571429
test_000870.png,nothing the German would not covet ; and,a a ta .,0.875
test_000871.png,nothing the Chinese would not eat .,a t a a e .,0.7714285714285715
test_000872.png,told us that there was nothing an Englishman,ae ae ae tan tany .,0.7727272727272727
test_000873.png,say ; nothing an Italian would not sing ; no,h aee a ans .,0.8181818181818182
test_000874.png,would not do ; nothing an American would not,ahe ae tans .,0.8409090909090909
test_000875.png,music to which the Frenchman would not dance ;,a n y .,0.8913043478260869
test_000876.png,SOME years ago a contemporary philosopher,ao a ny .,0.8048780487804879
test_000877.png,"many centuries ago , in some cave or hilly",aoe ae tans .,0.8095238095238095
test_000878.png,hold forth from a spear the welcome gobbet of,ta tan s .,0.8666666666666667
test_000879.png,"hide , did our forebears home from the chase",ah ta ns .,0.8863636363636364
test_000880.png,It is not our purpose to discuss this dictum .,ay .,0.9565217391304348
test_000881.png,homely and protecting flame .,ta ae ae tany .,0.7241379310344828
test_000882.png,borrowed straight from the prehistoric . How,a ae ae an .,0.8409090909090909
test_000883.png,the progress of civilisation which allows a dish,tay .,0.9375
test_000884.png,Suffice to say that few of us stop to marvel at,aoe tae a any .,0.8085106382978723
test_000885.png,meat or fish burnt and roasted in the,ae ae a tan .,0.7837837837837838
test_000886.png,ladies toying with these primitive morsels in the,h tae ae ae e ten .,0.7755102040816326
test_000887.png,"evening meal . Later came the thrifty peasant ,",ae ae ae ta tan .,0.7021276595744681
test_000888.png,How many centuries later did the mercenary in,ah e tae ae an . .,0.7555555555555555
test_000889.png,gleam and glitter of our latter-day restaurants .,tae tae tay .,0.7959183673469388
test_000890.png,later still the young Victorian buck adventuring,h aee ae ae tans .,0.8125
test_000891.png,"in Paris , and even later our attractive young",tae ta e ae tany .,0.7391304347826086
test_000892.png,the Roman wars thus impale on pike or lance his,t e a ny .,0.851063829787234
test_000893.png,than mere converse has always been there .,h a  n n .,0.8095238095238095
test_000894.png,"And , if certain dishes and modes of food have",ah ay .,0.8913043478260869
test_000895.png,important than the casual meetings of the present,ae ans .,0.8571428571428571
test_000896.png,"persisted down the ages , the motive that preserved",tae ae tany .,0.8431372549019608
test_000897.png,always been strong in mankind . The sharing of,ah a a a any .,0.8043478260869565
test_000898.png,day ; the desire to share something more intimate,h any .,0.8979591836734694
test_000899.png,them has always been the same . Apart from the need,he e ae ay .,0.803921568627451
test_000900.png,a meal in those earliest dangerous days was an,ahe ae ae ay .,0.717391304347826
test_000901.png,admittance into an acquaintanceship far more,a n e .,0.8636363636363636
test_000902.png,"for nourishment , the instinct of hospitality has",te e a ans .,0.8571428571428571
test_000903.png,programme of entertainment almost,ae ae ans .,0.7878787878787878
test_000904.png,tation affords an opportunity of,ae a tan .,0.78125
test_000905.png,It is a far enough cry from the primitive,ta ae a ae ans .,0.7804878048780488
test_000906.png,meal-times of a simpler world to the,ae tae aens .,0.8055555555555556
test_000907.png,showing a guest something of ourselves .,ae ae tany .,0.8
test_000908.png,"banquets of later days , when the table",ae aee ae an .,0.7435897435897436
test_000909.png,groaned under its load of complicated,ae ae a ay .,0.7837837837837838
test_000910.png,unlimited in its variety and its presen-,ae ae ae any .,0.775
test_000911.png,The truth is that good food offers a,ahe ae a an . .,0.7777777777777778
test_000912.png,"dishes , and for all the blossoming of the",ao ae e any .,0.7857142857142857
test_000913.png,arts around them the diners were little,ahe a ae ae ae s .,0.717948717948718
test_000914.png,"tongues ; unreasonable surfeit , too , in the",a ae ae n e .,0.8222222222222222
test_000915.png,himself go ; and it was from his simpler,ae ae a ae ny .,0.8
test_000916.png,"save at feast times , when he , too , let",ahe ae ae tans .,0.7560975609756098
test_000917.png,There was always the spice of an orgy,aoe a ae an .,0.7297297297297297
test_000918.png,"in those Roman feasts , for instance , with",ae ta ae an .,0.7906976744186046
test_000919.png,all their peacocks and nightingales',h e ae tans .,0.7777777777777778
test_000920.png,"those days , as ever , ate sparingly , but",ahe ae ae a tan .,0.6904761904761905
test_000921.png,"generously enough in his own fashion ,",ae n ae ae ae tany .,0.7631578947368421
test_000922.png,elaborate fashion of eating brought,ae ae a e tany .,0.7142857142857143
test_000923.png,by Catherine de Medici . The peasant in,he ae ae ay .,0.7692307692307693
test_000924.png,"out of Italy into France , we are told ,",h ae tae tae ae e .,0.675
test_000925.png,"eye with magnitude , began to understand the value of",thy .,0.9433962264150944
test_000926.png,"Epicures and gourmands , sated by the unending",toy .,0.9347826086956522
test_000927.png,"the dishes of the country , and , instead of gorging the",tae a y .,0.8928571428571429
test_000928.png,of the 18th century - that amazing epoch of,tae a tae an .,0.7674418604651163
test_000929.png,"intelligent selection and comparative simplicity , though",to n .,0.9122807017543859
test_000930.png,procession of dishes from those mammoth kitchens,to y .,0.9166666666666666
test_000931.png,nowadays their simplified meals would seem quite,tae tae ta . .,0.8333333333333334
test_000932.png,monstrous ., .,0.9090909090909091
test_000933.png,grossness and delicacy - sought inspiration at last from,to ae tany .,0.8392857142857143
test_000934.png,"of gorging the eye with magnitude ,",te ae a ae ta s .,0.7428571428571429
test_000935.png,"simplicity , though nowadays their",ae a ae n .,0.8529411764705882
test_000936.png,"the dishes of the country , and , instead",th ae ae a ae ay .,0.7560975609756098
test_000937.png,intelligent selection and comparative,tae a e a n y .,0.8108108108108109
test_000938.png,delicacy - sought inspiration at last from,ae ae a ans .,0.8095238095238095
test_000939.png,that amazing epoch of grossness and,ae ae tay .,0.8285714285714286
test_000940.png,simplified meals would seem quite,ae ae ae ae tas .,0.7878787878787878
test_000941.png,mammoth kitchens of the 18th century -,ae ae a ae ans .,0.7631578947368421
test_000942.png,"Epicures and gourmands , sated by the",ae ae a an .,0.7837837837837838
test_000943.png,began to understand the value of,a a ta n . .,0.75
test_000944.png,unending procession of dishes from those,tae ae ans .,0.85
test_000945.png,"Does one , however , know who first thought of boiling",ay .,0.9814814814814815
test_000946.png,"water and food ? The ancient Britons , I believe , used to",aoy .,0.9482758620689655
test_000947.png,"make water hot by dropping a red-hot poker into it ,",tan s .,0.9038461538461539
test_000948.png,because their pots would not stand fire ; but Jacob,tas .,0.9411764705882353
test_000949.png,his birthright to him for a mess of pottage - and,ao s .,0.9183673469387755
test_000950.png,which the Israelites sighed .,toe ae ae tay .,0.6896551724137931
test_000951.png,"must have had one that would , because Esau sold",a s .,0.9166666666666666
test_000952.png,then we hear of the fleshpots of Egypt after,ah ta ny .,0.8409090909090909
test_000953.png,"Does one , however , know who first thought",a a an s .,0.8604651162790697
test_000954.png,"Britons , I believe , used to make water hot",ae an s .,0.8863636363636364
test_000955.png,of boiling water and food ? The ancient,he e a aee a ans .,0.7692307692307693
test_000956.png,we hear of the fleshpots of Egypt,h a ae ane an .,0.7575757575757576
test_000957.png,after which the Israelites sighed .,ah ae an an t s .,0.6857142857142857
test_000958.png,to him for a mess of pottage - and then,tae a e ae tae .,0.717948717948718
test_000959.png,"would , because Esau sold his birthright",ae ae ae tae anns .,0.775
test_000960.png,but Jacob must have had one that,h ae ae ae ae ae .,0.65625
test_000961.png,because their pots would not stand fire ;,a ae ae ans .,0.8048780487804879
test_000962.png,"by dropping a red-hot poker into it ,",h a a ae ae t . .,0.7027027027027027
test_000963.png,When Achilles gave a royal feast the principal dish,tan .,0.9411764705882353
test_000964.png,lifted urns,  .,1.0
test_000965.png,"length subside , He throws a bed of glowing",ahe ae tan s .,0.7906976744186046
test_000966.png,"was a grill , which he cooked himself , and he knew",a  ay .,0.9215686274509803
test_000967.png,"fragment turns , And sprinkles sacred salt from",ao .,0.9574468085106383
test_000968.png,way of cooking meat except by roasting and boiling .,a a y .,0.8653846153846154
test_000969.png,embers wide ; Above the coals the smoking,toe ay .,0.8780487804878049
test_000970.png,"Anyhow , Homer does not seem to have known any",aons .,0.9130434782608695
test_000971.png,"how to do it , too : - When the languid flames at",ahe tae tay .,0.8367346938775511
test_000972.png,"Anyhow , Homer does not seem to have",an ae a a ans .,0.8055555555555556
test_000973.png,except by roasting and boiling . When,ae tae a ae an .,0.7297297297297297
test_000974.png,"turns , And sprinkles sacred salt",an tae a a n .,0.8181818181818182
test_000975.png,"and he knew how to do it , too : - When the",th ae tan . .,0.8372093023255814
test_000976.png,throws a bed of glowing embers wide ;,a ae e tan .,0.8108108108108109
test_000977.png,from lifted urns .,tae a e tan .,0.6666666666666666
test_000978.png,"languid flames at length subside , He",ae a  ann . .,0.7837837837837838
test_000979.png,Above the coals the smoking fragment,ahe a ae n tae n tan .,0.7222222222222222
test_000980.png,"dish was a grill , which he cooked himself ,",ae ae a ae s .,0.7954545454545454
test_000981.png,Achilles gave a royal feast the principal,a ae ae a ans .,0.7560975609756098
test_000982.png,known any way of cooking meat,ae ae ae ae n .,0.7241379310344828
test_000983.png,and intellect . A remarkable peculiarity in the banquets,ay .,0.9464285714285714
test_000984.png,"fireproof earthenware from the Egyptians , their cookery",tay .,0.9285714285714286
test_000985.png,"in the preparation of stimulants for the palate ,",to e a y .,0.8571428571428571
test_000986.png,to their aid .,  y .,0.8571428571428571
test_000987.png,confine the resources of the table to the gratification,tay .,0.9454545454545454
test_000988.png,they broke fresh ground and called another sense,th a  y .,0.875
test_000989.png,of one sense alone . Having exhausted their invention,toe y .,0.9056603773584906
test_000990.png,"made rapid progress , because they were men of taste",tay .,0.9423076923076923
test_000991.png,of the ancient world was the fact that they did not,ta tay .,0.8627450980392157
test_000992.png,"When , however , the Greeks did learn the art of making",tas .,0.9454545454545454
test_000993.png,article in their festal preparations ; and it is the,to e an .,0.8653846153846154
test_000994.png,was a subject of no little importance to the Romans .,ay .,0.9433962264150944
test_000995.png,By delicate application of odours and richly-distilled,tay .,0.9444444444444444
test_000996.png,"perfumes , these refined voluptuaries aroused the",to ae tay .,0.8571428571428571
test_000997.png,number of flowers far exceeded the number,tany .,0.9512195121951219
test_000998.png,opinion of Bassius that at their desserts the,ao a an .,0.8666666666666667
test_000999.png,of fruits ., y .,0.8181818181818182
test_001000.png,fainting appetite and added a more exquisite and,any .,0.9375
test_001001.png,They considered flowers as forming a very essential,h y .,0.9215686274509803
test_001002.png,ethereal enjoyment to the grosser pleasures of the,tay .,0.92
test_001003.png,board . The gratification of the sense of smelling,ane s .,0.88
test_001004.png,traveller occasionally encounters a certain,ae ae a n .,0.813953488372093
test_001005.png,and flowers proved of sovereign power,ah ae .,0.8918918918918919
test_001006.png,measure of novelty .,ta a tan .,0.75
test_001007.png,clarifying the functions of the brain . It,a a a an .,0.8095238095238095
test_001008.png,"According to Pliny , and others , certain herbs",aoe a ae ae s .,0.8297872340425532
test_001009.png,"the sun , but regarding foodstuffs the",h a ae a ae tan n .,0.7894736842105263
test_001010.png,is said that there is nothing new under,he e ae a a a t .,0.7948717948717948
test_001011.png,they restore the hair of the bald and that,ahe a a e a a n .,0.7142857142857143
test_001012.png,piece of resistance .,ta ae tay .,0.7142857142857143
test_001013.png,a delicacy . The visitor is told that,tae ae tae s .,0.7837837837837838
test_001014.png,"In China , for instance , dried rats are esteemed",tae ae a a as .,0.7755102040816326
test_001015.png,A number of newly-born white mice served,tae a ae a an n .,0.825
test_001016.png,like a prairie oyster is considered a,ahe an tae tan . .,0.7567567567567568
test_001017.png,a stewed black rat will ward off a fever .,tae ae ae ae a s .,0.6904761904761905
test_001018.png,"alive , dipped in treacle and swallowed",ah ae ae tae tae .,0.7435897435897436
test_001019.png,"from eating it fresh , squash it , press",th ta a an e .,0.8
test_001020.png,roasted on the point of a spear are,aoe ae ae ta tae t .,0.6857142857142857
test_001021.png,peoples have a high opinion of the octopus,ahe ta a ae aes .,0.8095238095238095
test_001022.png,as an article of diet . So have the Japanese,th a a an .,0.8409090909090909
test_001023.png,Among the natives of Northern Australia lizards,ae a a ae a an .,0.7872340425531915
test_001024.png,of it in almost any provision shop .,he ae ae ta ae h .,0.7222222222222222
test_001025.png,definitely a delicacy while Mediterranean,ahe ae a n ae ae n .,0.7560975609756098
test_001026.png,"over with flour , you will find a stack",h h ae ae ae tas .,0.7948717948717948
test_001027.png,"and the Chinese . The Celestials , apart",ah t ae ae tae as .,0.7
test_001028.png,"it and dry it , in which form , dusted",tae ae a ae tas .,0.8157894736842105
test_001029.png,activities to a greater extent than is usually assumed .,to ta ay .,0.8214285714285714
test_001030.png,If that country had not been for so long a battlefield red,tay .,0.9310344827586207
test_001031.png,provides many Magyar dishes with a vivid and brilliant,aoe a a y .,0.8518518518518519
test_001032.png,We naturally cannot overlook that Magyar cookery owes,tae ae an y .,0.8113207547169812
test_001033.png,Hungary would have been deprived of the condiment which,ta .,0.9636363636363636
test_001034.png,"with the blood shed to defend Christian civilisation ,",tany .,0.9259259259259259
test_001035.png,Foodlore reflects much more of national temperament,ao a y .,0.9215686274509803
test_001036.png,one of its most classic features to the Turkish rule under,ao  ay .,0.9310344827586207
test_001037.png,which the Hungarians groaned for nearly 200 years .,ah y .,0.9019607843137255
test_001038.png,than is customarily imagined as well as entering human,aos .,0.9259259259259259
test_001039.png,"fire , aerian creams , ingenious pastries and a",th e tay .,0.8723404255319149
test_001040.png,crescent-shaped breakfast roll created by a pastry cook to,to ta s .,0.8620689655172413
test_001041.png,aromatics where the paprika insinuates its perfidious,to ay .,0.9245283018867925
test_001042.png,"cookery is reminiscent of bull-fights , of Spanish dancing",ao y .,0.9482758620689655
test_001043.png,celebrate the victory against the Turks in 1683 . Spanish,ta  e an .,0.8596491228070176
test_001044.png,The Austrian cuisine embraces the delectable 6Wiener,a y .,0.9423076923076923
test_001045.png,Schnitzel as well as dishes and stews heightened with,ta tan .,0.8867924528301887
test_001046.png,"and of Goja : it is vivid , highly coloured , sometimes",ta tae tay .,0.8909090909090909
test_001047.png,"streaks of poetry , meat disguised under heavy and vehement",ta tay .,0.8813559322033898
test_001048.png,"Quixotic and withal it has a sombre ardour , with", n . .,0.9387755102040817
test_001049.png,melody . The paprika and caraway perfume,ta tas .,0.9
test_001050.png,ries recall in fact the rich heritage,th  ae ta ta n .,0.7837837837837838
test_001051.png,the meats with their antithesis . The,h a a ta .,0.7567567567567568
test_001052.png,opulent varieties of Czechoslovak past-,to tay .,0.8717948717948718
test_001053.png,possibly comparable alone to a gypsy,to ae s .,0.8333333333333334
test_001054.png,"essentially French , and , irrespective of",to o tay .,0.8809523809523809
test_001055.png,"so languorous , so passionate , and",t  n . .,0.8857142857142857
test_001056.png,specifically national . The art and,ta a ta .,0.8285714285714286
test_001057.png,"The Czechoslovak kitchen , again , is",ao  n .,0.8918918918918919
test_001058.png,of rich embroideries and costumes,t  a ae s .,0.8484848484848485
test_001059.png,"science of cookery , however , is",to   . .,0.9090909090909091
test_001060.png,"touch , the same unfailing sense of",to  as .,0.8285714285714286
test_001061.png,proportion as exists among her,ta ae  tan .,0.7333333333333333
test_001062.png,and aesthetic as well as physical .,h   s .,0.8571428571428571
test_001063.png,exponents of things that are,tae ta o s .,0.75
test_001064.png,derive from gastronomy is intellectual,ta  y .,0.9210526315789473
test_001065.png,"feeding , the same subtle delicacy of",to y .,0.8918918918918919
test_001066.png,typically French .,y .,0.8333333333333334
test_001067.png,The French have an inborn appreciation,ah a ae tas .,0.8157894736842105
test_001068.png,of good food and the gusto which they,t  ae a s .,0.8378378378378378
test_001069.png,There is the same finesse about their,to  y .,0.918918918918919
test_001070.png,"writers , music composers and other",tae tae tae ae n .,0.8
test_001071.png,"her writers , music composers and other exponents of",ta ta y .,0.8846153846153846
test_001072.png,the gusto which they derive from gastronomy is intellectual,tas .,0.9322033898305084
test_001073.png,"about their feeding , the same subtle delicacy of touch ,",ta s .,0.9122807017543859
test_001074.png,and aesthetic as well as physical . There is the same finesse,ta tas .,0.8852459016393442
test_001075.png,the same unfailing sense of proportion as exists among,tas .,0.9259259259259259
test_001076.png,The French have an inborn appreciation of good food and,ae an s .,0.8727272727272727
test_001077.png,things that are typically French .,ae ae a ae tay .,0.6764705882352942
test_001078.png,"The "" pot-au-feu "" is as much a national",th a ae ta ta ey .,0.75
test_001079.png,institution in France as is tea drinking,to  tay .,0.875
test_001080.png,least once a week in every bourgeois,th   s .,0.9166666666666666
test_001081.png,baisse and sang - This Bouillabaisse,to  s .,0.9166666666666666
test_001082.png,waxed enthusiastic about Bouilla-,t  .,0.9393939393939394
test_001083.png,"a noble dish is , A sort of soup , or",ta  h  ty . .,0.8378378378378378
test_001084.png,"broth , or brew , A hotch-potch of all",ahe ae tae s .,0.8157894736842105
test_001085.png,among ourselves and it is prepared at,ta  y .,0.918918918918919
test_001086.png,"could outdo ; Green herbs , red peppers ,",aoe ta a ta s .,0.8048780487804879
test_001087.png,sorts of fishes That Greenwich never,to ta o  s .,0.8055555555555556
test_001088.png,"household . Thackeray , of course ,",ta ta s .,0.8571428571428571
test_001089.png,prepared at least once a week in every bourgeois,tay .,0.9166666666666666
test_001090.png,about Bouillabaisse and sang - This Bouillabaisse a,ta y .,0.9215686274509803
test_001091.png,A hotch-potch of all sorts of fishes That Greenwich,to a s .,0.8627450980392157
test_001092.png,"The "" pot-au-feu "" is as much a national institution",th   e any .,0.8653846153846154
test_001093.png,"never could outdo ; Green herbs , red peppers , mussels ,",h ae ae ae ta tas .,0.8245614035087719
test_001094.png,"saffron , Soles , onions , garlic , roach and dace .",ahe tae ae ae tan s .,0.7692307692307693
test_001095.png,"noble dish is , A sort of soup , or broth , or brew ,",ta ae ta tay .,0.8867924528301887
test_001096.png,"household . Thackeray , of course , waxed enthusiastic",ao a ta s .,0.8703703703703703
test_001097.png,in France as is tea drinking among ourselves and it is,tay .,0.9444444444444444
test_001098.png,piece of coarse bread and a, t  ta .,0.8888888888888888
test_001099.png,"food , believing that it impaired the",ah  ta a . .,0.8378378378378378
test_001100.png,as well as the foods for which they have,t  s .,0.9
test_001101.png,fast and supper consisted of a,oh ae t ta .,0.7666666666666667
test_001102.png,"had an aversion . Shelley , for example ,",ah ae ta tay .,0.8048780487804879
test_001103.png,the dietary welcomed by men of genius,ta e a s .,0.8108108108108109
test_001104.png,had a great contempt for animal,ah a a t n s .,0.7096774193548387
test_001105.png,A fascinating study also opens up in,ta y .,0.8888888888888888
test_001106.png,intellectual faculties . Bunyan's break-,ta as .,0.825
test_001107.png,bowl of milk .,  s .,0.8571428571428571
test_001108.png,"which they have had an aversion . Shelley , for example ,",h ae tae tae tany .,0.7719298245614035
test_001109.png,and a bowl of milk .,to t tae n tay .,0.7
test_001110.png,breakfast and supper consisted of a piece of coarse bread,toe tae a ae ay .,0.8070175438596491
test_001111.png,it # impaired the intellectual faculties . Bunyan's,ta ae tay tey .,0.7647058823529411
test_001112.png,welcomed by men of genius as well as the foods for,a ae tae tan . .,0.82
test_001113.png,"had a great contempt for animal food , believing that",ae tae a tan . .,0.8301886792452831
test_001114.png,A fascinating study also opens up in the dietary,tae tae ae a n .,0.7916666666666666
test_001115.png,Dante Gabriel Rossetti had simple tastes,ta   s .,0.875
test_001116.png,in food . At one dinner he is said to have,to  ta as .,0.8571428571428571
test_001117.png,examine the marks on the back,a o a ta s .,0.7586206896551724
test_001118.png,been blind to the charms of turbot and,toe ae y .,0.8157894736842105
test_001119.png,in the dish in which it was served . He,ta a y .,0.8461538461538461
test_001120.png,to have been much more interested,ta  ta  tas .,0.8181818181818182
test_001121.png,without going through the formality,ae tae tae tae as .,0.7714285714285715
test_001122.png,of having his turbot removed first .,t a ae ta s .,0.75
test_001123.png,turned it over on the table cloth to,ae ae e n s .,0.7777777777777778
test_001124.png,without going through the formality of having his turbot,tae ae ae ae any .,0.8214285714285714
test_001125.png,removed first ., y .,0.8666666666666667
test_001126.png,dinner he is said to have been blind to the charms of,ah a a an t . .,0.7924528301886793
test_001127.png,turbot and to have been much more interested in the,ah ta a n . . .,0.803921568627451
test_001128.png,Dante Gabriel Rossetti had simple tastes in food . At one,ae ta a a ae n .,0.7543859649122807
test_001129.png,on the table cloth to examine the marks on the back,ta   tay .,0.8823529411764706
test_001130.png,dish in which it was served . He turned # it over,ahe ae ae ae y .,0.7959183673469388
test_001131.png,"sole , a baked leg of mutton with oyster & veal stuffing and a",h a n .,0.9032258064516129
test_001132.png,he talked . Brigham Young would make a dinner on tripe,ta tae n tae an .,0.7592592592592593
test_001133.png,"with Dickens says the menu was Whitstable oysters , a brown",th e th e an .,0.7966101694915254
test_001134.png,which he washed down with beer . A writer who had dinner,ah ae ae a y .,0.8214285714285714
test_001135.png,placing his food in his mouth and gulping it down as,ae aee a tay .,0.8653846153846154
test_001136.png,gin punch .,  .,0.9090909090909091
test_001137.png,"Wagner was a highly practical feeder . He ate very fast ,",ah ae a ae tan s .,0.7719298245614035
test_001138.png,but all the Chelsea philosopher did in return was to,h ae ae ta ae n .,0.7884615384615384
test_001139.png,that he had dined with Longfellow told the sage a,ae a a a tan . .,0.7959183673469388
test_001140.png,very funny story which made Carlyle absolutely laugh ;,ae a a a ta tan s .,0.7962962962962963
test_001141.png,ask if his guest would have a cup of tea !,h ae ae a an y .,0.7380952380952381
test_001142.png,"The same man went to see Carlyle , and , after mentioning",tae ae ta ay .,0.8070175438596491
test_001143.png,It was naturally a highly popular victory with the,ta   .,0.94
test_001144.png,"him was the French Admiral , Jean de Vienne -",  ny .,0.9555555555555556
test_001145.png,"leadership . But , at last , Gaunt sailed . Opposing",to   as .,0.8846153846153846
test_001146.png,who still believed that they had a monopoly of,hey .,0.9130434782608695
test_001147.png,"Londoners , but it brought heavy censure from nobles",to s .,0.9038461538461539
test_001148.png,a great sailor and an able strategist .,t   e y .,0.8461538461538461
test_001149.png,involved the dreary method of mining operations in, .,1.0
test_001150.png,"Obedient to the policy of his King , de Vienne avoided",tas .,0.9444444444444444
test_001151.png,"something to show , he foolishly attempted to besiege",ta .,0.9433962264150944
test_001152.png,on land . Gaunt was compelled to give up his search for,tos .,0.9272727272727272
test_001153.png,the well-protected fortress of St Malo . This,ta  e .,0.8888888888888888
test_001154.png,"an elusive foe , and , afraid to return home without",ts .,0.9615384615384616
test_001155.png,"which Gaunt , under the Black Prince , had shown",an  a s .,0.875
test_001156.png,considerable skill at the siege of Limoges .,ta a y .,0.8636363636363636
test_001157.png,trouble at sea as cleverly as Du Guesclin avoided it,y .,0.9615384615384616
test_001158.png,"Hawley , were also expressing their disappointment",ta ae e e tas .,0.82
test_001159.png,moment had charge of the mine ; the mine collapsed,th   y .,0.92
test_001160.png,comparing the failure of a subsidized duke,tae a a a .,0.8095238095238095
test_001161.png,"When all seemed to be going well , a sortie surprised",ta e t s .,0.8490566037735849
test_001162.png,fame and glory . Gaunt was compelled to return,to n t  .,0.8695652173913043
test_001163.png,citizen ., .,0.8888888888888888
test_001164.png,"even despised failure . The ' ribald ' Londoners , who",h ae tae a an .,0.8148148148148148
test_001165.png,the longbows of yeomen could pierce the,he a tae ta an . .,0.7948717948717948
test_001166.png,These dreary years of ineffective fighting provide,h ae ta ae ta n .,0.78
test_001167.png,"plate and mail of French knights , a brilliant",ah tae ae ae ay .,0.8260869565217391
test_001168.png,became mere marauding route marches .,to ae ta ae y .,0.7567567567567568
test_001169.png,"and that , if archers had no target , campaigns",he ae a ae ay .,0.7659574468085106
test_001170.png,"after the event . It seems obvious that , though",h a ae ae ae n .,0.8125
test_001171.png,"battle was no substitute for a sound policy ,",h t ae t  s .,0.8222222222222222
test_001172.png,obvious morals for those who are judges long,ahe a tae e . .,0.7954545454545454
test_001173.png,and that there was no hope of final victory,ane ta e ae e a as .,0.6511627906976745
test_001174.png,It seems obvious that if an expedition to,tae tae ah tan . .,0.7560975609756098
test_001175.png,of the French war was a navy in unquestioned,te tae h tae to as .,0.75
test_001176.png,"Calais , Cherbourg , Brest , Bordeaux and Bayonne ,",ah ta tae as .,0.8235294117647058
test_001177.png,"Brittany was compelled to attack via Calais ,",to o tae tae as .,0.7333333333333333
test_001178.png,without a large-scale and concentrated invasion .,ahe ae ae tae tas .,0.6938775510204082
test_001179.png,advantages of a ring of bridge-heads which included,toe aee aee ae tay .,0.8235294117647058
test_001180.png,command of the Channel . It seems obvious,ta e ae tay .,0.7804878048780488
test_001181.png,that divided forces were dissipating the,h ta a te tan . .,0.775
test_001182.png,then the primary essential to the success,h e ae tae tae ans .,0.7073170731707317
test_001183.png,the story of the prelude to the,ah a ae  an . e .,0.7741935483870968
test_001184.png,"6impasse which always resulted , and in the",an ae tae an .,0.7906976744186046
test_001185.png,In this cruel process which was,te n ta a an .,0.8387096774193549
test_001186.png,to which the Exchequer resorted is,a a ta an .,0.8529411764705882
test_001187.png,hammering out nations on the anvils of,ta a ae tae n . .,0.7368421052631579
test_001188.png,way out of the complicated financial,h a ae n tae tay .,0.7777777777777778
test_001189.png,Peasants' Revolt of 1381 .,ae ta th tay .,0.7307692307692307
test_001190.png,story of the experiments and expedients,ah t ae a tas .,0.8205128205128205
test_001191.png,"war , there was a constant stirring of",h ae an ta tan .,0.6842105263157895
test_001192.png,those in authority to find some simple,ah ae ta tae n .,0.7894736842105263
test_001193.png,needed taxation in order to supplement,ae ae ae tas .,0.7894736842105263
test_001194.png,"In appreciating this story , modern con-",tae ta ae tan .,0.8
test_001195.png,taxation not merely for defence and,ae ae h tas .,0.8285714285714286
test_001196.png,the private wealth of the monarchy,h t ae ae tay .,0.7352941176470589
test_001197.png,"crown lands , the fees of feudalism",ahe tae th ae eny .,0.7428571428571429
test_001198.png,ceptions of governmental duties must be,ae t a tae t . .,0.7435897435897436
test_001199.png,offence but for a very wide range of,aoe a n ta tae th .,0.7777777777777778
test_001200.png,set aside . A modern government needs,te ae a a h .,0.7837837837837838
test_001201.png,( the royal income from the revenues of,ah ae ae tae tans .,0.6923076923076923
test_001202.png,social services . A mediaeval oligarchy,aoe ae ae ans .,0.7948717948717948
test_001203.png,guilds of a city . A mediaeval tax was,ae a a n t .,0.8157894736842105
test_001204.png,Social service as a function of government,ah tae ae ae tay .,0.7857142857142857
test_001205.png,"monasteries , manors , townships , or wards and",a   .,0.9574468085106383
test_001206.png,it was therefore always granted grudgingly,th ae ta a y .,0.8095238095238095
test_001207.png,return was the uncertain bounty of booty,ah a t ae tae e .,0.75
test_001208.png,therefore in essence a forced payment whose,ae tae a t s .,0.813953488372093
test_001209.png,"communities , whether those communities were",a a tae t .,0.8409090909090909
test_001210.png,and the vague advantages of military glory ;,to a a ta n .,0.7727272727272727
test_001211.png,was quite alien to mediaeval thought - its,h n e ae tan .,0.7857142857142857
test_001212.png,"and coupled with the vain hope that , in the",he ae ae a e a ta h .,0.7272727272727273
test_001213.png,substitute was the mutual self-help of,a a t ae tae .,0.7631578947368421
test_001214.png,be bold enough to demand the production of,t e  tae y . .,0.8095238095238095
test_001215.png,"booty , a new group of Lords might oust",ahe t ae ae ta . .,0.7948717948717948
test_001216.png,the unsuccessful . But the Commons were not,t  ay . .,0.8837209302325582
test_001217.png,"the people , and even a full Parliament was",h e ta an ta tay .,0.7441860465116279
test_001218.png,"the unsuccessful leaders , and the Commons ,",h  tae o s .,0.8181818181818182
test_001219.png,"accounts , and even at times the impeachment of",ao  ta e ty .,0.8085106382978723
test_001220.png,not yet a true mirror of the nation .,he ae ae ae tay .,0.7027027027027027
test_001221.png,"who usually supplied the hard cash , might",h ae tae ta ta ae t .,0.6904761904761905
test_001222.png,When ' his ' war did not bring victory and,h ta e h tae tn .,0.7857142857142857
test_001223.png,in the pay of landed Lords .,t ae ae t tae ts .,0.5714285714285714
test_001224.png,The people - Langland's ' folk ' and Gaunt's,ae a ae tay .,0.8409090909090909
test_001225.png,"successful farmers , the artisans , craftsmen ,",toe a tay .,0.851063829787234
test_001226.png,"towns , and the retainers and men-at-arms",aoe e h tae ae s .,0.7317073170731707
test_001227.png,"had bought their release , free labourers",h ae th tae ae tay .,0.7073170731707317
test_001228.png,' knaves ' - were villeins still tied to the,ae tae ae tae ae an .,0.7272727272727273
test_001229.png,yeomen who had prospered enough to become,to e   s .,0.8780487804878049
test_001230.png,journeymen and small tradesmen of the,a te a  .,0.8378378378378378
test_001231.png,"who worked for the highest bidders , free",h ae t ae tan .,0.7804878048780488
test_001232.png,feudal obligations of work or villeins who,ahe ae a ta . .,0.8571428571428571
test_001233.png,"None of these classes , except the yeomen , paid or",h tae ae an y .,0.803921568627451
test_001234.png,means of that ' staple ' system which ensured that,ta s .,0.9
test_001235.png,financing the Exchequer had become stabilized .,toe ta tay .,0.8085106382978723
test_001236.png,expected to pay direct taxes . During the four-,aoe ae ae tny .,0.7872340425531915
test_001237.png,"teenth century , the traditional methods of",ah tae tae tay .,0.7674418604651163
test_001238.png,"pervised and controlled , together with a",a ta  tan t . .,0.8048780487804879
test_001239.png,"prices , quality and tax could be efficiently su-",ty .,0.9387755102040817
test_001240.png,"export tax on the wool trade , collected by",ahe ae ae tay .,0.7674418604651163
test_001241.png,When the King and his Council required additio-,oh  y .,0.9361702127659575
test_001242.png,"nal funds , they were usually granted an",a a ta a tan . .,0.75
test_001243.png,"first , the Church , which wisely followed the lead",ah  as .,0.9215686274509803
test_001244.png,"the foreign merchants , with whom the King's",ta ta tay .,0.8409090909090909
test_001245.png,sanction at a rate roughly fifty per cent in,tae ae a ay .,0.7954545454545454
test_001246.png,payments were now authorized by parliamentary,ao ta as .,0.8666666666666667
test_001247.png,of the Commons and in its own Convocations,ah e ae ae any .,0.8095238095238095
test_001248.png,"at ' colloquies of merchants ' , and whose",t ae ta as .,0.8095238095238095
test_001249.png,officials had formerly made private bargains,th a an .,0.8636363636363636
test_001250.png,There were two other sources of public revenue -,h a ae any .,0.8541666666666666
test_001251.png,excess of the rate for native merchants .,an ae tae tany .,0.7317073170731707
test_001252.png,"granted equivalent contributions , and second ,",to t y .,0.8936170212765957
test_001253.png,"In addition to these revenues , the King had the",ta a ta  s .,0.8541666666666666
test_001254.png,vely simple obligations of the feudal pyramid,th e tay .,0.8666666666666667
test_001255.png,"and national war , and in which the comparati-",ay .,0.9565217391304348
test_001256.png,"It was , therefore , a complicated and not very",to ae tay .,0.851063829787234
test_001257.png,as ill-defined as the borders between private,t e ta ans .,0.8444444444444444
test_001258.png,satisfactory financial system in which the,ta a tan y .,0.7857142857142857
test_001259.png,financial benefits of his position at the head,ta a y .,0.8913043478260869
test_001260.png,"of the feudal system , as its chief landowner",tae a y .,0.8444444444444444
test_001261.png,and the recipient of the fines of royal justice .,ao ta s .,0.8163265306122449
test_001262.png,borders between private and public purse were,th ae y .,0.8666666666666667
test_001263.png,"and , where the poorest were to pay a groat ,",ane tas .,0.8444444444444444
test_001264.png,attempt to apply a sliding scale to the,ae a  tan .,0.8205128205128205
test_001265.png,and between these two extremes a graduated,an ae as .,0.8333333333333334
test_001266.png,But this time there was a very interesting,th ae e tae aey .,0.6904761904761905
test_001267.png,scale of payments was fixed for the,th ta tan . .,0.8285714285714286
test_001268.png,payments demanded . The definition of an,tae a an .,0.825
test_001269.png,different classes of laymen and clerics .,ta ta a tay .,0.7804878048780488
test_001270.png,"adult was altered to read ' over sixteen ' ,",ahe a ae ta ny .,0.7272727272727273
test_001271.png,"of Canterbury and York were to pay ten marks ,",ta a  s .,0.8478260869565217
test_001272.png,the Duke of Lancaster and the Archbishops,te tay .,0.8536585365853658
test_001273.png,"In the following year , 1380 , the last and",tae ae any .,0.813953488372093
test_001274.png,the results disappointing - a tax estimated,ah ae ae ae y .,0.813953488372093
test_001275.png,"to yield 50,000 in fact raised only 27,000 .",tae tae tae any .,0.7272727272727273
test_001276.png,Again the resentment was widespread and,aoe ae h ta .,0.7948717948717948
test_001277.png,poor communications and not over supplied,th  tan .,0.8780487804878049
test_001278.png,far away from the capital in a town with,ta ta y .,0.85
test_001279.png,with hostelries and lodgings .,ahe ae a ae any .,0.7
test_001280.png,most notorious third poll-tax was agreed,ah any .,0.9
test_001281.png,by a Parliament which met at Northampton .,tae ae tay .,0.7857142857142857
test_001282.png,There were dark reasons for a meeting so,toe ae  s .,0.85
test_001283.png,The city merchants were jealous of foreign,a as .,0.8809523809523809
test_001284.png,from the chronicles that this was a sordid,ty .,0.9523809523809523
test_001285.png,merchants who could tempt court and,ta s .,0.9142857142857143
test_001286.png,baronage with rarer luxuries than those,ae a tae a s .,0.7692307692307693
test_001287.png,quarrel between monopolists and interlopers .,to  tas .,0.8444444444444444
test_001288.png,those charged with the crime . It is clear,th tae ta ae tas .,0.6904761904761905
test_001289.png,London was again in turmoil ; but this time,aoe ta tan .,0.8372093023255814
test_001290.png,over a question of trade rivalry . A rich mer-,the ae tay .,0.782608695652174
test_001291.png,"chant from Genoa had been murdered , and",ao  .,0.925
test_001292.png,"John de Kyrkby , a Londoner , was one of",th e ta s .,0.8
test_001293.png,the suggestion that the rich should help,ts .,0.925
test_001294.png,"poll-tax had supplied 22,000 , a tax of",tas .,0.8974358974358975
test_001295.png,"carrying it into effect , and a subordinate", y .,0.9534883720930233
test_001296.png,Trebling the rate was arrived at by a simple,ao y .,0.9090909090909091
test_001297.png,"arithmetic which argued that , as the first",ts .,0.9302325581395349
test_001298.png,"three times the rate would produce 66,000 .",ty .,0.9302325581395349
test_001299.png,objections to the first two poll-taxes was,tas .,0.9047619047619048
test_001300.png,The only concession made in view of the,ty .,0.9487179487179487
test_001301.png,because no machinery was provided for, .,1.0
test_001302.png,the poor - but this was only a pious hope,y .,0.9512195121951219
test_001303.png,"content of blood , appearing paler in so doing in animals",ahe e ae tae tas .,0.8070175438596491
test_001304.png,ments alternate with rests and are seen best in cold animals,tay .,0.95
test_001305.png,"from the dissection of living animals , showing how these move-",ta a n .,0.9047619047619048
test_001306.png,"the heart becomes generally constricted , its walls thicken ,",tae a e ta y .,0.8032786885245902
test_001307.png,In Chapter Two he gauged the nature of the heart's movements,to  ans .,0.8833333333333333
test_001308.png,"such as serpents , frogs , and the like .",ah a ae ta tae .,0.7073170731707317
test_001309.png,its ventricles decrease in volume and it expels its,a ta tn . .,0.8627450980392157
test_001310.png,or in flagging warmer ones . At the time of its movement,te e a a y .,0.8571428571428571
test_001311.png,ventricular content .,to y .,0.8095238095238095
test_001312.png,the forcible expulsion of their contained blood by the,ts .,0.9444444444444444
test_001313.png,"of the apex , the thickening of the heart walls , and",ta s .,0.9056603773584906
test_001314.png,"the dissections of living animals , Harvey noted that",to   .,0.9433962264150944
test_001315.png,contraction of the ventricles . Going on in Chapter Three, .,0.9824561403508771
test_001316.png,"systole , simultaneously with dilatation of the arteries",tas .,0.9285714285714286
test_001317.png,contraction of the heart and the apex beat occur in,ty .,0.9607843137254902
test_001318.png,"to the movement of the arteries , likewise gauged from",ts .,0.9444444444444444
test_001319.png,"and of the artery-like vein , and expulsion of the",tas .,0.92
test_001320.png,"At one and the same time , therefore , occur the beat",tas .,0.9245283018867925
test_001321.png,less because their pulse is nothing other,h aee ae ae ae as .,0.7560975609756098
test_001322.png,when movement of blood through arteries is,ah ta a an tan . .,0.8095238095238095
test_001323.png,Arterial pulsation disappears with cessation of,ae a a ae ann . .,0.7872340425531915
test_001324.png,than the impulse of the blood entering them .,ahe tae ae ta ans .,0.7333333333333333
test_001325.png,ventricular contraction . During cutting or puncture of,th e ae e a any .,0.8545454545454545
test_001326.png,"the ventricles , there is often forcible expulsion",h e ae ae ae ans .,0.78
test_001327.png,of blood from the wound . Arterial diastole is,tae a ae ta any .,0.8043478260869565
test_001328.png,"hindered by compression , infarction or inter-",a a ta .,0.9130434782608695
test_001329.png,"ception , the more distal arteries pulsate",ane a ae tae tan .,0.7619047619047619
test_001330.png,"thus synchronous with cardiac systole but ,",ae a ae ann s .,0.8372093023255814
test_001331.png,one can sometimes see it - so to speak,h a e ae a e ns .,0.7368421052631579
test_001332.png,"- rouse itself and , in reply to two or",ae ae ae an . .,0.7692307692307693
test_001333.png,"' And while the heart is slowly dying ,",ah ae a ae ae an .,0.7435897435897436
test_001334.png,"three auricular beats , produce a single",ahe a ae ae an s .,0.725
test_001335.png,reluctantly and with an effort . ',ae ae e e a tans .,0.7352941176470589
test_001336.png,ventricular one slowly and,ae ae a an .,0.7692307692307693
test_001337.png,"said so . Being a craftsman and a skilled man ,",ao tas .,0.851063829787234
test_001338.png,"would , and the comrades helped in many",toe to  s .,0.8461538461538461
test_001339.png,business no good George would never conceal them .,aos .,0.94
test_001340.png,"would have nothing to do with him , others",ta ae .,0.9047619047619048
test_001341.png,ways ., .,0.8333333333333334
test_001342.png,"George won many prizes , and though some people",ay .,0.9361702127659575
test_001343.png,Sentence Database,to s .,0.8823529411764706
test_001344.png,"of the working class to control their own destiny , and",ta .,0.9454545454545454
test_001345.png,He was a socialist and believed in the right,ta ny .,0.8863636363636364
test_001346.png,Yet in spite of the fact that his ideas did his,tay .,0.9361702127659575
test_001347.png,"shop , which was open from 8 o'clock in the morning to",ae ae tay .,0.8888888888888888
test_001348.png,"When eventually the ovens were fixed at the new shop , the tremen-",tas .,0.9393939393939394
test_001349.png,were sold at 32 pieces for one shilling .,oh   e tay .,0.8536585365853658
test_001350.png,dously hard work was if anything intensified . George used to,a    y .,0.9180327868852459
test_001351.png,12 o'clock at night . At that time pastries and buns,t .,0.9423076923076923
test_001352.png,"mix 100 stone of bread in 12 hours , and Kate served in the",a ta y . .,0.8983050847457628
test_001353.png,Soon they were good enough to sing at meetings .,ah a ae ae a y .,0.7916666666666666
test_001354.png,"evening , when George went to speak at Malin Bridge ,",ahe ae ae ae e t .,0.7735849056603774
test_001355.png,"clothing , with which they wore a white tie",ahe e a ae e ans .,0.7674418604651163
test_001356.png,One of the helpful by-products was that,ahe e ae ae  n .,0.7948717948717948
test_001357.png,they would be there to begin the meeting .,h ae ae ae ans .,0.7380952380952381
test_001358.png,"and Red Flag badge , thus presenting a much",h a ae ae ta .,0.7674418604651163
test_001359.png,they were able to obtain some respectable,h a a ae ae as .,0.7560975609756098
test_001360.png,"better appearance . Later , on many a sunny Sunday",ah ae e ae a ae .,0.76
test_001361.png,"men's clubs , to Conisborough on cheap trips to",ta ae tay .,0.8723404255319149
test_001362.png,"sing to the miners , and sang for other organisations such",tay .,0.9482758620689655
test_001363.png,school was held .,to  y .,0.7647058823529411
test_001364.png,"on West Street , where a successful Sunday",ta  a ay .,0.8809523809523809
test_001365.png,the members . The B.S.P. also rented pleasant rooms,t .,0.9411764705882353
test_001366.png,As they became known the Choir went to working-,ta tae tae tay .,0.7872340425531915
test_001367.png,"day evenings to the Corner Pin Hotel , to rally",h a as .,0.9148936170212766
test_001368.png,"as the Bakers' Union , for whom they went on Satur-",tae a s .,0.8823529411764706
test_001369.png,read in prison where it was the,aoe a ta ay .,0.7741935483870968
test_001370.png,"only book they were allowed ,",ahe tae ae ae any .,0.7241379310344828
test_001371.png,George often spoke at the Sunday school .,tay .,0.8780487804878049
test_001372.png,"George , and another the dark-haired",ae ae e ae tany .,0.75
test_001373.png,"with the Bible , which he had",a tae ay .,0.8275862068965517
test_001374.png,One of the students was young,h n tae ae any .,0.6896551724137931
test_001375.png,"He christened the babies . Also , when",ta e es .,0.7894736842105263
test_001376.png,at funerals . Religion was one of his pet,ta ay .,0.8780487804878049
test_001377.png,"called upon to do so , he would officiate",ao y .,0.9024390243902439
test_001378.png,little granddaughter of Charlie Grant .,ton s .,0.8717948717948718
test_001379.png,"subjects , for being well acquainted",to ta any .,0.8333333333333334
test_001380.png,"the Church Socialist League , genuinely advocated",te  y .,0.8979591836734694
test_001381.png,courage of their convictions and their,ae ae ta tn . .,0.7368421052631579
test_001382.png,"with them , particularly those who , like the Rev.",a ae taay .,0.84
test_001383.png,Although his ideas were diametrically opposed,tae e a tany .,0.7777777777777778
test_001384.png,"Conrad Noel , the eloquent leader of",aoe a a  n . .,0.75
test_001385.png,"socialism . With such men , who had the",ta a tay .,0.8461538461538461
test_001386.png,to those of parsons he got on wonderfully well,ao e .,0.8913043478260869
test_001387.png,"Christianity , common ground could be found .",ae a as .,0.8888888888888888
test_001388.png,Just as the Labour Party had fought the,h ae ae a tan .,0.7435897435897436
test_001389.png,mined and obdurate in their attitude that,ahe ae ta a an . .,0.7804878048780488
test_001390.png,There was no abatement in political,ahe a t ae an . .,0.6857142857142857
test_001391.png,"Council meeting on October 16 , 1912 , George",ahe tae ae a n .,0.8222222222222222
test_001392.png,"Council , and to Parliament , being deter-",ahe a a tae s .,0.7857142857142857
test_001393.png,"had said , ' Mr. Barton would go to the poll .",h an ae tae a an .,0.7608695652173914
test_001394.png,voured to get more socialist members sent to the,ahe a a an .,0.8541666666666666
test_001395.png,"Liberals , they were going to fight the Labour",ahe ae a ae n .,0.8043478260869565
test_001396.png,work . The British Socialist Party endea-,h t a a a as .,0.8048780487804879
test_001397.png,their candidate must go forward in the,h tan ta an .,0.7368421052631579
test_001398.png,elections . In the Sheffield Trades and Labour,aoe ae tae a n .,0.782608695652174
test_001399.png,and a gold purse in recognition of his,he ae ae an . .,0.7894736842105263
test_001400.png,"Alf Barton , who in 1911 was presented",he a a a an .,0.8157894736842105
test_001401.png,cessary to understand Marxism in order to,ah ae h . . .,0.8292682926829268
test_001402.png,he was a keen member of the B.S.P. .,te ah an . .,0.7222222222222222
test_001403.png,"work for the movement , was later",h t a tan . ta. . .,0.7575757575757576
test_001404.png,"with a book on the life of Marx ,",h a ahe t .,0.7575757575757576
test_001405.png,"understand socialism , though at this time",a a tae e .,0.8095238095238095
test_001406.png,known to say that it was not ne-,th. h t .,0.8125
test_001407.png,"After the First World War , 1914 , I did not visit",ah ae ae n h any .,0.82
test_001408.png,into it .,  .,0.8888888888888888
test_001409.png,incumbency I was asked if I would start,ae ae ae ta n s .,0.7435897435897436
test_001410.png,Towards the end of my five and a half years',ao h  s .,0.8863636363636364
test_001411.png,"This opened up a new interest , and we plunged",th ae e ta as .,0.782608695652174
test_001412.png,1924 I was in a different parish in Surrey .,ah ae tae tas .,0.7727272727272727
test_001413.png,a village choral society and conduct it .,t e tae ta ta tay . .,0.7073170731707317
test_001414.png,"Germany for ten years , by which time in",to a a tae a n . .,0.775
test_001415.png,"co-operated , we made the little side chapel a place",ae ta a e a n n .,0.7884615384615384
test_001416.png,of daily prayer .,h ae ae an . .,0.7058823529411765
test_001417.png,at Tatsfield to the great modern church of St. Mark's,te ae a e a ae n .,0.7547169811320755
test_001418.png,had been a House of Prayer . I could not but feel the,he e a ta an . .,0.7924528301886793
test_001419.png,When we had found a group of people who gladly,h a ae ae a s .,0.8043478260869565
test_001420.png,"at Purley . One felt at Tatsfield that , small as the",te en a tan s .,0.7735849056603774
test_001421.png,"chilliness of the new church , beautiful as it was and is .",to a a an n .,0.8135593220338984
test_001422.png,"church was , it had its own atmosphere , and for centuries",h t a a a n .,0.8103448275862069
test_001423.png,But what a change from the dear little old church,te  ae n ay .,0.8367346938775511
test_001424.png,for prayer and quiet . In time we received similar,t ae h ae a e as .,0.78
test_001425.png,windows ., .,0.8888888888888888
test_001426.png,helped to furnish the chapel as a little sanctuary,ah ae tae tas .,0.82
test_001427.png,"gifts for the High Altar , and large East and West",ahe n a a  t s .,0.78
test_001428.png,"warming up by constant prayer and worship , and we",ae ae ae tan y .,0.8
test_001429.png,found many to help . Gifts of candlesticks and,h ta e ta n .,0.8043478260869565
test_001430.png,I suggested to the congregation that it needed,te ae n .,0.8478260869565217
test_001431.png,stained-glass lancet windows - finally a new altar -,tae tae taa y .,0.7884615384615384
test_001432.png,such a beautiful building with suitable fittings ; I made,t s .,0.9298245614035088
test_001433.png,"the architect , himself a fine artist . It is quite possible",ta ae ae s .,0.8166666666666667
test_001434.png,table to the environs .,ta ae ae tay .,0.6521739130434783
test_001435.png,a rule that all gifts should be submitted for approval to,to  e y .,0.8947368421052632
test_001436.png,and yet spoil the building with ornaments unsui-,he h t a tan .,0.7916666666666666
test_001437.png,to put beautiful things into a beautiful church,ahe a ae an .,0.851063829787234
test_001438.png,It was very interesting to have the privilege of filling,the a as .,0.8928571428571429
test_001439.png,wives and relations of the soldiers to get their ' Separation ',tae ta ny .,0.9047619047619048
test_001440.png,of the Committee in Coulsdon and Purley .,te   a tae an .,0.7560975609756098
test_001441.png,At a large public meeting we launched the project known as the,to  y .,0.9354838709677419
test_001442.png,"became very urgent , and I was asked to be Chairman",ta ae ay .,0.8627450980392157
test_001443.png,"I found myself deeply involved . At first , the main work was to help",ao ay .,0.927536231884058
test_001444.png,Meanwhile in Purley there was much activity and much,tae tans .,0.8653846153846154
test_001445.png,co-operation especially with the other Christian communities .,toe a ay .,0.8709677419354839
test_001446.png,"allowances , but soon , alas ! , as casualties began and increased",ta a ae ay .,0.8484848484848485
test_001447.png,' Coulsdon and Purley Patriotic Fund ' in whose counsels and committees,ta y .,0.9436619718309859
test_001448.png,in the winter of 1914 and 1915 the matter of War Pensions,ta y .,0.9298245614035088
test_001449.png,Chairman of the local War Pensions Committee . This,ao a  .,0.8823529411764706
test_001450.png,task involved a very great deal of detailed work for,ah tan y .,0.8846153846153846
test_001451.png,"the Committee . We had a splendid body of local residents ,",ta tae ay .,0.864406779661017
test_001452.png,and a series of excellent Honorary Secretaries . Our,ane a ae tay .,0.7692307692307693
test_001453.png,"Indeed , for the next seventeen years , during my time at",ae ae ae any .,0.8245614035087719
test_001454.png,"Committee met once a week in the evenings , and",tae a tae any .,0.7872340425531915
test_001455.png,life .,  .,0.8333333333333334
test_001456.png,"Purley , and from 1922 at Surbiton , I was continuously",tae ae tae a tay .,0.8181818181818182
test_001457.png,included professional men from every walk of,tae ae ae ae tany .,0.7727272727272727
test_001458.png,time and # never interfered in the slightest,h  a ta as .,0.8636363636363636
test_001459.png,' immediately carried into effect ' - not in spite of himself,tae tae ae a tay .,0.819672131147541
test_001460.png,throughout . He had no sooner heard from Count Gamba,ahe ae ae tay .,0.8076923076923077
test_001461.png,body to return to England than that course was,ah a tan . .,0.8260869565217391
test_001462.png,"When he saw Trelawny's printed letter , Lord Sidney wrote",ah tae ae e ah n .,0.7894736842105263
test_001463.png,"and Sir Frederick Stoven , but with their perfect con-",a tan an an .,0.8703703703703703
test_001464.png,"currence , while ' General Adam was at Corfu the whole",ah ae ae ae tan .,0.8148148148148148
test_001465.png,to Douglas Kinnaird saying that it was incorrect,tae ae ae ta tns .,0.7291666666666666
test_001466.png,and Fletcher that Byron would have wished his,a ta a an . .,0.8
test_001467.png,degree about the matter ' .,a ta tae tan .,0.7037037037037037
test_001468.png,evidently not passed on that information ;,ae a tae an ay .,0.7619047619047619
test_001469.png,"as the year of their wedding , 1815 , had",the ae a ta e t .,0.7073170731707317
test_001470.png,"knew perfectly well that Byron , as early",h aee a a a n .,0.7804878048780488
test_001471.png,Their friendship for Augusta became rather,th a a n t .,0.8333333333333334
test_001472.png,her practically all his money caused it to,te  a ane tn . .,0.7619047619047619
test_001473.png,title .,  .,0.8571428571428571
test_001474.png,crumble to oblivion . Though Lady Byron,ae a a ae tn . s .,0.7948717948717948
test_001475.png,without the fortune that would keep up the,a tae ae tae n . .,0.7380952380952381
test_001476.png,and it came as an appalling surprise to,th ae an . .,0.7948717948717948
test_001477.png,"hollow , and the news that Byron had left",aoe ae ta. ae .,0.7560975609756098
test_001478.png,Captain Byron that he had been left,a ae a a ae .,0.7428571428571429
test_001479.png,"made a will in Augusta's favour , she had",ahe a ae ae ae .,0.7317073170731707
test_001480.png,"Then , abruptly , he drew himself up",ahe ae ae tan n .,0.75
test_001481.png,became great sighs of ecstacy .,a a n ta a an . .,0.7419354838709677
test_001482.png,"and came into the livingroom , where",h ae ae a an e s .,0.75
test_001483.png,his toes . He stretched his arms,te ae a ta any .,0.75
test_001484.png,drawing-in great breaths that,tae a a e t t .,0.7241379310344828
test_001485.png,and walked on the very tips of,th tae a ae ae an .,0.6666666666666666
test_001486.png,"his entrance . He came , almost falling",te   a ae ta as .,0.717948717948718
test_001487.png,Heather and Steve stood aghast at,a ae a ae tan . .,0.696969696969697
test_001488.png,"over his head and yawned agape ,",ahe ae a ae a tany .,0.65625
test_001489.png,He rose from his breakfast-nook bench,he ae a a e an .,0.7297297297297297
test_001490.png,"thrust out , arms dangling loosely .",the ae tae a tan s .,0.6388888888888888
test_001491.png,"forward in an ungainly shuffle , neck",an a ta tan .,0.7837837837837838
test_001492.png,hands together between his knees and leaning,ahe a a ane s .,0.7727272727272727
test_001493.png,""" They have come ! "" he said reverently , gripping his",ahe e ae a e ae an .,0.7222222222222222
test_001494.png,"transcendent event , the exalted desire of all",ae a ae ans .,0.8043478260869565
test_001495.png,mankind through all ages ! The Kingdom of the,ae ae a ae aen s .,0.7333333333333333
test_001496.png,upward and shook his head slowly from,ae a ae ae tan e .,0.7567567567567568
test_001497.png,"Mind is at hand ! "" He turned beaming eyes",ah a ae ans .,0.7857142857142857
test_001498.png,side to side .,ah   a .,0.7857142857142857
test_001499.png,"forward . "" Isn't it a glorious thing ! Long awaited",ae a aee ae tay .,0.8461538461538461
test_001500.png,at an intersection for the light to change . At his,ah ta a s . . .,0.803921568627451
test_001501.png,apartment he garaged his car and then stood,h a ae ae an e .,0.6976744186046512
test_001502.png,A superfluous precaution for there was no other car,tae ae a e ane .,0.7843137254901961
test_001503.png,loses its beat in death .,toe a ta tay .,0.64
test_001504.png,abroad ; and no pedestrian to cross his path nor to wait,ahe a ae e a ae s .,0.8035714285714286
test_001505.png,"earth had lost its life-tempo , as the heart",ae a ae ae s .,0.7954545454545454
test_001506.png,listening in the night . Listening in vain . For the,ta a ta e a an .,0.7692307692307693
test_001507.png,The set lighted-up but gave only a low,ta ta a n tae t .,0.7894736842105263
test_001508.png,"shaving when it came on , with a flat",ae ae ta n the s .,0.6756756756756757
test_001509.png,"... this is BBC calling ... """,te  a  t .,0.8275862068965517
test_001510.png,"the radio , which he kept tuned to CBO.",h n tae ae tae .,0.717948717948718
test_001511.png,"voice repeating : "" This is BBC calling",ah ae ta ae tay .,0.8461538461538461
test_001512.png,"Deadly stillness , deadly portent !",ta    .,0.9142857142857143
test_001513.png,Steve awakened early and switched on,ah ta an n an .,0.7777777777777778
test_001514.png,buzzing sound . He had just finished,ae ae h a ae tay .,0.8055555555555556
test_001515.png,flying saucer was tilting and dipping over,a a a ae tan . .,0.7619047619047619
test_001516.png,Coming around the great mass of the Chateau,tae a ta ay .,0.813953488372093
test_001517.png,almost painful sharpness . He reversed and,ahe a tae a t .,0.7857142857142857
test_001518.png,"whirring sound , and a high-pitched hissing",ae ae ae tay .,0.8604651162790697
test_001519.png,overtone that sang in his ears with an,a tae n ta. .,0.7894736842105263
test_001520.png,the War Memorial . There was a deep,h a tae tae ta h .,0.6857142857142857
test_001521.png,"Laurier , he braked to a screeching stop . A",aoe a a an . . .,0.7272727272727273
test_001522.png,turned back on McKenzie Avenue .,aone tae a any .,0.71875
test_001523.png,"them out . Just what these orders will be , we don't",he a ae tae tae ae .,0.75
test_001524.png,longer have any immunity .,ae tae ae ae  s .,0.6538461538461539
test_001525.png,caped Thetan subjugation . This time . But we no,ahe a a a . s .,0.75
test_001526.png,selves in their zeal to get their orders and to carry,h ta a ae ae ae t .,0.7547169811320755
test_001527.png,""" The Thetans , "" he said , "" are presumably here to",ta ta an . n .,0.8269230769230769
test_001528.png,"take charge , as it were , of the minds of the",h ae ae a y .,0.8043478260869565
test_001529.png,people - who are probably falling all over them-,ahe ae a tn n .,0.7916666666666666
test_001530.png,"know . Now , because of prior hypnosis we have es-",ah ta a ta t . .,0.86
test_001531.png,Thetans discover our mental independence,the ae e tae as .,0.775
test_001532.png,"detection . If we can - well , then we",a ae th tan . . .,0.7894736842105263
test_001533.png,may be able to promote our own,h t e ta t .,0.7333333333333333
test_001534.png,treatment . If we can avoid undue,ta ae a s .,0.7575757575757576
test_001535.png,There can be little doubt that if the,aoe h e ae ae an n .,0.7027027027027027
test_001536.png,"are , beyond personal security ,",h ta a ay .,0.8125
test_001537.png,interests . What those interests,to ae a as .,0.8125
test_001538.png,"prominence , it may be that we can",ta a a a as .,0.7941176470588235
test_001539.png,we may form the nucleus around ...,te e ae t ta y .,0.7352941176470589
test_001540.png,"I haven't a clue ; but , who knows ,",tan ae a ae ay .,0.75
test_001541.png,they will promptly give us their hypnotic,h ta a a ae tas .,0.8048780487804879
test_001542.png,move about pretty freely without,ao a ae tae y .,0.71875
test_001543.png,"back at them . "" Heather agreed , and suggested",ah ae tae ae a an .,0.6808510638297872
test_001544.png,on her part ; but he thought it a good idea,he n a a a e .,0.7906976744186046
test_001545.png,There is just a hope that we may uncover,ah ae ae ae ans .,0.725
test_001546.png,that they use Dan as a specimen demonstra-,ah e an .,0.8095238095238095
test_001547.png,"some weakness , and find a way of fighting",ahe tae ta a any .,0.7380952380952381
test_001548.png,not have been entirely an objective suggestion,ahe a ae a an .,0.8043478260869565
test_001549.png,ting how the Thetan machinations had been,ah a ae tae a . .,0.7560975609756098
test_001550.png,working out . It occurred to Steve that this may,a a ae .,0.9166666666666666
test_001551.png,nevertheless .,ts .,0.7142857142857143
test_001552.png,"preoccupied , and it seemed that the",a n ae tan .,0.7777777777777778
test_001553.png,ventured forth and made their way on,a ta tae tany .,0.7222222222222222
test_001554.png,to offer any greeting . He was deeply,te tae tae tae tay .,0.7297297297297297
test_001555.png,a new and strange phenomenon .,tae tae ta tan . .,0.7
test_001556.png,foot to Dan's house . Dan came,ah ta ae ae aey .,0.7333333333333333
test_001557.png,nor sound of flying saucers . So they,h ae ae a .,0.8378378378378378
test_001558.png,So they proceeded to see if the coast,te  aen e h .,0.7567567567567568
test_001559.png,to the door at their ring but neglected,th a e ta ae ay .,0.7692307692307693
test_001560.png,ringing of a doorbell was to him,ao tae a .,0.8125
test_001561.png,"deserted , and there were neither sight",a ae t an an .,0.7948717948717948
test_001562.png,was clear . The street was quiet and,ahe th tae ta ta t .,0.6666666666666666
test_001563.png,"of their presence . They just stared at him , turning",to ta s .,0.8867924528301887
test_001564.png,"decided upon . Inside they sat down unbidden , while",ta ta s .,0.9038461538461539
test_001565.png,Dan paced the floor . He seemed completely unaware,ta ta es .,0.86
test_001566.png,their heads like tennis spectators as he walked up and,ty .,0.9629629629629629
test_001567.png,"When he finally beckoned to them to enter , the action",ta ay .,0.9259259259259259
test_001568.png,"down , up and down .",ta tae ta y .,0.75
test_001569.png,gave the impression of having been thought out and,ta y .,0.92
test_001570.png,Heather and Steve tried to make themselves,ae ae tay .,0.7857142857142857
test_001571.png,and the purpose he was to serve .,ahe ae ae ae ae ay .,0.6060606060606061
test_001572.png,communication and of a vague,to a ta ae tay .,0.7142857142857143
test_001573.png,"powerful , world-wide radio and systematically",ae ay .,0.9130434782608695
test_001574.png,turned the tuning knob through all the,aoe ae tae a .,0.7894736842105263
test_001575.png,at home . Steve switched on Dan's,ta an . .,0.8787878787878788
test_001576.png,impatience pending an awaited,ahe ae a ae tae .,0.7241379310344828
test_001577.png,"Finally , being so obviously on their own ,",tae ae a ae t .,0.813953488372093
test_001578.png,perplexity respecting his surroundings,ta ta an .,0.868421052631579
test_001579.png,His whole attitude was a mixture of,ae ae ta an .,0.7428571428571429
test_001580.png,tuning points of the world's great radio,ahe a n .,0.875
test_001581.png,"First , it was Sunday morning ; and , second , everyone",th ae e a a ae tas .,0.8
test_001582.png,a single all-exclusive purpose .,t ae tae ans .,0.75
test_001583.png,the Avenue from its many tributary streets . It might have,tae tae a tas .,0.7931034482758621
test_001584.png,"been a normal business-day bustle , except for two anomalies .",th te ta e ay .,0.8387096774193549
test_001585.png,"walked , or drove , or waited as a person possessed of",th tae tae an y .,0.8148148148148148
test_001586.png,"They followed him to a city bus stop on Carling Avenue , where",tae ta ay .,0.8870967741935484
test_001587.png,he waited . The bus stop was a deserted island on an empty street .,tae tae .,0.8805970149253731
test_001588.png,"But not for long , for soon pedestrians and cars flocked upon",ta tae y .,0.9016393442622951
test_001589.png,"as arranged , but he consoled himself by",te ae a h ta tae s .,0.725
test_001590.png,plenty of time together in the future . And,ah a tae ae n t .,0.7209302325581395
test_001591.png,January or early February . Angelina might be a,ahe a a ae ans .,0.8085106382978723
test_001592.png,little sorry if we were not back for Christmas,h a taee ae an .,0.8260869565217391
test_001593.png,"back on Moon again , and able to do",ahe a a ae th . .,0.7142857142857143
test_001594.png,real days and would return to New York in late,he ae ae ae n .,0.7608695652173914
test_001595.png,"the future of everyone , including Angelina , depended ...",th ae ta tay .,0.8448275862068966
test_001596.png,research at first hand into matters on which,ae a tae ae tae .,0.75
test_001597.png,Then he would go back to Plato for a final spell of,h a a an . .,0.803921568627451
test_001598.png,thinking that he and Angelina would have,ahe a a ta nn s .,0.75
test_001599.png,"Heaven alone knew when , if ever , he would be",ahe ae tae tae ae aey .,0.6956521739130435
test_001600.png,"had done so , had not materialised . "" Do you",h n n ta a  . tas .,0.7111111111111111
test_001601.png,"salary raise , on the expectation of which they",ahe a a . .,0.8297872340425532
test_001602.png,Hostettler, .,1.0
test_001603.png,"had contacts in political circles , a school-",h ae ae ae aeny .,0.8
test_001604.png,"They had been married for six years , but the",h a a ae e e ae n .,0.7111111111111111
test_001605.png,( literally ) all-powerful Rocket Release,ae ae ae ay .,0.8292682926829268
test_001606.png,a Mocrat Senator with a seat on the,t e tae ae ae an .,0.6857142857142857
test_001607.png,"friend of hers having married Lester Peron ,",ah a a a tn .,0.7954545454545454
test_001608.png,Board ., .,0.8571428571428571
test_001609.png,"furniture in the second year , "" she moaned . She",tae ae tae ay .,0.7755102040816326
test_001610.png,"know , I had to send back our bedroom",ahe ae tae ae tay .,0.7567567567567568
test_001611.png,"All Sally's relations were 4makrodeb now , but Tom",ao tae ae y .,0.82
test_001612.png,"was a Static Mib , the middle-income-bracket equivalent",h ae e ae ay .,0.8363636363636363
test_001613.png,to 4sub-lil on the lower .,he te a e  ta .,0.7307692307692307
test_001614.png,"evening , when he had been left to cook his own meal .",tae ae ay .,0.8518518518518519
test_001615.png,"Sometimes she took Harry around with her , but",tae a e an tan .,0.782608695652174
test_001616.png,"never her husband , a fact he accepted as inevitable . "" I guess",an a tan .,0.84375
test_001617.png,"Sally made a mistake about me , "" he said one",h  ae ta a .,0.8
test_001618.png,"U.S. President's visit , but by a great storm in the photo-",te ta  .,0.9152542372881356
test_001619.png,not submerged beneath a deep natural atmosphere .,ta y .,0.8979591836734694
test_001620.png,sphere of the sun . A matter which on Earth would hardly,ao tae ta .,0.8571428571428571
test_001621.png,penetrate beyond the minds of astronomers was of general,tay .,0.9285714285714286
test_001622.png,"All Aristotle was excited at the time , not by the prospect of the",tae ay .,0.8939393939393939
test_001623.png,"interest to the Mos , doubtless because their habitat is",ta y .,0.9285714285714286
test_001624.png,"solar system . True enough , such ultimate weapons had not been",ao tae tae tay .,0.8253968253968254
test_001625.png,Board presided had it in their power permanently to warp the,tae tan . s . .,0.85
test_001626.png,especially when one reflected that the rockets over which Mr. Peron's,an s .,0.9130434782608695
test_001627.png,"with time instil the reverence which , on Earth , nature inspires ,",ae a a ae ae tae any .,0.8059701492537313
test_001628.png,allies being more inferior than formerly to W.C.U. in the,a ae tan .,0.8421052631578947
test_001629.png,One wondered if this greater awareness of the physical cosmos might,ta  y . .,0.9104477611940298
test_001630.png,"that they would be in the next one , Moon and her",te  ae ta a ny .,0.7959183673469388
test_001631.png,weapons pronounced conventional .,an ae tan y .,0.7272727272727273
test_001632.png,"used in the last few wars , but it seemed very probable",the ae a tany .,0.7818181818181819
test_001633.png,"wives , romanced about him in his absence . "" Lester was a",tae tay .,0.8793103448275862
test_001634.png,"Sally "" - here she had dropped her voice in homage to the",th as .,0.9298245614035088
test_001635.png,"country lawyer , and we were very small 4microdebs , weren't we ,",ay .,0.9538461538461539
test_001636.png,"duties and his wife , in the manner of middle-brow",ta  tany .,0.86
test_001637.png,we might get GO a bit better if he entered politics .,tae ay .,0.8867924528301887
test_001638.png,Lester was not home yet from his formidable,ae a  s .,0.8604651162790697
test_001639.png,"economic system : that was reverenced - "" when he thought",ta y .,0.9298245614035088
test_001640.png,"plump hand towards her grand pianos , etc :",aoe a aee a ans .,0.7209302325581395
test_001641.png,mouth-organ to be forgotten now . The time,a ae ae ae .,0.8095238095238095
test_001642.png,"at the same time a door banged - "" but don't",tae ae a tan s .,0.7272727272727273
test_001643.png,"got all these lovely things "" - she waved a",th a tn an . .,0.7906976744186046
test_001644.png,we came through to 4makrodeb status and,tae ta nn s .,0.7948717948717948
test_001645.png,Sentence Database,ta s .,0.8823529411764706
test_001646.png,has come for him to be taken seriously,ah e ae tany .,0.7631578947368421
test_001647.png,"as a statesman . """,ah   .,0.8333333333333334
test_001648.png,"say a word about it , Lester wants his",h a an .,0.8421052631578947
test_001649.png,"That 's how he got the votes , that 's how",ae a ae ae ae ans .,0.7142857142857143
test_001650.png,to him as those a lawyer makes in a court,te a tae ta t . .,0.7073170731707317
test_001651.png,But privately he turned out to be as friendly as,ae ae a n . .,0.8125
test_001652.png,"Mr. Wise the tube manufacturer , to have the same adolescent",aoe a as .,0.8666666666666667
test_001653.png,"openness and freshness , though perhaps not the same",ta ta s .,0.8846153846153846
test_001654.png,maturity . One remembered that he was a lawyer,ta a a tany .,0.8043478260869565
test_001655.png,"by training , and suspected that the points he made",te e ae e ae s .,0.7647058823529411
test_001656.png,of law ., y .,0.75
test_001657.png,so sharply in international politics were as abstract,ta tas .,0.8679245283018868
test_001658.png,which had grown up during the Moon's,aoe a ae any .,0.8333333333333334
test_001659.png,Then what of the cultural life ? Did this per-,an y .,0.9347826086956522
test_001660.png,"of free men everywhere , could only repel them .",ta . s .,0.9166666666666666
test_001661.png,and counteract the obsession with economics,ta ae s .,0.8372093023255814
test_001662.png,"guise which , far from attracting the allegiance",ta e tay .,0.875
test_001663.png,which might in time become social fact,aoe ta tay .,0.8421052631578947
test_001664.png,The political life of Aristotle looked more and more,an .,0.9423076923076923
test_001665.png,like a masquerade of business interests in dis-,ao s .,0.8936170212765957
test_001666.png,haps nurture a genuinely civilizing impulse,ah as .,0.9069767441860465
test_001667.png,first two centuries ?,ao ta  .,0.8095238095238095
test_001668.png,worried little man-student who kept getting out of,aoy .,0.94
test_001669.png,trans-economic .,y .,0.875
test_001670.png,step . He looked as if nothing Moke and his,any .,0.9302325581395349
test_001671.png,"to be diverted , however , with the single exception of one",ay .,0.9830508474576272
test_001672.png,neurosis and not in some eruption from those,ao tay .,0.8863636363636364
test_001673.png,GO ; but the reason probably lay in elementary,to tay .,0.8695652173913043
test_001674.png,deeper layers in the human psyche which are,ta e tas .,0.8372093023255814
test_001675.png,minions could do to him would ever make him,tay .,0.9302325581395349
test_001676.png,"Stepping out in their white shorts , they looked glad enough",toy .,0.9333333333333333
test_001677.png,putting their best foot forward .,an tae ae ta tay .,0.6666666666666666
test_001678.png,"had to get to pay off their college bills , were naturally",he ae a ae any .,0.8275862068965517
test_001679.png,"these young ones , on parade for jobs which they",ah an tan .,0.875
test_001680.png,"Mos have an un-American love of parades , and",he a a an .,0.8
test_001681.png,"So once again the metaphysics were depressing ,",te e a a y .,0.8297872340425532
test_001682.png,and in absolute contrast to the physical display .,h tae ae ta an .,0.76
test_001683.png,of the jungle . ' Think there 's Indians,te aee a e tany .,0.775
test_001684.png,didn't seem to want to get off the raft . ',a a n . s .,0.8372093023255814
test_001685.png,about ? ' It was most certainly an eerie,ae a e ae ae tay .,0.725
test_001686.png,edge ... did you notice ? And the mules,h tan ae ta s .,0.8461538461538461
test_001687.png,"whose presence I could almost smell ,",tae ae ta any .,0.8108108108108109
test_001688.png,carefully casual . ' The servants are all on,tae tae tany .,0.7954545454545454
test_001689.png,"' Something 's up , ' said Lord Undertone ,",ta ae ae an tans .,0.7906976744186046
test_001690.png,"night , exceptionally brilliant and strange ,",ah tae ae tay .,0.7777777777777778
test_001691.png,He peered as it were into the dark secrets,tan ae ta ay .,0.8095238095238095
test_001692.png,"for in the proximity of the mountains ,",t ae tany .,0.7948717948717948
test_001693.png,"a bit earthbound tonight , Trout . I 've got a queer",th ae tae ta a an .,0.8076923076923077
test_001694.png,"if you ask me . Might be jaguar , might be ...",te a an ae ae .,0.782608695652174
test_001695.png,sensational 's going to happen . There 's things lurking,ao tae tae tae t . t .,0.7678571428571429
test_001696.png,"' Impressive , ' Lord Undertone said , gazing reverently",ae a ta ae ae as .,0.8214285714285714
test_001697.png,"feeling , like I always get when something",aoe tae ta tany .,0.8095238095238095
test_001698.png,head-shrinkers .,ta  s .,0.75
test_001699.png,on the cosmic handiwork . ' All those stars . But I 'm,ta ta  an h .,0.8333333333333334
test_001700.png,"Hope I die kind of composed , Trout . I mean you can't",h ae a ae ae .,0.8518518518518519
test_001701.png,"imagine the Christian martyrs twisting and shrieking ,",aoe ae tae tae ay .,0.7777777777777778
test_001702.png,"lion munching , or arrows where it hurts most . Or",ah a ae tae e. .,0.8
test_001703.png,shadows beyond the river . ' Something moved . ',aoe ae h a ta as .,0.75
test_001704.png,can you . Look over there . ' He pointed to the,h a a an an . .,0.8297872340425532
test_001705.png,"no matter how bad it felt , the fire you know , or a",tae e a a ann . .,0.7884615384615384
test_001706.png,through fear . ' A character Mr Gilberto mentioned,to ta y .,0.88
test_001707.png,of a bottle . If your lordship will excuse me,ta n tas .,0.8888888888888888
test_001708.png,a moment ... ',f  .,0.8571428571428571
test_001709.png,"to other day , my lord . A being of whom",ta ae ta s .,0.8
test_001710.png,the forest Indians are said to be mortally,a s .,0.9047619047619048
test_001711.png,"afraid , with a hoof shaped like the heel",toe a tas .,0.8292682926829268
test_001712.png,"' Bottle-Foot , my lord . ' ' Bottle-Foot ? ' His lordship",to ae tay .,0.896551724137931
test_001713.png,may have thought I had become unbalanced,ta as .,0.9
test_001714.png,"to entertain for an instant the idea , the",ae ta ae ae . .,0.7619047619047619
test_001715.png,"to watch Mr Septimus more closely , Mrs",tae ae a a n . .,0.7948717948717948
test_001716.png,Caine too and Mr Gilberto who would ...,ahe ane tn . .,0.7435897435897436
test_001717.png,would be inopportune ; and with the idea came,ahe ae ae ae n n .,0.8
test_001718.png,Mr Septimus stood in the same case as,he n n ae a ae n . .,0.7297297297297297
test_001719.png,"inconceivable idea , that Ariadne's arrival",ae ae ae as .,0.7674418604651163
test_001720.png,myself ? But was it so ? I allowed myself,aoe ae ae a n .,0.8292682926829268
test_001721.png,"strange , the unwelcome , the almost",tan ae ta ae tas .,0.7222222222222222
test_001722.png,"Sally and of course Mrs Septimus , for surely",ah tae ae ae s .,0.8222222222222222
test_001723.png,"a somewhat vulgar impulse , which I refused ,",tae an a a as .,0.8222222222222222
test_001724.png,Mr Septimus reserved and certainly very,te n a a tan . . .,0.7692307692307693
test_001725.png,"any rate they remained with us , perhaps",h h ae tae ae as .,0.7
test_001726.png,we were all invaded by a most tranquil,he ae ae a a ans .,0.6842105263157895
test_001727.png,But all three were to the casual,h t ae ae tay .,0.71875
test_001728.png,"thoughtful , but that was his habit . Indeed",ae a a a a ae h .,0.75
test_001729.png,"for such protection as our presence , or Mrs",te e ae a an . .,0.7954545454545454
test_001730.png,savage tribes never approached this region : at,ahe a ann e . .,0.8085106382978723
test_001731.png,"mood . Even the Indian servants relaxed , knowing ,",ah h ae ae a n s .,0.7647058823529411
test_001732.png,observation I permitted myself unruffled ;,ae ae a an s .,0.8333333333333334
test_001733.png,"so Mr Gilberto told us , that the wild and",te tae a a tan . .,0.7619047619047619
test_001734.png,But after what Mrs Caine had said it was never,ta s .,0.8913043478260869
test_001735.png,to receive a summons . I could see that Mr Septimus,ta y .,0.9019607843137255
test_001736.png,far from our minds that at any moment we were,to s .,0.9111111111111111
test_001737.png,"a promontory , a mass of clean rock crowned with",ta n .,0.8958333333333334
test_001738.png,"was impatient for it . This afternoon , then , we climbed",th ae as .,0.8771929824561403
test_001739.png,"trees and bushes , that stood well out over the lake .",ay .,0.9444444444444444
test_001740.png,""" Good-bye , Morfydd . "" He sought to enfold her in his arms . But he was too late .",tae tay .,0.9047619047619048
test_001741.png,heart that Morfydd was leaving him as surely as she was leaving Dinas .,ta y .,0.9154929577464789
test_001742.png,"waving , unkissed , from the window . And Dai , on the pavement , knowing in his",ty .,0.9625
test_001743.png,""" Good-bye , Dai , "" said Morfydd , smiling from the bottom step .",to a tan .,0.8787878787878788
test_001744.png,"She was already up the bus steps , and the bus was away . And Morfydd Owen",th ta y .,0.8783783783783784
test_001745.png,Dinas Motor Omnibus Co. to ask what had happened to their,toy .,0.9298245614035088
test_001746.png,scene . The first intimation that all was not well came when a,ta .,0.9516129032258065
test_001747.png,"on those fifteen miles of mountain roads , it disappeared from the earthly",tae tay .,0.918918918918919
test_001748.png,damn bus ., .,0.9
test_001749.png,"Mr. Isaiah Roberts , landlord of The Traveller's Joy , rang up the",ta tny .,0.9090909090909091
test_001750.png,"So the bus set out for Llangrwl . But it never reached there ! Somewhere ,",ta  ay .,0.9324324324324325
test_001751.png,""" Don't want to take too much notice of those old timetables , "" Ifor said ,", n .,0.9736842105263158
test_001752.png,"reasonably . "" Start running punctual and where are you ? People get",toe tan ay .,0.8676470588235294
test_001753.png,"left behind , isn't it ? Very exasperating for one and all . """,ta o a ay .,0.8387096774193549
test_001754.png,"supposed to leave at two-twenty . "" "" Who says so ? "" "" Your timetable . """,tae ae a s .,0.8378378378378378
test_001755.png,""" Left here all right , "" said Ifor . "" Two-thirty-five , on the dot . "" "" It 's",ta a a an . . .,0.8625
test_001756.png,"the mask , now , Ifor did . "" Dai Pugh , "" he bellowed . "" Leap on your bicycle",toe a e ay .,0.8734177215189873
test_001757.png,"of humour , that Isaiah . He banged down the receiver . Very uncivil . Dropped",ta y .,0.9230769230769231
test_001758.png,and scour the countryside between here and The Traveller's Joy .,ta ns .,0.90625
test_001759.png,""" What do you want me to do ? Send out a sheriff's posse , is it ? "" No sense",ta an .,0.935064935064935
test_001760.png,""" And what are you going to do about it ? "" Tendentious , Mr. Roberts sounded .",ta tas .,0.8987341772151899
test_001761.png,The two-twenty to Llangrwl has failed to,th ae a  tan .,0.8
test_001762.png,"some dreadful ravine , or beset by",ae ae ta a n . .,0.7352941176470589
test_001763.png,precious than jewels . Though Mofydd Owen,an ae ae ae s .,0.8292682926829268
test_001764.png,as with trembling fingers he fastened his,a an . .,0.8780487804878049
test_001765.png,"robbers , or being whisked off to Emergency",aoe ae tae tay .,0.813953488372093
test_001766.png,"was , as he feared , departed out of his life ,",a e a e .,0.8297872340425532
test_001767.png,"two-twenty carried , for him , a cargo more",ae tae e a n .,0.7906976744186046
test_001768.png,"trouser clips , he was seeing her lying in",ao ae a ae n n . .,0.7380952380952381
test_001769.png,"complete her mission . "" Paled , did Dai . For the",a a ae an n . .,0.82
test_001770.png,"he still loved her dearly . Already , even",the ae a tan .,0.7857142857142857
test_001771.png,Ward 10 .,  .,0.8888888888888888
test_001772.png,"the title of "" First Woman to Enter Space . """,te n a a n y .,0.7555555555555555
test_001773.png,Cadwallader when his child mind grasped,tae ae ae taeny .,0.7948717948717948
test_001774.png,the fact that the green earth was falling,ae a aee ae a an .,0.6829268292682927
test_001775.png,away at a rate of knots .,ae a ae th any .,0.56
test_001776.png,Morfyyd Owen was already qualifying for,ahe ta n ae tans .,0.7692307692307693
test_001777.png,"But even his imagination , luckily for him ,",th n ta ta .,0.8409090909090909
test_001778.png,did not visualise the awful truth - that,ae tae a ae tan s .,0.725
test_001779.png,""" Where are we going , Mam ? "" inquired little",aee ae an .,0.8043478260869565
test_001780.png,""" Damned if I know , boy , "" said the driver .",ae ta ae ta a ans .,0.782608695652174
test_001781.png,the window . Went and consulted the driver .,tae tae ae any .,0.75
test_001782.png,Where indeed ? Megan Thomas spoke sharply,ahe ae ae tae ta tay .,0.7317073170731707
test_001783.png,his ticket-punch nervously . Peered out of,te e aen s .,0.8095238095238095
test_001784.png,"But nonplussed , the conductor was . A",h ae a an t . .,0.7631578947368421
test_001785.png,depth in this particular instance . Fingered,ah ae tae ae tany .,0.7272727272727273
test_001786.png,"happened , if you ask me . """,a a ae to tey .,0.7142857142857143
test_001787.png,""" Where are we going ? "" he echoed Cadwallader .",aoe a toe tas .,0.7916666666666666
test_001788.png,"to the conductor , demanding an explanation .",ahe ae ae any .,0.7555555555555555
test_001789.png,""" But something very untoward has",ahe a ae ta tan . .,0.7878787878787878
test_001790.png,"good man , mind ; knew his job . But out of",h a a th n .,0.813953488372093
test_001791.png,running into Llangrwl bus station .,ae a tae ae tay .,0.7428571428571429
test_001792.png,"his head . "" God bless my immortal soul , """,te e ae ae a tany .,0.7674418604651163
test_001793.png,"Immersed in the Dinas Advertiser , was the",a a ae ae tas .,0.7619047619047619
test_001794.png,"he cried . "" Never mind your immortal",an tae ae tany .,0.7837837837837838
test_001795.png,very moment when we should be,ahe  ta ae tan . . .,0.7931034482758621
test_001796.png,"window . Looked again , eyes starting from",aoe ta e ae an .,0.7380952380952381
test_001797.png,"folded it , and glanced idly out of the",ae a ae ae an .,0.7692307692307693
test_001798.png,"soul , "" said Megan Thomas tartly .",ahe ae ae ae tany .,0.6571428571428571
test_001799.png,""" Here we are traversing the heavens at the",ahe ae tae a tay .,0.7209302325581395
test_001800.png,"Rev. Edwards . Now he put down his paper ,",he ta a ae a as .,0.7619047619047619
test_001801.png,""" It 's all very well , "" commented",ah ae tae any .,0.8285714285714286
test_001802.png,"it . "" Stung , the conductor was . "" What you",te ae a ae ae tans .,0.7777777777777778
test_001803.png,Mr. Hayball from the back seat .,h tae ta a ann s .,0.6875
test_001804.png,"expect me to do ? "" he inquired , bitter .",ahe a e a a ae as .,0.7619047619047619
test_001805.png,And no one doing the first thing about,h ae tae aee a s .,0.7894736842105263
test_001806.png,"us nowhere , "" boomed the Rev. Edwards .",te e tae n h e y .,0.725
test_001807.png,"is it ? "" "" Mutual recriminations will get",ahe ae ae tans .,0.8095238095238095
test_001808.png,""" Radio Flying Control at London Airport ,",ahe a a ae any .,0.8095238095238095
test_001809.png,though half an hour ago she had,a ae ae a s .,0.7096774193548387
test_001810.png,"at the Youth Hostel before dark . """,ta y . .,0.8571428571428571
test_001811.png,Morfydd Owen was silent . But she,ae ae aee tans .,0.7878787878787878
test_001812.png,would never see her Dai again . And,ta a tan .,0.8
test_001813.png,looked down at the fast-disappearing,tany .,0.9444444444444444
test_001814.png,dismay . Quietly she began to,ao tae ae tas .,0.7241379310344828
test_001815.png,weep ...,  .,0.875
test_001816.png,regarded this possibility with,a a ae tay .,0.8
test_001817.png,"fortitude , it now filled her with",ae a e aee a ay .,0.7941176470588235
test_001818.png,"earth , and it seemed to her that she",ae ta an .,0.8108108108108109
test_001819.png,""" But Eth and me wanted to be",an tae a n . .,0.7241379310344828
test_001820.png,furiously on the road . Not a sign of,tae tan .,0.8108108108108109
test_001821.png,""" Afternoon , Mr. Roberts , "" he called , polite ,",ae a ae tae tay .,0.82
test_001822.png,"Llangrwl , and his dear Morfydd quietly",ta ay .,0.8717948717948718
test_001823.png,as he shot past . His spirits were rising .,tae ae a y .,0.8372093023255814
test_001824.png,He had seen no sign of an accident .,tae ta y .,0.8055555555555556
test_001825.png,Therefore Mr. Roberts must have been mistaken .,ao tay .,0.8723404255319149
test_001826.png,"Joy . At last he caught up Mr. Roberts ,",h ta a any .,0.8
test_001827.png,walking very dogged towards Llangrwl .,to tans .,0.8157894736842105
test_001828.png,the bus . He passed The Traveller's,a a  y . .,0.8857142857142857
test_001829.png,He would find the bus safe and sound in,ta ay .,0.8717948717948718
test_001830.png,"Dai , meanwhile , was pedalling",ah tae a ans .,0.7419354838709677
test_001831.png,"restive queue of people in the bus station ,",ay .,0.9545454545454546
test_001832.png,"he found was Morfydd's mam , working",ae ae ae ae tay .,0.7777777777777778
test_001833.png,But disappointment awaited him . A,an .,0.8823529411764706
test_001834.png,"the windows . Little to be seen , only a",a a any .,0.875
test_001835.png,"few lone stars , and the distant earth",th a ay .,0.8421052631578947
test_001836.png,The beleaguered passengers peered out of,to y .,0.95
test_001837.png,"herself up proper ... Getting dark , now .",ta ta n .,0.8333333333333334
test_001838.png,waiting to be transported to Dinas . And,aos .,0.875
test_001839.png,brooding in her shroud of mist .,tae a n tay .,0.8125
test_001840.png,"when he went to Morfydd's house , all",aoe n .,0.8918918918918919
test_001841.png,The conductor switched on the lights .,ta a any .,0.8421052631578947
test_001842.png,his Eth . Morfydd thought of Dai . The,ahe tan . .,0.8157894736842105
test_001843.png,"looked at his forlorn flock . "" What",tae tay .,0.8611111111111112
test_001844.png,conductor peered ahead into nothingness .,to y .,0.8780487804878049
test_001845.png,"about a verse or two of Cwm Rhondda ? """,ao  y .,0.8974358974358975
test_001846.png,the sleeping Cadwallader . Driver and,thy .,0.8918918918918919
test_001847.png,"Rev. Edwards , standing at the front ,",h ny .,0.8947368421052632
test_001848.png,"Megan Thomas sat tight-lipped , nursing",ae ae tay .,0.8461538461538461
test_001849.png,On the back seat Stan Hayball embraced,to e y .,0.8421052631578947
test_001850.png,he suggested hopefully .,ah ta e tan y .,0.7083333333333334
test_001851.png,from their lethargy . Something was,ta ta s .,0.8285714285714286
test_001852.png,"in a moment , followed by a great",ao e any .,0.8181818181818182
test_001853.png,"too desperate for singing , then the",ae ae tans .,0.8333333333333334
test_001854.png,"situation , he realised , must be desperate",to tay .,0.8837209302325582
test_001855.png,"approaching , faster , faster , a tearing",ta y .,0.9024390243902439
test_001856.png,sank . If the Welsh found the situation,aoe ae tae aey .,0.7692307692307693
test_001857.png,"They looked at him , sullen . His heart",an  ae tay .,0.8461538461538461
test_001858.png,hurrying blur that was past and gone,ay .,0.9444444444444444
test_001859.png,indeed . But suddenly they were roused,tae ae a ae taeny .,0.7894736842105263
test_001860.png,rush of sound . They waved frantically .,ao tae ta ay .,0.75
test_001861.png,"pool and ration our supplies of food , if any . """,tae a an tay .,0.7959183673469388
test_001862.png,""" Do as I say , driver . "" Very stern , the reverend",ae a ae ta a tay .,0.7884615384615384
test_001863.png,"through empty space . "" Thank you , "" the Rev.",a a  . .,0.8695652173913043
test_001864.png,gentleman was . So the driver peep-peeped as,ta an n . .,0.8409090909090909
test_001865.png,"Edwards said courteously . "" Secondly , we must",ae ae ae tae tay .,0.8085106382978723
test_001866.png,a great basket .,f   .,0.875
test_001867.png,"He looked at Price the Provisions , who was nursing",ta a ny .,0.9019607843137255
test_001868.png,"too . "" He folded his arms protectively over the basket .",t e ta n s .,0.8245614035087719
test_001869.png,"Stared back did Price the Provisions , unwinking .",ah a a ae aee any .,0.76
test_001870.png,""" Mr. Price , I think you may be able to help us here , """,ae ae ta an .,0.8421052631578947
test_001871.png,""" Intended for Plas Newydd , this lot is . Paid for ,",ta ta a tay .,0.8490566037735849
test_001872.png,""" Now , who has any food ? "" he asked hopefully .",ta tany .,0.8775510204081632
test_001873.png,said the Rev. Edwards . Price shook his head .,an ae tan .,0.8260869565217391
test_001874.png,"Mutinous dog , thought the Rev. Edwards , who hadn't",an ae ae ta tae s .,0.8076923076923077
test_001875.png,"he roared . Quelled , Mr. Price pulled out a grocery",the tae ae tay .,0.8269230769230769
test_001876.png,"began to read . "" Six loaves , four pounds butter ,",ah ae th a a n .,0.803921568627451
test_001877.png,"list , pushed his glasses up on his nose , and",h ae ae n ta an .,0.782608695652174
test_001878.png,"Island . "" What have you got in that basket , Price ? """,ahe ta te . .,0.8
test_001879.png,"two pounds marge , one tin pineapple , one York ham . """,ae ae a e ans .,0.8
test_001880.png,enjoyed himself so much since reading Treasure,ahe a ta ta a an .,0.8043478260869565
test_001881.png,the Heavy World become changed . Some die . Most live,ta tas . .,0.8490566037735849
test_001882.png,"' But we - ' ' Stop your stupid talk , woman ! ' ' We are - '",ta o  tay .,0.8852459016393442
test_001883.png,"' Be silent , woman , and listen , ' Band Appa Bondi said .",ta ae tae tae ay .,0.7796610169491526
test_001884.png,and grow wings . Between the worlds are many strong,ta a ta s .,0.8627450980392157
test_001885.png,"rays , not seen or felt , which change our bodies .",ah ae ae  s .,0.803921568627451
test_001886.png,"' We know much , ' repeated the Chief Captive . ' Some",ae ta te .,0.8333333333333334
test_001887.png,things we will tell you . All who make the journey from,an . .,0.9272727272727272
test_001888.png,tigerfly is not a tigerfly until it changes . So humans,ah ae a tae aes .,0.7818181818181819
test_001889.png,"stubbornly , throwing himself down . But Lily-yo and",ao ae tay .,0.8653846153846154
test_001890.png,"When you come here , when you come to the True",h ae ae a a n . .,0.782608695652174
test_001891.png,"World , you become a true human . The grub of the",ae a  tay . .,0.8163265306122449
test_001892.png,Flor were listening .,   y .,0.9047619047619048
test_001893.png,"change . ' ' I cannot know what he says , ' Haris said",an tae ta tay .,0.7962962962962963
test_001894.png,heedlessly thrown down their souls .,ae ae ae tae tay .,0.75
test_001895.png,"Lily-yo said , doubtingly . The Captive with the",ae ae a n .,0.8541666666666666
test_001896.png,"young , ' said the Chief Captive . ' You begin newly here .",ae ae tae ta e .,0.7966101694915254
test_001897.png,each other . In their flight from the 4wiltmilt they had,ta tan .,0.9107142857142857
test_001898.png,Where are your souls ? ' Lily-yo and Flor looked at,ta a ta s . .,0.8627450980392157
test_001899.png,"fleshless jaw said , ' The grub of the tigerfly thinks",ao ta tan .,0.8703703703703703
test_001900.png,"' To this True World , as you call it , we come to die , '",tany .,0.9310344827586207
test_001901.png,it dies when it changes into a tigerfly . ' ' You are still,to ta a tay .,0.8135593220338984
test_001902.png,as we are . Some may be born right . ',he  a ae as .,0.7631578947368421
test_001903.png,babies may be born with wings . ' The Captive with,ao tae tas .,0.82
test_001904.png,"the boneless arms added , ' Some may be born wrong ,",ta y .,0.9038461538461539
test_001905.png,' You see . You needed them no more . You are still,toe ta y .,0.8627450980392157
test_001906.png,Haris had trampled on his . It was unthinkable !,ao ta e ay .,0.8333333333333334
test_001907.png,young . You may be able to have babies . Some of those,oh a ta y .,0.8333333333333334
test_001908.png,in life . To know is also good . Because we cannot move,ao  ay .,0.9090909090909091
test_001909.png,is good and knows these things .,te n a tae tay .,0.6875
test_001910.png,' You are too foul to live ! ' Haris growled . ' Why are,ae ae ae tae tas .,0.7857142857142857
test_001911.png,"itself and declared , ' To be a good shape is not all",ah a ta aey .,0.8301886792452831
test_001912.png,Chief Captive said . Suddenly his second head roused,h ae tae an . .,0.7884615384615384
test_001913.png,well we can - think . This tribe of the True World,te e tae ae ae tas .,0.78
test_001914.png,"you not killed ? ' ' Because we know all things , ' the",ta ta . .,0.8909090909090909
test_001915.png,at last . ' We do . ' ' Then why are you captives ? ',te ae ae ae ae any .,0.7735849056603774
test_001916.png,spoke for the first time .,ta ae a tay .,0.7307692307692307
test_001917.png,Captives rule the True World ? ' Lily-yo asked,a ae a ae a s .,0.8043478260869565
test_001918.png,muttered together . ' Do you say that you poor,ae tae ta e ae ans .,0.7608695652173914
test_001919.png,So it lets us rule it . ' Flor and Lily-yo,te  ae ae th tas .,0.7619047619047619
test_001920.png,"The flyman with ear lobes and thumbs connected ,",to ta ae e tay .,0.8125
test_001921.png,"making his perpetual little gesture of protest ,",aoe tae tae tay .,0.7708333333333334
test_001922.png,think and plan and know . Those who know,ta a ae a s .,0.75
test_001923.png,command the knives of others . ' ' No hurt will,ta  ay .,0.9148936170212766
test_001924.png,are slaves to it . Only an outcast is free . Because,ta ae ay .,0.8653846153846154
test_001925.png,"' To rule is to serve , woman . Those who bear power",ae ae ae tan . .,0.8076923076923077
test_001926.png,' You will live among us and enjoy your life free,th  tns .,0.9183673469387755
test_001927.png,from harm . ',  .,0.9230769230769231
test_001928.png,"we are Captives , we have the time to talk and",ae tae a a e ae s .,0.6956521739130435
test_001929.png,"come to you , Lily-yo , ' Band Appa Bondi added .",toe ae ae a a ae n .,0.7551020408163265
test_001930.png,Flor - this other man creature is plainly useless -,ah a a y .,0.8431372549019608
test_001931.png,here at a good time . Memories of the Heavy World,h ae ta a n s .,0.7959183673469388
test_001932.png,and its savage life are still fresh in you .,h  t ta a as .,0.7727272727272727
test_001933.png,"' Before she can enjoy , Lily-yo and her companion",ahe ta ae y .,0.84
test_001934.png,' No ! ' the Chief Captive said with both mouths .,h a tae ta n tay .,0.76
test_001935.png,must help our great plan . ' ' The invasion ? ' Bondi,ahe e a a ta a s .,0.7735849056603774
test_001936.png,"asked . ' What else ? Flor and Lily-yo , you arrive",ah tae tae ae tny .,0.803921568627451
test_001937.png,gasped Flor . ' Yes . We plan to attack the Heavy,aoe h ta ny .,0.8163265306122449
test_001938.png,World . You must help to lead our force . ' The long,ah ta ae tae tas .,0.8269230769230769
test_001939.png,We need such memories . So we ask you to go,te n . . . .,0.813953488372093
test_001940.png,"afternoon of eternity wore on , that long golden road",to ta n .,0.8490566037735849
test_001941.png,of an afternoon that would somewhere lead to,ao .,0.9318181818181818
test_001942.png,back there on a great plan we have . ' ' Go back ? ',ae tae tay .,0.8076923076923077
test_001943.png,everlasting night .,to  y .,0.7894736842105263
test_001944.png,new flesh and tendon strengthened . To sail up in the,tee ta .,0.8867924528301887
test_001945.png,with their wings soon died away as the wonderful,ane tae ae a tay .,0.7916666666666666
test_001946.png,and Haris there were many events . Chief of these was,tae ae ae tas .,0.7924528301886793
test_001947.png,had no place here .,to toe ta tay .,0.6842105263157895
test_001948.png,flopping movements of flymen on the Heavy World,a  a n .,0.9148936170212766
test_001949.png,light gravity became an increasing delight - the ugly,a ta a a ay .,0.8301886792452831
test_001950.png,"Motion there was , but motion without event - except",tae a ae ta as .,0.8269230769230769
test_001951.png,for those negligible events that seemed so large to,t  ta  . .,0.8823529411764706
test_001952.png,"the creatures participating in them . For Lily-yo , Flor",ta tae an s .,0.8214285714285714
test_001953.png,that they learned to fly properly . The pains associated,toe ae ae tay .,0.8035714285714286
test_001954.png,prepared to place complete reliance .,ae tae ae an s .,0.6486486486486487
test_001955.png,"his own life , but Geoffrey's as well , to a strange girl",th a ae ae an . .,0.8245614035087719
test_001956.png,than a couple of telephone calls he was,h ae aee ae tan .,0.717948717948718
test_001957.png,been inclined to regard women as something,th a ae ae an .,0.8095238095238095
test_001958.png,career . Now he realised that he was entrusting not only,h a a ae t .,0.8035714285714286
test_001959.png,which must necessarily be subordinated to his,h a a an n .,0.8222222222222222
test_001960.png,whom he had never met and on whom after no more,h a ae ae ae s .,0.7446808510638298
test_001961.png,Alastair was a bachelor . All his life he had,ae ae ae h tan s .,0.7555555555555555
test_001962.png,obvious that she did not fail to appreciate the,ahe ae ae tan .,0.7872340425531915
test_001963.png,was prepared to accept the responsibility .,he ae a a ae s .,0.7209302325581395
test_001964.png,faith which he was placing in her and,ahe tae tae a s .,0.7297297297297297
test_001965.png,It was a novel experience . Alastair was,ta a  an e .,0.775
test_001966.png,quite unable to explain why he should feel,th tae ae tany .,0.7619047619047619
test_001967.png,she checked back her instructions . It was,a ae a an s .,0.7857142857142857
test_001968.png,so much confidence in her . Once again,te n ta a tae s .,0.7894736842105263
test_001969.png,be waiting for you at the Hotel Roma at six this,a ae ta .,0.8333333333333334
test_001970.png,"both at midnight . "" They might have been",th a e a tae an .,0.7317073170731707
test_001971.png,uneventful life had he come across a girl who,the n t a an e .,0.8
test_001972.png,evening - and I shall look forward to meeting you,aoe th ae tan .,0.8163265306122449
test_001973.png,sounded so charming and appeared to be so,the ae ae an .,0.8048780487804879
test_001974.png,arranging a supper party . Then she rang off .,a ae ta . .,0.782608695652174
test_001975.png,efficient ., .,0.9090909090909091
test_001976.png,""" Good luck , Air Marshal , "" she said gently . "" I 'll",ah  an . .,0.8545454545454545
test_001977.png,Alastair admitted that never in a not altogether,aoe tae a any .,0.7708333333333334
test_001978.png,"below , was not recognisable among the host",ahe ta a e .,0.813953488372093
test_001979.png,of lower peaks . The screen of the air-to-air,t e ae a ae tas .,0.7777777777777778
test_001980.png,For some reason the orderlies had forgotten,te e tae ae ae ns .,0.7441860465116279
test_001981.png,"capped summit of Mont Blanc , seven miles",ahe tae ta ae tae s .,0.7560975609756098
test_001982.png,no permanent image .,aoe ta as .,0.65
test_001983.png,to switch on the lights ; there was no colour -,tae ta ae tan t y .,0.7659574468085106
test_001984.png,physical features were distinguishable solely by,tae tae ta tae tay .,0.75
test_001985.png,"flickered across its surface , but there was",tae ae a an . .,0.8181818181818182
test_001986.png,radar glowed . Occasionally minute spots,ahe ae tae ta s .,0.775
test_001987.png,gradations of silvery greyness . Even the snow-,ae ae ae a ay .,0.8297872340425532
test_001988.png,ground immediately ahead .,ta tae tay .,0.7307692307692307
test_001989.png,make a direct comparison between the radar,ah a a e .,0.8095238095238095
test_001990.png,"left , Milan . The directional angle of the",h tae a ans .,0.7906976744186046
test_001991.png,turned the scale slowly to cover the,a a a a t . . .,0.7777777777777778
test_001992.png,image and the ground itself . Ahead lay the,ahe ae a ae .,0.7674418604651163
test_001993.png,In the exceptional clarity he was even able to,ta tan . .,0.8260869565217391
test_001994.png,scanner could be adjusted to cover any,a a a a . .,0.8157894736842105
test_001995.png,particular area within its range . Geoffrey,ae ae tae ae tans .,0.7209302325581395
test_001996.png,"Plain of Lombardy ; to the right , Turin ; to the",ah ae ae e aen .,0.8163265306122449
test_001997.png,"naked eye , obscured by the ground haze which even",ah a tae n . .,0.82
test_001998.png,at the speed recorder . It seemed almost incredible that,an tae a ae a n .,0.7857142857142857
test_001999.png,the tiny white figure of 8.5 against which the needle,the a a a ae tae .,0.7735849056603774
test_002000.png,on the clearest night limited angular vision . He glanced,ah a a a tae a tay .,0.8070175438596491
test_002001.png,"He was able to pick out towns , unrecognisable to the",aoe ae an an n . .,0.8113207547169812
test_002002.png,was resting could really mean hundreds of knots .,h a a ae ae ae . .,0.7755102040816326
test_002003.png,"ahead of time , "" said Alastair . "" We 'll run",ahe ta ae ae tan .,0.717391304347826
test_002004.png,pitch changed as the nose of the aircraft,ah tae ae tany .,0.7560975609756098
test_002005.png,"Now , as Alastair reduced the thrust , the",ahe ae tae an .,0.8095238095238095
test_002006.png,dipped slightly . The needle of the speed,ae ae th tae ae n .,0.7804878048780488
test_002007.png,miles from their destination .,aoe tae ta tan y .,0.7
test_002008.png,they were still more than four hundred,h ae ae ta a to tay .,0.7105263157894737
test_002009.png,"in on minimum engine power . "" Geoffrey",te ae ae ae any .,0.8205128205128205
test_002010.png,"before coming to rest at 5.0 . "" We 're a bit",ahe a a ae ae s .,0.7777777777777778
test_002011.png,smiled . Alastair talked of running in when,aoe tae ta ta h .,0.7674418604651163
test_002012.png,"recorder swung gently through 8.0 , 7.0 , 6.0",a ae ae tae ans .,0.8222222222222222
test_002013.png,indication pointed to Eve being held .,tae tae ae aen s .,0.7105263157894737
test_002014.png,by special helicopter from the Horse Guards,ta a a tas .,0.8372093023255814
test_002015.png,"Parade to Boscombe Down , slept for six blessed",ta ae ae tay .,0.8297872340425532
test_002016.png,along which he had motored so desperately little,to a ay .,0.8541666666666666
test_002017.png,"on the bridge over the Po , barely forty miles to port .",toy .,0.9107142857142857
test_002018.png,They were nearing Modena . Geoffrey focused the radar scanner,tas .,0.9508196721311475
test_002019.png,more than twenty-four hours earlier . Since then,toe ae tay .,0.8125
test_002020.png,"conference in Bruce Denton's office , been whisked",ta s .,0.94
test_002021.png,"thought he could recognise the route of N12 ,",tay .,0.9555555555555556
test_002022.png,"he had flown to England , attended the vital",ta .,0.9318181818181818
test_002023.png,refreshing hours and had now completed two-thirds,ta .,0.9591836734693877
test_002024.png,of the journey back to the place where every,the tan s .,0.8181818181818182
test_002025.png,He was able to trace the course of the river ; he,ta a a an .,0.8571428571428571
test_002026.png,Tartaro at a few minutes past ten on the,ae e ae ta a e .,0.7
test_002027.png,It came to just over six hundred,tee a e ae e tay .,0.75
test_002028.png,previous night . He worked out the distance,th ae ae a a as .,0.7906976744186046
test_002029.png,movements of the Bentley . It had passed,ta ae tay .,0.8
test_002030.png,him at the temporary bridge over the,ahe a ae ae tans .,0.75
test_002031.png,on the presumption that its route had been,tae ae ta s .,0.7619047619047619
test_002032.png,through Florence and Rome and then,aoe tae ae tae ae y .,0.7058823529411765
test_002033.png,miles ., .,0.8571428571428571
test_002034.png,Geoffrey set himself to consider the,ae a n . .,0.8611111111111112
test_002035.png,across Italy via Foggia to Barletta .,ane an a ae tay .,0.7027027027027027
test_002036.png,reproaches - and here he was bland and smiling .,tae y .,0.8958333333333334
test_002037.png,"own veranda , that he had taken the liberty of",ah ae ta y . .,0.782608695652174
test_002038.png,to come over and make the presentation in her stead .,tas .,0.9056603773584906
test_002039.png,was less pleasant than appeared on the surface .,ta tay .,0.8541666666666666
test_002040.png,"To Beryl , at least , this was anti-climax with a",ta tany .,0.8571428571428571
test_002041.png,asking Jack - as a representative of the Vallin family -,ta ts .,0.9107142857142857
test_002042.png,But it did not take her long to realise that his mood,th e ta ay .,0.8301886792452831
test_002043.png,vengeance . She had expected to be met with violent,toe tay .,0.8823529411764706
test_002044.png,"He told her nonchalantly , as he led the way to his",to ae ta s .,0.803921568627451
test_002045.png,"coming back from Barbados so soon . "" Beryl",ao  .,0.9069767441860465
test_002046.png,"too . They 're both here . "" "" I didn't know she was",t a as .,0.9038461538461539
test_002047.png,""" I caught him just as he was going to the",toe ae ae tas .,0.7857142857142857
test_002048.png,of fact I 'd asked him last night to deputise,ta n a ay .,0.8444444444444444
test_002049.png,said the first thing that came into her head .,ah a tay .,0.8043478260869565
test_002050.png,for me and fetch her . He brought her to the party,ta e ta tay .,0.84
test_002051.png,"airport to meet Blanche , "" he said . "" As a matter",ahe ae tae ae as .,0.7647058823529411
test_002052.png,north of the island .,ae o ta ta y .,0.6190476190476191
test_002053.png,"poured cold water on the project . Everyone , he declared ,",tae a e tae tas .,0.8135593220338984
test_002054.png,"had had a thoroughly good time , and it would take them",ahn tae as .,0.8545454545454545
test_002055.png,nearly to next week to settle down again . Meanwhile,ao e e tay .,0.7884615384615384
test_002056.png,express their disgust at Sir John's abominable treatment,ahe tae oe  as .,0.8214285714285714
test_002057.png,"of his guests . But Piers remained aloof , and when Beryl",ahe ae e an .,0.8245614035087719
test_002058.png,"suggested having a second party , the following week , he",toe a ae a an y .,0.7894736842105263
test_002059.png,Hubert would have betaken himself and his well-,ah  a ae .,0.8723404255319149
test_002060.png,"Jack and Blanche were quick to sympathise , and to",h a ae a a s .,0.8
test_002061.png,earned gratuity to his native village at the,a a tae t . .,0.7727272727272727
test_002062.png,"with injustice and contempt , ignoring",h tae o ta tas .,0.7631578947368421
test_002063.png,It was all over and done with .,tae tae tae ae s .,0.6451612903225806
test_002064.png,"it go at that , but she resolved to have",the ae h a tae s .,0.7
test_002065.png,ignorant child ., y .,0.875
test_002066.png,her explanations as though he were,te ae ta . h .,0.7352941176470589
test_002067.png,For the time being Beryl was content to let,toe e ae ae h ae n .,0.6976744186046512
test_002068.png,opportunity presented itself . He must,a a tae a s .,0.8157894736842105
test_002069.png,it out with Piers when a reasonable,t e ae ae ae ay .,0.7142857142857143
test_002070.png,learn that he could not treat her,ah ta t a an t . .,0.696969696969697
test_002071.png,"a schoolmaster and she a small ,",tae tae th tay . .,0.78125
test_002072.png,her great disappointment at being,he ta a s .,0.7575757575757576
test_002073.png,them . But next morning she insisted,ah ae ae tae e tay .,0.7777777777777778
test_002074.png,He gave her no chance of any private,te a ae ae tan .,0.6666666666666666
test_002075.png,"relations , and tell them of",a tae tn th t . .,0.7142857142857143
test_002076.png,held up in Balicou .,aoe to o y .,0.75
test_002077.png,"conversation that evening , for when",t e ta s .,0.8333333333333334
test_002078.png,"to find , if possible , Hubert and his",a a tae n . .,0.8421052631578947
test_002079.png,"Blanche and Jack left , he went with",to  ae a .,0.8611111111111112
test_002080.png,on his taking her out in the jeep -,te a a ae e n .,0.7428571428571429
test_002081.png,"he asked , letting in the clutch . "" No ; I want",te  ta ta an e t .,0.75
test_002082.png,"beside him . "" Is that all you want to do ? """,aoe ae ae ae an . .,0.7555555555555555
test_002083.png,to make you understand just what happened,tae h tae ay .,0.7560975609756098
test_002084.png,"coldly . "" I 'm a little tired of being treated",ah a ae tae e y .,0.7872340425531915
test_002085.png,"about this Balicou trip , "" she returned",aoe a tae a tae ay .,0.75
test_002086.png,"With an air of resignation he sent Judy , his",h ae a an . .,0.7777777777777778
test_002087.png,"like an ineffective imbecile . """,ahe a ta tay .,0.75
test_002088.png,"Boxer , to the back , and made room for her",ahe tae tae aen .,0.7674418604651163
test_002089.png,"to make the presentation , I run the damned",ta tae ae aey .,0.7674418604651163
test_002090.png,"to account for my manners , "" he retorted .",tae a ae tay .,0.7674418604651163
test_002091.png,""" And I 'm heartily sick of being constantly called",ah a  n .,0.9019607843137255
test_002092.png,sugary things you ought to have been there,a e e a tae .,0.7857142857142857
test_002093.png,you the best way I can by getting hold of Jack,a ae tay .,0.8478260869565217
test_002094.png,"fault . """, .,0.8888888888888888
test_002095.png,""" What have I done wrong now ? I cover up for",ahe ae tae aee tany .,0.8
test_002096.png,party to the best of my ability - saying the,ah ae ta tany .,0.7727272727272727
test_002097.png,to say - and all you can do is to find,tae ae e as .,0.7631578947368421
test_002098.png,""" It 's your superior attitude that riles me . "" Beryl was",a a th . .,0.8620689655172413
test_002099.png,at Balicou doesn't interest you in the faintest degree . You,tan ae ae an .,0.8
test_002100.png,as though I didn't care a hoot about letting Hubert,tae tae h ae a t .,0.7647058823529411
test_002101.png,"scarlet with annoyance . "" How I happened to be marooned",the ae h tae a as .,0.8035714285714286
test_002102.png,"and his pals down . """,ae ta ta ta .,0.6666666666666666
test_002103.png,"look as though it was only what you expected of me ,",ah ta a a . .,0.8076923076923077
test_002104.png,""" Oh , drop that nonsense , Piers !",h an an a an . .,0.7714285714285715
test_002105.png,to understand all the whys and,he tae a ae ae an .,0.6666666666666666
test_002106.png,"wherefores of your actions , "" he said",ae a a ae .,0.8157894736842105
test_002107.png,"stiffly . "" Still less to criticise you . """,ahe a a a ta. .,0.8372093023255814
test_002108.png,path fringed and shaded by citrus trees .,th tae ae ta e a t .,0.6585365853658537
test_002109.png,brought the jeep to a standstill in a rough,ahe  ae n .,0.8372093023255814
test_002110.png,""" If you want my true opinion I 'll give it .",he a a a an . e .,0.7555555555555555
test_002111.png,""" As your employee it 's not my business",h n ae a a a tan .,0.8
test_002112.png,"Be yourself , "" she exclaimed , with",he ae a tan .,0.8055555555555556
test_002113.png,"mounting exasperation . "" Very well ! "" He",ahe ae a a tae n .,0.7857142857142857
test_002114.png,"the matter because , very naturally , you were",he  tan .,0.8478260869565217
test_002115.png,"sake show a glimmer of reason , "" was his",ah tae a a e a . .,0.7317073170731707
test_002116.png,You made some sort of a protest to Graybury .,ae ae a ae ns .,0.7555555555555555
test_002117.png,equally indignant rejoinder .,ahn a an an y .,0.7241379310344828
test_002118.png,I 'll give you credit for that . But you didn't press,a ae e t a .,0.8301886792452831
test_002119.png,"idyllic surroundings . "" "" How dare you say",ah  ta a . . . .,0.8604651162790697
test_002120.png,thoroughly enjoying Forrest's company in,a ae an .,0.85
test_002121.png,"such a thing ? "" she blazed . "" For goodness'",h ae ta ae a ans .,0.7555555555555555
test_002122.png,"from him to fondle Judy , who , sensing something",h   e tans .,0.8571428571428571
test_002123.png,"amiss , was nudging her in the endeavour to",ahe a a ann . .,0.7906976744186046
test_002124.png,""" I know . Absurd as it may seem , I didn't want",toe ta ae tay .,0.8125
test_002125.png,have had it in for Guy .,aoe tae t ae ay .,0.5416666666666666
test_002126.png,if I had absolutely insisted on sailing at the,tae ta an s .,0.8043478260869565
test_002127.png,"gain her attention . "" The truth is that",h a ta n .,0.825
test_002128.png,"you to think badly of me . "" She turned away",tae tae ta an .,0.7954545454545454
test_002129.png,"time originally arranged , Sir John would",h ae ae tay .,0.8292682926829268
test_002130.png,on Guy's part that we missed seeing the,tae an n .,0.8205128205128205
test_002131.png,"You see , it was , apparently , through a mistake",aoe ae a a ay .,0.7959183673469388
test_002132.png,hardly have spoken with more contempt .,ae ae ae ae ae tay .,0.6666666666666666
test_002133.png,"dares to stand up to him . """,ta ta y t . .,0.6428571428571429
test_002134.png,""" What harm could possibly have come to Forrest",ae ay .,0.8936170212765957
test_002135.png,"flamingoes our first morning on the island . """,a a tae tay .,0.8043478260869565
test_002136.png,"through Sir John's nonsense ? "" Piers could",ae a ta as .,0.8837209302325582
test_002137.png,A bully like that respects anyone who,tae a ta tan . .,0.7567567567567568
test_002138.png,trying to say that Hewson would victimise,ae ae ae ae ta as .,0.7804878048780488
test_002139.png,precisely the remark she had made to Guy .,an a e ae ae ns .,0.7142857142857143
test_002140.png,"important customers . "" "" So what ? You 're not",ae ae ta n .,0.851063829787234
test_002141.png,Graybury is one of Mr. Hewson's most,an ae a tae n .,0.7777777777777778
test_002142.png,Forrest for behaving with ordinary moral,the ae a an .,0.825
test_002143.png,courage !,  .,1.0
test_002144.png,island I needn't tell you that Sir John,aoe tae ae a tan . .,0.717948717948718
test_002145.png,Beryl tried to suppress the thought that this was,a ae e .,0.8979591836734694
test_002146.png,"She said icily , "" As you pride yourself on",ae ae ae an s .,0.813953488372093
test_002147.png,your knowledge of all the affairs of the,ah ae a n . . .,0.8
test_002148.png,""" What they can bring off ! I 'll admit that .",ahe a a ne an . s .,0.7391304347826086
test_002149.png,between what a senior and a junior,aoe ta aee tae ay .,0.7352941176470589
test_002150.png,himself and his business to an unmention-,aoe ae ta y .,0.8048780487804879
test_002151.png,He 's quite capable of telling Sir John to take,ae a ae an .,0.8297872340425532
test_002152.png,"partner can do , "" was her quick reply .",ae ae e ae a as .,0.7
test_002153.png,"able destination . "" "" There 's a difference",ah ae  an y .,0.8409090909090909
test_002154.png,But Forrest might at least have tried . He 's,a ae ta tan t .,0.7333333333333333
test_002155.png,"pretty spineless ! """,a a . .,0.85
test_002156.png,"with Sir John ? "" she enquired cuttingly .",ahe a a  tany .,0.7857142857142857
test_002157.png,I doubt it . He 's about as easy to push around,a tae ans .,0.851063829787234
test_002158.png,an attempt to show my lady-love that I,a a ta e . .,0.7631578947368421
test_002159.png,"at that , but went on airily , "" I 'd have made",aoe tae ae tas .,0.8085106382978723
test_002160.png,""" For all your good opinion of yourself ,",h a e ae tans .,0.8048780487804879
test_002161.png,put her interests before my own .,ahe a ae ae ae tas .,0.696969696969697
test_002162.png,"as - as a grounded whale ! "" He had to smile",te ee ae tany .,0.8181818181818182
test_002163.png,""" You think you could have carried more weight",h a ae a aen s .,0.782608695652174
test_002164.png,that her failure to appear at a function,ane tay .,0.85
test_002165.png,"man was , she thought impatiently ,",ah ae ta ta y .,0.7142857142857143
test_002166.png,"and warm sympathy , as she explained",ah ae ae ae tay .,0.7222222222222222
test_002167.png,to have been guests at yesterday's,ta any .,0.8529411764705882
test_002168.png,on the estate was a major error :,tae e ae ae tany .,0.6666666666666666
test_002169.png,"how she had come to miss the party ,",ah a ae aeny .,0.75
test_002170.png,made her send a complacent glance,to ay .,0.9090909090909091
test_002171.png,"celebrations , and their friendly welcome",to ae tay .,0.8048780487804879
test_002172.png,Their air of smiling somnolence showed them,ta tas .,0.9069767441860465
test_002173.png,in Piers' direction . What a fuss-box the,to ta tany .,0.8292682926829268
test_002174.png,trying to worry her into the belief,ae ae a e tae any .,0.7714285714285715
test_002175.png,"toothless mouth stretched in a wide grin , told her",ta  an t . .,0.8627450980392157
test_002176.png,at the Villa in time .,ao ta t ty .,0.5909090909090909
test_002177.png,"beside her , his battered hat in his hand , his",ahe ta ta . . .,0.8085106382978723
test_002178.png,"would be 3"" plenty , plenty sad "" not to be back",ao ae ae tas .,0.8125
test_002179.png,"explained right at the start that "" 3Mis' Beryl """,ta  a ta s .,0.7959183673469388
test_002180.png,"in halting 6patois that "" 3Mistah Piers "" had",te e ta ae a .,0.7777777777777778
test_002181.png,"And then she received a jolt . Old Hubert , standing",ah a tae tas .,0.8269230769230769
test_002182.png,"could see 3anudder 3t'ing , "" he went on in a",a ta a tan . t s .,0.7555555555555555
test_002183.png,"to all kin' o' boats , wid d'ose big , big",th ae ae ae n .,0.7857142857142857
test_002184.png,We all know how Balicou Island dangerous,ahe ae h tae tae ay .,0.75
test_002185.png,"lower voice , his sunken black eyes twinkling .",ah a tae e ay .,0.8085106382978723
test_002186.png,That it wouldn't be her fault at all . That,ae h .,0.8604651162790697
test_002187.png,"took the highest pride in keeping her word . "" I",h ae an n . .,0.7916666666666666
test_002188.png,"she was a lady who , like her Uncle Charles ,",h ae a ah tae a s .,0.6888888888888889
test_002189.png,"3"" He powerful anxious , poor Mistah Piers .",ae ta tae tae .,0.7727272727272727
test_002190.png,rocks in an' out o' de water .,aoe a n tae a tay .,0.6333333333333333
test_002191.png,habit ., .,0.8571428571428571
test_002192.png,"day . Though he did not refuse wine , which the",te ae  .,0.8936170212765957
test_002193.png,did not act as though he found it necessary,ta ta ta tas .,0.7906976744186046
test_002194.png,except in moderate compliance with his father's,ah y .,0.9148936170212766
test_002195.png,"ways , even to reading law about two hours each",tas .,0.9148936170212766
test_002196.png,"judge always had on the table at dinner , he",to  tas .,0.8863636363636364
test_002197.png,He had almost entirely settled back into his old,tay .,0.9375
test_002198.png,against them with the lift of the next wave .,ahe ae tae a a e an .,0.6666666666666666
test_002199.png,"of a mile and a half , came the yawl under her full",ae a ae ta an s .,0.7254901960784313
test_002200.png,Around that rounded rocky promontory where the,aoe a tae ae an n . .,0.7608695652173914
test_002201.png,"triangular sail , and to the judge's frightened eyes , so",aoe a a ae ta n . .,0.7894736842105263
test_002202.png,close to the rocks that it would be dashed,h ae h ae ae aey .,0.7857142857142857
test_002203.png,white spray could be seen flying across the distance,h a a ae ta ae n .,0.7692307692307693
test_002204.png,with part of that howling northwest gale .,ao ae e a tan y .,0.7619047619047619
test_002205.png,What does time mean when weighed against the life of,tan .,0.9230769230769231
test_002206.png,""" That boy ! That damned fool boy ! What does he mean",to ta ay .,0.8490566037735849
test_002207.png,"two human beings ? "" Not until he was certain that the",t  ay .,0.9259259259259259
test_002208.png,"by trying to come home now , even if he did promise ?",te e tay .,0.8867924528301887
test_002209.png,empty his lungs of stifling air and refill them,ah ae ae ae s .,0.8297872340425532
test_002210.png,being flung against the huge boulders did the judge,ah a ae ae tae tay .,0.7843137254901961
test_002211.png,yawl had rounded the rocky point instead of,h a tae a ae ta tan s .,0.7441860465116279
test_002212.png,yawl recover .,  .,0.9285714285714286
test_002213.png,"weather side of that pier ! He 'll wreck ! """,to ta  ae n . .,0.7727272727272727
test_002214.png,black eyes showing any emotion . With a,tae ta ae ann t s .,0.7435897435897436
test_002215.png,"stay rope fastened , Bill made the",ahe ae ta ta an . .,0.7352941176470589
test_002216.png,"Willie Kim was speechless , only his slant",ahe a ae ae ta s .,0.7619047619047619
test_002217.png,""" My God ! "" the judge cried out . "" The boy",ahe ae te ae tae a tay .,0.75
test_002218.png,is going to try to make a landing on the,tae ae a an .,0.75
test_002219.png,"quick shift of tiller , and at the same time",aoe e a tay .,0.7954545454545454
test_002220.png,jibbing the boom to which he had the,ta ae  .,0.8888888888888888
test_002221.png,"corner of the pier by inches , and",ae a a a ae an .,0.7647058823529411
test_002222.png,It seemed to the frightened judge,tae ae tae an .,0.7272727272727273
test_002223.png,same time dropping the small sheet,ahe an a e n .,0.7647058823529411
test_002224.png,"of wet canvas , Bill cleared the",he n ae tae ae .,0.71875
test_002225.png,"with the tiller still hard over , brought",ah h a a ae tae an .,0.7560975609756098
test_002226.png,the tiller hard over and at the,h tae ae ta e .,0.6774193548387096
test_002227.png,as though his son would actually,he e a a aee tans .,0.8125
test_002228.png,shoot the craft in under the outer,aoe tae ae a n .,0.7058823529411765
test_002229.png,end of the wharf . But by pressing,h ae ae ta a ns .,0.7647058823529411
test_002230.png,the yawl up against the waves,h ae a ae a a ans .,0.7241379310344828
test_002231.png,"everything , when he wants to . """,a a a as . .,0.7575757575757576
test_002232.png,"that were a little unsteady , they",h a ae a ae t .,0.7058823529411765
test_002233.png,"He plenty smart though . "" As they",te  tae an .,0.7941176470588235
test_002234.png,"reached the pier , the judge on legs",ae a a a aee ae .,0.7222222222222222
test_002235.png,hip as I ever saw . That boy of,h a tae a. t . .,0.6129032258064516
test_002236.png,""" that was as pretty a piece of seamans-",ahe ae ae ae an .,0.7
test_002237.png,play in damn fine luck this time .,ahe ae a tae ae s .,0.7058823529411765
test_002238.png,"pier , leading the yawl toward",h tae ae ae tay .,0.7333333333333333
test_002239.png,""" 3Naw , "" disputed Willie . 3"" Just",th a a tae .,0.8055555555555556
test_002240.png,""" Willie , "" the judge said huskily ,",ah ae tae ae tae s .,0.7027027027027027
test_002241.png,"found Bueno Buck , now on the",ao a tae tae n . .,0.7241379310344828
test_002242.png,mine seems to know how to do,aoe ae a ae aen .,0.75
test_002243.png,""" Hello , Dad ! "" Bill called . "" I hope you",ahe n ae ae an e .,0.75
test_002244.png,water in her . I wouldn't be,ao ae tan . t . .,0.7142857142857143
test_002245.png,drag the boat ashore and turn,ahe t ae ta ta h .,0.6896551724137931
test_002246.png,speed records on the way in .,a a ae a tn . .,0.7241379310344828
test_002247.png,surprised if we broke all,a a ae an . n .,0.8
test_002248.png,"Yes sir , I am slightly wet , and",h t a a tae n .,0.7272727272727273
test_002249.png,weren't worried . We 're going to,ao ta a tae an . .,0.8181818181818182
test_002250.png,"had more clothes on . """,ao ta ta ta. .,0.6956521739130435
test_002251.png,Buck would be wetter if he,ao tae a ta tas .,0.8076923076923077
test_002252.png,her over . She has a foot of,h ae a ae ah n . s .,0.6071428571428571
test_002253.png,"inches . Maybe big one four feet ,",a ae th an ta n . .,0.7352941176470589
test_002254.png,"man at catch 'em than Injun , Judge .",ahe ae ae ae an y .,0.6756756756756757
test_002255.png,dragged out but before it was turned,a e ae tae tas .,0.6944444444444444
test_002256.png,"pushing at the stern , the yawl was soon",ae ae a a ae .,0.75
test_002257.png,over Bueno Buck reached into the foot,ah  ta n e .,0.8108108108108109
test_002258.png,"huh ? """,  .,1.0
test_002259.png,You look . Little one more as fifteen,ah an ta any .,0.8378378378378378
test_002260.png,"of water , tossed out a string of silvery",ta ae a a tay .,0.7804878048780488
test_002261.png,With four doing the job and the waves,th ae ae a n .,0.7567567567567568
test_002262.png,"lake trout and said - 3"" Bill , he 's better",ah ay .,0.9090909090909091
test_002263.png,few moments later the yawl was upside,ah tae tae tae ae ay .,0.6486486486486487
test_002264.png,"exclaimed the judge . "" Toss them on the grass",ta tae a ae t s .,0.782608695652174
test_002265.png,"down , exposing its shallow keel .",ahe tae ae tae tay .,0.7647058823529411
test_002266.png,""" By George , that is a beautiful string of fish ! """,te  a  tan . .,0.8461538461538461
test_002267.png,"and then we 'll all get hold and heave . "" A",a  an t . .,0.8181818181818182
test_002268.png,"with tears . "" It 's so unfair , "" she said .",h ae a ae tany .,0.7555555555555555
test_002269.png,"Bertram's face was grim . "" You think it was the Snort ,",ta tan n .,0.8571428571428571
test_002270.png,"don't you ? "" John gave a short laugh . "" I did , "" he",ah a ae a a e .,0.8148148148148148
test_002271.png,"said ; "" but I 'd better stop thinking that now .",ah ae ae a s .,0.8163265306122449
test_002272.png,"Pericles is fitted with an identically similar one . """,a a tae tan .,0.8148148148148148
test_002273.png,""" So there you are , my dear . "" Peggy 's eyes filled",ae tae tae ae tany .,0.7735849056603774
test_002274.png,in sharing his discomfort with Peggy .,a a a e ae t . .,0.7631578947368421
test_002275.png,sick . Just because he 's an Honourable he can do,th t ae ae ans .,0.7755102040816326
test_002276.png,""" That little beast Robbie Munyard spent six",a ae ae tan t . .,0.75
test_002277.png,"him ? "" John didn't answer . There was no point",ahe tae ae an y .,0.7659574468085106
test_002278.png,"what he likes . Anyway , why pick on you to succeed",th ae a ta an .,0.803921568627451
test_002279.png,dockyard and now that she 's ready for sea he goes,a an tn s .,0.82
test_002280.png,months ashore while Pericles was refitting in the,ae ae tae ay .,0.8163265306122449
test_002281.png,bombs during the last war . Having deposited his,tae e ay .,0.8541666666666666
test_002282.png,went in search of a drink . The lower bar was,ta y .,0.8888888888888888
test_002283.png,"empty , save for the lady known by all habitue",aoe as .,0.8695652173913043
test_002284.png,"interest to The George , unhappily destroyed by German",aoy .,0.9259259259259259
test_002285.png,baggage and unpacked his overnight-bag he,tany .,0.926829268292683
test_002286.png,"So he put up for the night at The Admiral's Head , that",t .,0.9636363636363636
test_002287.png,"famous Portsmouth hostelry , second only in historic",ta s .,0.9230769230769231
test_002288.png,man who was staring moodily into a gin,ta e any .,0.8157894736842105
test_002289.png,"*?2s as ' Seaweed ' , and a youngish , sharp-eyed",to a ta y .,0.8571428571428571
test_002290.png,and tonic .,  .,0.9090909090909091
test_002291.png,"of the hotel . She greeted John , however , with less",ae an .,0.9245283018867925
test_002292.png,than her usual cordiality and flashed a warning,tay .,0.9148936170212766
test_002293.png,"memory was good , so was this stranger's .",ae tae ae tan y .,0.7380952380952381
test_002294.png,of the bar was not 6persona grata . If her,ta ae tae as .,0.7380952380952381
test_002295.png,Seaweed's memory was prodigious ; her manner,ao ta  tey .,0.8409090909090909
test_002296.png,""" You 're Commander Winter , "" he said . "" Have a",tae e ae tas .,0.7959183673469388
test_002297.png,must have been worth a great deal to the proprietors,tay .,0.9423076923076923
test_002298.png,glance at him . Evidently the other occupant,tae ae tany .,0.8181818181818182
test_002299.png,"gin ? "" He turned to Seaweed -",ahe a a an . .,0.8
test_002300.png,"Youngest D.S.C. in the war , what ? Crawled",ao e tay .,0.8604651162790697
test_002301.png,what ! ' - as the Guards officer said on his return,ao a s .,0.8627450980392157
test_002302.png,"from a visit to the Royal Navy . Submarines , what .",ta  s .,0.8846153846153846
test_002303.png,bomb . Should have been a V.C.,ao a y .,0.8
test_002304.png,"habits . ' Drink gin and call each other wallahs ,",aoe ta a as .,0.82
test_002305.png,""" Make it a large one , darling . I know the naval",tae tas .,0.86
test_002306.png,inside a submarine casing to defuse a Jerry,to ta ay .,0.8837209302325582
test_002307.png,inherited desire to snub the man . If he did he,ae ae any .,0.851063829787234
test_002308.png,"came to the rescue . "" You haven't introduced",a aoe ay .,0.8444444444444444
test_002309.png,"obviously thirsty . "" John fought back his",tae tan .,0.8809523809523809
test_002310.png,the lounge or return to his bedroom .,h a e a y .,0.7837837837837838
test_002311.png,Seaweed sensed his embarrassment and,a tay .,0.8888888888888888
test_002312.png,would have to leave the bar and either sit in,aon s .,0.8666666666666667
test_002313.png,"What are you waiting for , darling ? The officer is",ta n . .,0.8823529411764706
test_002314.png,"yourself , "" she said with mock severity .",toe a ay .,0.8095238095238095
test_002315.png,was . I 'm Ian Bawley . Does that mean anything,th ae a y .,0.851063829787234
test_002316.png,"fault entirely , "" said the stranger . "" It 's my conceited",tae ae tae ta s .,0.7796610169491526
test_002317.png,in the Daily Courier .,aoe    .,0.7727272727272727
test_002318.png,"to you ? "" It did . Ian Bawley's name was",ae ae ae e ay .,0.8048780487804879
test_002319.png,"strangers - that 's right , John , isn't it ? "" "" My",a a a a an . . .,0.8076923076923077
test_002320.png,printed at the head of most naval articles,tay .,0.9285714285714286
test_002321.png,""" It 's a rule on these premises . No treating with",ae .,0.9215686274509803
test_002322.png,nature - I assumed that you both knew who I,an y .,0.9069767441860465
test_002323.png,"otherwise than take it . "" Pleased to meet you ,",ae ae a a ae .,0.7916666666666666
test_002324.png,"Commander , "" he said . "" Now what about that",ae a h tan .,0.8
test_002325.png,"drink ? "" John nodded - he could afford to buy",ahe a ta tae a n .,0.8043478260869565
test_002326.png,one in return and he was lonely .,h ae ta tae tay .,0.696969696969697
test_002327.png,He held out his hand and John could not do,te a e a a ae n .,0.7380952380952381
test_002328.png,"Bawley ? "" "" A pressman is always on the job . """,aoe a a e an .,0.7708333333333334
test_002329.png,""" Oh , the Press , "" said Seaweed . "" Down here on business , Mr.",th an ta n s .,0.8153846153846154
test_002330.png,"absolutely right , "" said Bawley , as he pushed over",an ae a tae tan . .,0.7884615384615384
test_002331.png,a Lieutenant-Commander . Perhaps we could,ta a .,0.8780487804878049
test_002332.png,please don't address me as Commander . I 'm,th a tae tan .,0.7674418604651163
test_002333.png,all else . We pride ourselves about accuracy on,th aee ta an . .,0.8297872340425532
test_002334.png,"his glass . "" Fill it up , darling . Accuracy above",the ae ae tae ay .,0.803921568627451
test_002335.png,"drop the rank - such a mouthful ! "" "" You 're",h a tan n .,0.8444444444444444
test_002336.png,""" For the sake of accuracy , "" he said , "" and I",aoe tae tae a any .,0.7083333333333334
test_002337.png,know how you newspaper people value that commodity ! -,h t tae tae th tan y .,0.7407407407407407
test_002338.png,the Courier .,  .,0.9230769230769231
test_002339.png,Ever known us bowl a wide about your Service ?,a ae a tan s .,0.8260869565217391
test_002340.png,"Somewhat embarrassing , what ? "" "" How can the",a tae t s .,0.8478260869565217
test_002341.png,"gin with relish . It was his favourite brand ,",te ae a ta e tay .,0.7391304347826086
test_002342.png,"his career , and his companion's attitude was",te e a e ta ay .,0.7777777777777778
test_002343.png,Check and counter-check - nothing but the truth .,ah h ta ta .,0.7959183673469388
test_002344.png,"truth be embarrassing ? "" John sipped his double",h ae tay .,0.875
test_002345.png,challenging ., .,0.9230769230769231
test_002346.png,he was on the verge of a new chapter in,tae tae th t a tan . .,0.717948717948718
test_002347.png,Life at home and in Bath had been a,ahe a ta ae ae s .,0.6571428571428571
test_002348.png,"Bawley . "" The truth is usually very embarra-",aoe ah a ae tay .,0.7777777777777778
test_002349.png,He 'd never before met a pressman and,ah tae ae a as .,0.7567567567567568
test_002350.png,"found him curiously stimulating . "" You 're a",ahe a tae tae tans .,0.8222222222222222
test_002351.png,trifle too comfortable and humdrum .,ahe t tae ta tan . .,0.6944444444444444
test_002352.png,said John .,  .,0.9090909090909091
test_002353.png,""" You know a great deal about me , """,ahe a ae ae ta s .,0.7222222222222222
test_002354.png,"bit of a humorist , aren't you ? "" said",h ta tae a t .,0.7692307692307693
test_002355.png,"ssing . You 're in submarines , aren't you ? """,ah tae tae tae s .,0.782608695652174
test_002356.png,""" It 's my business . I 'll tell you more . You 're",h a e a a a n .,0.8235294117647058
test_002357.png,"right ? "" "" Who told you ? "" "" Little bird .",ahe aee a an .,0.8636363636363636
test_002358.png,going to take over command of Pericles . Am I,a ae a  n . . .,0.7777777777777778
test_002359.png,"Other half ? "" John nodded . "" On me . "" Bawley",h ae ah tae tas .,0.7872340425531915
test_002360.png,"'em up , darling ! """,ao ta tan . .,0.7
test_002361.png,"shook his head . "" All paid for by His Lordship , """,aee a e ay .,0.8627450980392157
test_002362.png,man with a couple of kids . Can't go wasting,h ae ae ae ta s .,0.7727272727272727
test_002363.png,"he said . "" Expense account . You 're a married",te tae tae a tas .,0.7659574468085106
test_002364.png,your substance on a complete stranger . Set,h a ta a tan t .,0.7441860465116279
test_002365.png,"why should you ? "" "" I see . "" John took the",ahe ae an . .,0.8409090909090909
test_002366.png,"companion . "" You want me to talk , is that it ? """,ta ta a  n .,0.84
test_002367.png,"John flushed . "" I 'm not in need of charity . "" "" Come",ae ae an . .,0.8545454545454545
test_002368.png,"off it , "" said Bawley . "" The proprietor of the Daily",h ae e ae ae ns .,0.8148148148148148
test_002369.png,refilled glass and looked over the rim at his,ahe a a ae an . .,0.7777777777777778
test_002370.png,"Courier knows what 's going on . If he doesn't mind ,",ae an s .,0.8679245283018868
test_002371.png,"in the shiny papers ? """,h ae ta tan . t . .,0.7391304347826086
test_002372.png,"of course . "" "" On one condition , "" said John .",th n tae ae a tay .,0.7916666666666666
test_002373.png,"nothing to tell me , yet . But we 'll be meeting",ae a ta ae ny .,0.8125
test_002374.png,""" Tell me who the little bird was . "" "" Can't",ae  ae a n as .,0.7777777777777778
test_002375.png,"have dinner with me ? On His Lordship ,",ae ae ae any .,0.7692307692307693
test_002376.png,"again , no doubt , and then you will have .",aon ae a as .,0.7674418604651163
test_002377.png,""" You misjudge me , "" said Bawley . "" You have",h ae a a a n .,0.8043478260869565
test_002378.png,"Regard this as a softening-up process , and",th h e a a s .,0.7906976744186046
test_002379.png,you guess ? Whose portrait appears regularly,a ae ae a an .,0.7954545454545454
test_002380.png,""" Robbie "" and friend ' , what ? You know the",ahe ae ae ae a .,0.8
test_002381.png,"Service matters . """,t tay .,0.7894736842105263
test_002382.png,"said John , "" but you can pay for my drinks",h a tae ae ay .,0.7674418604651163
test_002383.png,"contact , is our Robbie ; he gives us the gen and",aoe ae tan .,0.8163265306122449
test_002384.png,"if you want to , as long as you keep off",tae ta a ae ae t . .,0.725
test_002385.png,""" You mean Munyard ? "" "" Sure . Very useful",h e ae ae tan s .,0.7906976744186046
test_002386.png,"sort of thing . "" "" You 'll get nothing out of me , """,the ae ta a a s .,0.8113207547169812
test_002387.png,we give him the publicity . ' The Honourable,ahe a ae e ay .,0.8181818181818182
test_002388.png,""" Good-oh ! One for the grill-room , darling , and",ae tae ae e tan .,0.8
test_002389.png,disposed towards each other .,tae tae a tany .,0.6551724137931034
test_002390.png,"tell George to bring in the 6carte du jour . """,h an ae a ae a s .,0.7608695652173914
test_002391.png,Bawley was a man of his word . He kept,ao a ae ae s .,0.7368421052631579
test_002392.png,passed all too quickly . As they parted in,a a ta ann . .,0.7857142857142857
test_002393.png,host and a splendid raconteur . The evening,ae ae tae tay .,0.7906976744186046
test_002394.png,the vestibule the two men were well,h e a a y .,0.8
test_002395.png,"away from Service matters , was an excellent",ae ae ae y .,0.7954545454545454
test_002396.png,lets me off the chain I 'll take you,ah a a a a e t .,0.75
test_002397.png,John took it and put it in his pocket .,ahe an a e ay .,0.7692307692307693
test_002398.png,"of the work is done . "" He held out a card .",th ae ae aeny .,0.7727272727272727
test_002399.png,give me a ring at this number and I 'll,he a a ae a s . .,0.717948717948718
test_002400.png,""" You should . Next time you 're in Town",ahe ae a ae e s .,0.775
test_002401.png,take you round the pubs where most,h t ae a ae ae n .,0.7941176470588235
test_002402.png,""" Thanks , "" he said . "" If ever my missus",to tae ae a ay .,0.8095238095238095
test_002403.png,up on that .,to  y .,0.6666666666666666
test_002404.png,""" Ever been to Fleet Street ? "" asked Bawley .",ae a a y .,0.8260869565217391
test_002405.png,""" I shall be busy for a while , cleaning up after",aoe ae ae tae as .,0.7959183673469388
test_002406.png,lying in pairs alongside the jetty at Fort Blockhouse .,ah a tae a y .,0.8
test_002407.png,""" I don't know when that will be , "" said John .",ae ta a a ae tay .,0.7708333333333334
test_002408.png,Black and grimly businesslike they both looked and,ah ta an . n . .,0.84
test_002409.png,Glad I met you . Don't forget to give me a ring -,h a a a tae .,0.8571428571428571
test_002410.png,"Master bloody Munyard . "" THERE were six submarines ,",th ae ae tae ay .,0.8301886792452831
test_002411.png,charged their electric batteries .,tae ae ta ay .,0.7058823529411765
test_002412.png,"sounded , for all of them were rumbling as they",aoe tae ta a an .,0.7872340425531915
test_002413.png,"any time - knock twice and ask for Bawley , what ? """,a ta a tae s .,0.7884615384615384
test_002414.png,a substantial breakfast . Although usually a very,ta tae a a .,0.7959183673469388
test_002415.png,Turton noticed its existence as they sat in silence over,h tae ta a tan .,0.7857142857142857
test_002416.png,talkative lady Madeleine respected her husband's,tae a ta a n .,0.7916666666666666
test_002417.png,through the open windows of the Captain's house . It,th ta a a n . .,0.7884615384615384
test_002418.png,A light wind wafted the smoke of diesel exhaust in,the a ae e ae ae . .,0.74
test_002419.png,pervaded every room but neither Harry nor Madeleine,ta e tae tae tas .,0.7843137254901961
test_002420.png,"silences , for she knew they betokened a worry of",aoe ae a tay . .,0.8163265306122449
test_002421.png,some sort .,  .,0.9090909090909091
test_002422.png,affair of Parsifal . Harry had lost a good deal of weight .,h ae ta tae ay .,0.8135593220338984
test_002423.png,There had been many such breakfasts lately since the,th a a  taey .,0.7884615384615384
test_002424.png,but she could see that it no longer came naturally .,ta ae ae ay .,0.7692307692307693
test_002425.png,"to experience such catastrophes as the loss of a submarine ,",ta ae ae tay .,0.8333333333333334
test_002426.png,It is the common lot of all Squadron Senior Officers,th ae ae a an y .,0.7884615384615384
test_002427.png,"His normal placid and steady-going manner remained ,",to ta ay .,0.8653846153846154
test_002428.png,far between .,  .,0.9230769230769231
test_002429.png,though in peace time these happenings are few and,ah ae e ae ta an . .,0.7142857142857143
test_002430.png,This is the testing time for all . The affair blows up into,a ta n . .,0.8813559322033898
test_002431.png,usual and in fact had applied all the usual specifics,ah e a tae ay .,0.7735849056603774
test_002432.png,must present an unruffled appearance and carry on as,ah  a n .,0.8846153846153846
test_002433.png,"written letters to the bereaved , had visited many in the",ah a a ae .,0.8596491228070176
test_002434.png,"locality , had been interviewed by the Press , had driven",aoe tae tae aey .,0.8070175438596491
test_002435.png,must continue as before . During this period the Captain,ah ae tas .,0.875
test_002436.png,a national disaster and then when it is all over life,tae ae ta ae n .,0.7735849056603774
test_002437.png,if nothing unusual has happened . Harry Turton had,ta t  t t . .,0.86
test_002438.png,suitable for such occasions .,ae ae tas .,0.7241379310344828
test_002439.png,his surviving submarines a good deal harder than,ta ta y .,0.8958333333333334
test_002440.png,"Jeannie 'll be on that coach , Dan . """,a a a tane n .,0.7368421052631579
test_002441.png,thinking what a skill he had for reading,ae ae ae a a an .,0.75
test_002442.png,"near me . "" Yes , "" I said . "" It 'll be here to-",he ta ae an e n .,0.7959183673469388
test_002443.png,He rode down to where I was waiting . I was,te ae ae ae ta .,0.7441860465116279
test_002444.png,"for a hold-up as any , "" he said , reining in",he ae ae ta a n . .,0.7333333333333333
test_002445.png,"my mind . "" This would be as good a place",he a th tae a .,0.8048780487804879
test_002446.png,"morrow as likely as not . "" I paused . "" Miss",ahe a an . .,0.8
test_002447.png,"in it . """,  .,0.8888888888888888
test_002448.png,But I reckon they 'll be too busy shooting at,he a ae tae tae taes .,0.7333333333333333
test_002449.png,"in , Johnny . "" "" I know . But if lead starts",te  ae ae a t .,0.8666666666666667
test_002450.png,""" Yes , "" he said . "" I know . "" "" No harm must come",ah a ae tan e n . .,0.7884615384615384
test_002451.png,"to her , Dan . "" "" She 'll be all right . It 's the",tae ah tae tae an t . .,0.7058823529411765
test_002452.png,men who 'll be after that coach I 'm interested,he ae ae tae ta as .,0.723404255319149
test_002453.png,"flying she might be in danger . "" "" That 's so .",ahe ae tae ta e a .,0.7291666666666666
test_002454.png,us to bother with the coach and the folks,ah ae ta ae e e .,0.7560975609756098
test_002455.png,"turned the conversation . "" Let 's ride over",ae a a a ae .,0.8181818181818182
test_002456.png,giving me one of his strange looks . Then he,ahe ae a ae ta a s .,0.7272727272727273
test_002457.png,and have a look at the mining camp .,h a ae t tae an .,0.6388888888888888
test_002458.png,""" Maybe , "" I said . "" But we 've got to remember",aoe ae a a an .,0.8163265306122449
test_002459.png,"working for , as well as the townsfolk and",ae a a a .,0.8333333333333334
test_002460.png,"of responsible for her . "" "" Of course , "" he said ,",te a t .,0.9038461538461539
test_002461.png,"that girl all the time , Dan . I feel kind",h t a a e tae t .,0.6904761904761905
test_002462.png,"the agency detective . """,ahe ae an y .,0.6666666666666666
test_002463.png,After all it 's them we 're supposed to be,he tae ae taen t .,0.7380952380952381
test_002464.png,I said . I watched him because I was always,ah ta ta a an n .,0.7906976744186046
test_002465.png,Dead . Shuffled out of the deck . Blasted,h tae ae th n tay .,0.7804878048780488
test_002466.png,"last night . """,  .,0.9285714285714286
test_002467.png,With something of a start I remembered the,h ae ta tae tan . . .,0.7619047619047619
test_002468.png,down with a shotgun outside the Palace,ah ae ae tan tay .,0.7631578947368421
test_002469.png,""" Maybe you don't know about Appleton ,",tan a ae ae tae tans .,0.7948717948717948
test_002470.png,"tried to surprise him . "" Dead ? "" he said . "" Yes .",th tae ae ae an . .,0.7307692307692307
test_002471.png,"Dan ? "" "" Know what ? "" "" That he 's dead , """,h ae ae ae tae .,0.8
test_002472.png,man who 'd brought us into this business .,h ae ae e ae an s .,0.7619047619047619
test_002473.png,fascinated by the way he looked when you,a ta ta tae t . .,0.75
test_002474.png,leading to the ridge . I followed . From the,a a an n . .,0.8181818181818182
test_002475.png,"mining camp , "" he said abruptly . He wheeled",ah a h ta s .,0.8
test_002476.png,"Marshal , "" I added . His face was fixed ,",a ae ah ae e s .,0.7380952380952381
test_002477.png,country that lay all round Gilburg Crossing .,aoe ta h a ae ta n .,0.7111111111111111
test_002478.png,""" Fenton or Somers , "" he said . "" Or the Town",ao a a h a t .,0.782608695652174
test_002479.png,"unreadable as a rock . "" Let 's get over to the",a a ae t . .,0.7872340425531915
test_002480.png,top you could see something of the wild hill,th aee ae e tan .,0.7727272727272727
test_002481.png,his horse back off the trail and up the slope,he  ae a a e t . .,0.7111111111111111
test_002482.png,miles . The real high country of the Rockies,h t th tae ta tn .,0.7727272727272727
test_002483.png,The air was fresh and clear and you,an ta ae ae ah e .,0.6857142857142857
test_002484.png,could see far over west and north for many,h h a ae ae .,0.8095238095238095
test_002485.png,"a vast stretch of hills , canyons , buttes and",t e ta a as .,0.8043478260869565
test_002486.png,malpais ., .,0.8888888888888888
test_002487.png,lifted up in the distance like a pale water-,ahe a ae tae ta n .,0.7272727272727273
test_002488.png,colour drawing . Between us and that lay,ah a tae n . . .,0.775
test_002489.png,"into draws , circling a big mesa by a",h a ta e ae t . .a. .,0.7567567567567568
test_002490.png,the horses and drank enough to cure our,ah ae ae an . . .,0.717948717948718
test_002491.png,got hotter as the day wore on and we rested,te ae ae ae ae n .,0.6976744186046512
test_002492.png,"cut the trail leading from Gilburg to the north . """,he ae a ae ae tae t .,0.7058823529411765
test_002493.png,""" The mine-workings lie north of the town , """,h ae a ae an .,0.8
test_002494.png,"So we swung west , making slow going over",te ta ta ae . ae . . .,0.7560975609756098
test_002495.png,"rough country , sliding on shale , climbing down",ah tae a tae tan . .,0.7916666666666666
test_002496.png,gratefully by a small creek where we watered,tae a ae h ta tay .,0.7272727272727273
test_002497.png,"said Dan . "" If we head west we ought to",h ae ae a tae n . .,0.725
test_002498.png,"four or five mile valley , sandy-floored . It",he ta ta tan . .,0.7777777777777778
test_002499.png,thirst ., .,0.875
test_002500.png,We turned north into it and after about four,th e ae ae ae a an s .,0.7272727272727273
test_002501.png,we figured would lead to the miners' camp .,he ae ae ae e ae s .,0.6976744186046512
test_002502.png,miles it led into a small canyon which,ah a ta ta an .,0.7368421052631579
test_002503.png,over a fairly wide area working singly or,th ae a a a any .,0.7317073170731707
test_002504.png,opened out into a wide shallow draw .,ahe th th tae tan as .,0.6756756756756757
test_002505.png,in pairs .,  .,0.9
test_002506.png,Here in a dried-up creek-bed we found,h ta e ae e t t .,0.7567567567567568
test_002507.png,the miners at work . They were scattered,h ae a a a ae as .,0.725
test_002508.png,An hour's riding brought us to a trail that,te  a ta a t .,0.813953488372093
test_002509.png,"out , "" If you come any closer , I 'll sure blow",h ta a ae ta t .,0.8333333333333334
test_002510.png,shack and as we got near someone inside bawled,ah aee e tae tay .,0.7608695652173914
test_002511.png,"to him about what happened last night . """,tae tae a ta ae an .,0.6829268292682927
test_002512.png,"your whiskers off . "" "" Take it easy , mister , "" I sang",he ae n ae a e t .,0.7678571428571429
test_002513.png,got no whiskers so as you can see . Just you,he ae a a ae an .,0.75
test_002514.png,We didn't approach unchallenged . Just short,ae ta ae n t .,0.75
test_002515.png,go and tell Nick Dowd we 've come to talk,te e ta ta ta .,0.7560975609756098
test_002516.png,"out . "" We don't aim to come any closer and we 've",h th ae a n .,0.82
test_002517.png,of the diggings there was a roughly-built,te ta a ae a t .,0.7804878048780488
test_002518.png,"there 's gold and women there 's always trouble , """,th t h tae a tae an .,0.7450980392156863
test_002519.png,was never long on patience .,ahe tae tae a tan y .,0.6785714285714286
test_002520.png,"wavered . We sat our horses , waiting . "" Looks as",ae th a ae ae tan .,0.74
test_002521.png,peeking out through a hole in the shack never,a a a ae th t .,0.7777777777777778
test_002522.png,"though they 're expecting trouble , "" I said . "" Where",ahe ae ta tae t e .,0.7592592592592593
test_002523.png,"whistle then , loud and shrill . The gun barrel",the a a a a ae . .,0.7446808510638298
test_002524.png,"observed Dan , shifting about in his saddle . He",ae ta a tae a h . .,0.7291666666666666
test_002525.png,""" Oh , "" said the unseen guard . He blew a",h ae a tae ae ae t . .,0.6666666666666666
test_002526.png,Mr. Copthorne knew a way round by the side,he ae ae a ae ae s .,0.7142857142857143
test_002527.png,kind of sequence .,a  y .,0.8333333333333334
test_002528.png,in a huddle upon an upturned wheelbarrow .,th tae a tan an . .,0.7380952380952381
test_002529.png,gasp it was scientifically supposed his whole,h ah ta ane e .,0.8
test_002530.png,were going on in his bewildered brain . When,he ae ae n tae .,0.7954545454545454
test_002531.png,life came up before him in some cinematic,te e a a ae tay .,0.7804878048780488
test_002532.png,outbuilding where the grave digger kept his spades,a ae a ae .,0.86
test_002533.png,of the church where there was a small open,the an te ta tan . t .,0.6904761904761905
test_002534.png,"be open . It was . He entered , and seated himself",ahe ae ae a tan .,0.78
test_002535.png,a man was drowning and towards his last,ta a a ae tan . . .,0.717948717948718
test_002536.png,and forks and tidying up implements . It might,ahe tae t ta .,0.8043478260869565
test_002537.png,His curious headgear fell off . Strange things,te ae ta th ae .,0.8043478260869565
test_002538.png,Walking out of the chapel later on . Continuing,ahe a tae ae aes .,0.723404255319149
test_002539.png,"boy , then a young youth . He saw himself refusing",h a ae a tae as .,0.76
test_002540.png,"on , his leaping mind flashed pictures of chi-",te ta an t .,0.8478260869565217
test_002541.png,dly decadence and absorption in debase-,he ae th a tay .,0.7948717948717948
test_002542.png,baptism according to the sect his parents belonged to .,ah a a a an s .,0.8
test_002543.png,Mr. Copthorne was on dry land in a church,te ne a ae ae tan .,0.7317073170731707
test_002544.png,"canery and corruption , the growth of the dea-",ahe a a ae t e .,0.7391304347826086
test_002545.png,"outbuilding , but this was happening to him now . He",ae a an . .,0.8461538461538461
test_002546.png,ment and Satanic debauchery .,ahe a tae tany .,0.6551724137931034
test_002547.png,"saw himself as a sulky , ugly , malformed , repressed",he ae ae n ta n tay .,0.7735849056603774
test_002548.png,was Mr. Copthorne all right . Perhaps he had,ahe ae ae tans .,0.7727272727272727
test_002549.png,speak normally .,a y .,0.6875
test_002550.png,"hunted eyes , as if the poor fellow had rocks in",a a ae . .,0.875
test_002551.png,"in London . Very strange his eyes looked . Mad ,",ta ta tan an .,0.8333333333333334
test_002552.png,"He didn't know what to make of it , but it",he e ae an s .,0.8095238095238095
test_002553.png,"his head , so the verger described afterwards .",toe ae ta y .,0.8085106382978723
test_002554.png,been attending some kind of fancy dress do,h ae tane tas .,0.7857142857142857
test_002555.png,""" You 're very early about , sir , "" he said , trying to",ahe tae ae a tans .,0.7857142857142857
test_002556.png,"the fourteenth century . """,ao   .,0.8846153846153846
test_002557.png,"me , "" said Mr. Copthorne . The verger",h a ta tae s .,0.7894736842105263
test_002558.png,to take a look at the church . I 've,ta a .,0.8333333333333334
test_002559.png,never been inside . Very remiss of,toe tae ta y .,0.7941176470588235
test_002560.png,the thought came to me I 'd like,th ta ae tay .,0.6875
test_002561.png,"as the dawn was breaking , and",th e ae ta tas .,0.7
test_002562.png,"windows , sir , they date back to",tae o ta tay .,0.7878787878787878
test_002563.png,""" Yes . I travelled down from London",ahe tae ae tae ay .,0.75
test_002564.png,"led the way in . "" The stained glass",oh a  as .,0.8333333333333334
test_002565.png,and her luggage had disappeared and they were alone,a es .,0.9019607843137255
test_002566.png,"flights back . """,  .,0.9375
test_002567.png,"taxi . "" Just a moment , darling , "" Gavin pressed her",th   tas . .,0.8888888888888888
test_002568.png,"quickly through the customs . "" Gay ! "" "" Gavin ! "" The girl",ah ae tae ae tae as .,0.8166666666666667
test_002569.png,"hand and smiled . "" I want to check up on the",an a tas .,0.8444444444444444
test_002570.png,There were few passengers on the plane and Gavin was,tas .,0.9423076923076923
test_002571.png,together . The porter brought Gavin's bag out to the,toe ta ay .,0.8269230769230769
test_002572.png,went quickly back to fetch them .,ahe ae ay .,0.8181818181818182
test_002573.png,"taxi , and then found that in",ahe ta a tan an . .,0.6551724137931034
test_002574.png,of despair Gay knew that of course,th ae a ay .,0.7941176470588235
test_002575.png,Gavin she had left her sun-,ahe ae ta tae tae t . .,0.7037037037037037
test_002576.png,off the plane with him were talking .,h ae a a ae tay .,0.6486486486486487
test_002577.png,"pocket-book , with a sick feeling",tae aee ae ans .,0.8181818181818182
test_002578.png,the excitement of meeting,h tae t ay .,0.72
test_002579.png,Gavin and the girl who had got,th ae a ae tan . .,0.7333333333333333
test_002580.png,glasses on the veranda . She,an a a tae h .,0.7142857142857143
test_002581.png,He was writing something in his,ae ae a ae tas .,0.7741935483870968
test_002582.png,Gay went out to the waiting,ahe a ae a a .,0.7407407407407407
test_002583.png,"beach . A moon like this mustn't be wasted . """,ahe ae ae a ae tay .,0.7391304347826086
test_002584.png,He gestured towards the bay where the full,a ta s . . .,0.8333333333333334
test_002585.png,laid his hand on hers . Gay smiled at him,h ae a ae an . .,0.7317073170731707
test_002586.png,kisses she had seen him giving Elaine .,toe a ae ta e aes .,0.717948717948718
test_002587.png,"only , yet remembering for a second the",ah t ae a n tan . .,0.7692307692307693
test_002588.png,now Gavin was in love with her and her,ah a tae ae a e s .,0.7105263157894737
test_002589.png,"again , happy beyond belief , knowing that",h ae a tae ae .,0.8095238095238095
test_002590.png,""" And then we 'll go for a stroll along the",ah a t a a a nn . .,0.7674418604651163
test_002591.png,"moon was just rising over the rocks , then",h tae ae ae a .,0.8095238095238095
test_002592.png,"would never be jealous again , would even take Larry's advice and",ts .,0.9538461538461539
test_002593.png,"look the other way if need be . "" I say ! "" Gavin was looking over her",ta ty .,0.9142857142857143
test_002594.png,"lovely , she 's French , a very well known model I believe .",ah ta s .,0.9
test_002595.png,"All that was part of the past , she would put it behind her . She",ty .,0.9538461538461539
test_002596.png,"shoulder . "" That 's a pretty girl ! "" Gay glanced behind her , "" Isn't she",to a  s .,0.92
test_002597.png,"Lilyan remonstrated . "" They want to be",ae ae tae ae n .,0.717948717948718
test_002598.png,"can't find a table for two . """,ae a a  tn n . .,0.6666666666666666
test_002599.png,"cafe*?2 , "" Doc said , "" they are packed",ah a ae ae ae any .,0.725
test_002600.png,sitting just inside having coffee .,ae ae ae tae ny .,0.7714285714285715
test_002601.png,tonight so come and join us if you,an ae a an .,0.7647058823529411
test_002602.png,"boy friend , "" Doc called . "" No , Doc ! """,ah tae ae . .,0.8095238095238095
test_002603.png,"alone . "" "" I 've booked a table at the",an a an .,0.8205128205128205
test_002604.png,"Gay , a little puzzled , went through",ah ae ae ae ans .,0.7567567567567568
test_002605.png,to the bar . Doc and Lilyan were,te e th ae ae a an .,0.65625
test_002606.png,""" Come and join us and bring your",aoe ae ae tan s .,0.696969696969697
test_002607.png,Gay thanked him and walked out on to,a a an .,0.8055555555555556
test_002608.png,As Gay watched he offered the girl a,ta an y .,0.8611111111111112
test_002609.png,"She looked round scanning the tables ,",th a a ny .,0.8421052631578947
test_002610.png,"then caught her breath , a cold hand",ao ay .,0.8888888888888888
test_002611.png,hers in an intimate way .,aoe a ae tae tay .,0.52
test_002612.png,seated at a small table in a shadowy,ay .,0.9444444444444444
test_002613.png,corner talking animatedly to Simone .,tae tans .,0.7837837837837838
test_002614.png,had bought a drink and taken it outside .,to  y .,0.9024390243902439
test_002615.png,"cigarette and lit it , his hands cupping",ahe ae a ans .,0.75
test_002616.png,seeming to clutch her heart . Gavin was,ae ae an .,0.8205128205128205
test_002617.png,the terrace thinking that perhaps Gavin,ta ny .,0.8717948717948718
test_002618.png,"Doc , while she wanted to do no more than",tay .,0.9512195121951219
test_002619.png,"but she turned away , giving a little",th  e any .,0.7837837837837838
test_002620.png,"gesture of hopelessness , knowing that her",ah a  any .,0.8809523809523809
test_002621.png,"run upstairs to her room , knowing that",tae ans .,0.8461538461538461
test_002622.png,"Gay stood irresolute for a moment , half",a ns .,0.9
test_002623.png,"loved her , was already flirting with a girl",to any .,0.8863636363636364
test_002624.png,decided to go back and join Lilyan and,tay .,0.8947368421052632
test_002625.png,"Larry's advice flashed through her mind ,",ae ae a y .,0.8048780487804879
test_002626.png,Gavin although he had told her that he,aoe a y .,0.8157894736842105
test_002627.png,that he had only met a few minutes before .,a any .,0.8372093023255814
test_002628.png,as Gay drew out a chair and sat,he e ae a n e .,0.7419354838709677
test_002629.png,"that Larry had given her , while she",ah tae tae an . .,0.75
test_002630.png,"anything , "" Gay told herself desperately ,",aon ae ta tae ay .,0.7209302325581395
test_002631.png,The others were all dancing and,h ae tae a ta n .,0.6451612903225806
test_002632.png,"Simone on to the floor . "" It doesn't mean",ae ae a ta n .,0.8095238095238095
test_002633.png,trying to understand Gavin's point of,a ta an t n . .,0.7567567567567568
test_002634.png,view and remembering the advice,ah ae tae ae ay .,0.7419354838709677
test_002635.png,felt wretched beyond words .,ah tae ae tany .,0.7142857142857143
test_002636.png,"down Gavin , without a word , swept",aoe ae a ta as .,0.7428571428571429
test_002637.png,"to help her control her feelings . "" Come and",tae ae a a an t . . .,0.7333333333333333
test_002638.png,with the cigarette packet which lay on the table,ah a a a tae . .,0.7708333333333334
test_002639.png,ging a smile .,a to a  .,0.7142857142857143
test_002640.png,taste but it was unkind beyond words . She fumbled,he ae tae a an .,0.8
test_002641.png,"lifeline and Gay got up quickly , mana-",th ta a t any .,0.7948717948717948
test_002642.png,His behaviour was not only boorish and in the worst of,ta a a an . . .,0.8148148148148148
test_002643.png,"dance , "" Doc's cheery voice came as a",the ae a ae tae .,0.7631578947368421
test_002644.png,not wanting to smoke but needing some action,te e ae ae a a .,0.7954545454545454
test_002645.png,and no doubt he would come back soon and,a  a n .,0.85
test_002646.png,"would make love to the French girl on the sands ,",an ae e ae ae e any .,0.6938775510204082
test_002647.png,kisses on the way back to the hotel .,ahe a a aen y .,0.7297297297297297
test_002648.png,after Simone had left expect her to accept his,an ae ans .,0.8260869565217391
test_002649.png,and Simone go through the doorway that led,ae ae a a n .,0.7857142857142857
test_002650.png,down to the beach . Gay closed her eyes for a,h a ae ae ae ae e .,0.7111111111111111
test_002651.png,As he swung her on to the floor Gay saw Gavin,ahe ae ae a ae a y .,0.7333333333333333
test_002652.png,moment in disgust . She was fully aware that Gavin,ahe tae tae ae ans .,0.78
test_002653.png,"mentally adolescent cad . "" "" Oh , Doc ... "" Gay protested",ahe ta ae an n .,0.8275862068965517
test_002654.png,Sentence Database P02-109,ahe ta . .,0.8
test_002655.png,"weakly , "" you don't know Gavin . "" "" I 've only met him",ah tae tae ae tan .,0.8392857142857143
test_002656.png,today but I think I can safely say that I know,ane a an  h .,0.8043478260869565
test_002657.png,"heart out over ? "" Doc nodded towards the door . "" You",a ae ae e tn . . .,0.7777777777777778
test_002658.png,-----------------------------------------------------,to  .,1.0
test_002659.png,""" And that 's the man whom you have been eating your",ta a as .,0.8653846153846154
test_002660.png,"him a great deal better than you do . """,a a tae tae an n . .,0.6153846153846154
test_002661.png,"may consider him a man , I would say he was a",ah a a a e . .,0.7333333333333333
test_002662.png,who doesn't care two jots for your feelings .,te n tae t a a tay .,0.7333333333333333
test_002663.png,thought you were sensible too . Don't,ahe a ae ae th an .,0.7297297297297297
test_002664.png,If he behaves like this now what is your,tae ae ae ae ae .,0.75
test_002665.png,"fine girl , intelligent , and pretty , and I had",h t a ta  ae n .,0.7916666666666666
test_002666.png,make a fool of yourself over someone,ah ae ae ae tey .,0.75
test_002667.png,yourself away on a chap like that . You 're a,aoe ta ae ae n tany .,0.7333333333333333
test_002668.png,"Gay , and don't even contemplate throwing",h a a th ae tay .,0.7560975609756098
test_002669.png,"Doc gave her hand a shake . "" Wake up",h a h a ta an . .,0.6756756756756757
test_002670.png,married life going to be like ?,ao a ta a e the .,0.7096774193548387
test_002671.png,glad to be able to occupy herself .,ah e ae tans .,0.6857142857142857
test_002672.png,dining together . She opened her bag,ao tae a ta e t .,0.75
test_002673.png,"letter . She drew it out and opened it ,",ah a a t e ae tany .,0.75
test_002674.png,was behaving since they had seen them,ah tae tae th ta h .,0.6756756756756757
test_002675.png,Doc asked Lilyan to dance and once,ah ta a tae t t .,0.7352941176470589
test_002676.png,to get out her compact and saw Grace's,ae h n ta ta ae an .,0.7105263157894737
test_002677.png,"feeling self-conscious and awkward , sure that",ahe a  ae a .,0.8478260869565217
test_002678.png,people were talking about the way Gavin,ahe a ae tae t ae n .,0.6923076923076923
test_002679.png,again Gay found herself alone at the table,ah ae tae tae ae .,0.7380952380952381
test_002680.png,He 's getting on well but is pretty helpless still with his,tae a ae tae t s .,0.8135593220338984
test_002681.png,""" So glad that you are having such a lovely time , dearie , """,h ae s .,0.8852459016393442
test_002682.png,and have been over to sit with her father and do what,a a a a ae an .,0.7735849056603774
test_002683.png,"it ran . "" Your cards are lovely . I rang up Miss Harland",th a ae ae as .,0.7894736842105263
test_002684.png,I can for him so that she can get out to do her shopping .,th s .,0.896551724137931
test_002685.png,broken arm ., y .,0.8333333333333334
test_002686.png,No other news except that Elaine is engaged,t e th tae ae aey .,0.7209302325581395
test_002687.png,with at her party . That was why,ah h tae e tae n .,0.6875
test_002688.png,knew why Gavin had come to see,th a ta tae a .,0.7
test_002689.png,Gay read the rest of the letter then put,h ta a th a e tae .,0.7
test_002690.png,"Everything was quite clear now , and to",ae ae ae tae as .,0.7435897435897436
test_002691.png,to the man she had spent so much time,te ta a a n .,0.7297297297297297
test_002692.png,Gavin had come back to her .,ao a ta ta . s .,0.6428571428571429
test_002693.png,"and going to marry a foreigner ... """,a a tan . .,0.75
test_002694.png,her ., .,0.8
test_002695.png,"it back in her bag . Elaine was engaged ,",t e e to tay .,0.7804878048780488
test_002696.png,rather a sense of relief now that she,a tae an e tn . . .,0.7297297297297297
test_002697.png,"her own surprise Gay felt no heartbreak ,",he a ae ae ay .,0.7317073170731707
test_002698.png,for Gavin at the way he was behaving as she,te e a a an t .,0.7441860465116279
test_002699.png,"understand , knowing that Gay was as much ashamed",ae a ae ta s .,0.7959183673469388
test_002700.png,""" That is a pretty dress , "" Lilyan commented , obviously sensing",ah ae ae a s .,0.8307692307692308
test_002701.png,Because she was second best . The others came back,ae a a y .,0.84
test_002702.png,"knowing that they were real friends , even if they were new ones .",ae e ae e s .,0.803030303030303
test_002703.png,"Gay's distress and in a way that Doc , as a man , could not",th e a a ae t s .,0.7796610169491526
test_002704.png,"she felt happier . Gay loved them for their warm sympathy ,",tae a tae tan y .,0.7627118644067796
test_002705.png,"to the table , all of them making a fuss of her and at once",tae ae tae a ae ny .,0.7288135593220338
test_002706.png,was hurt for herself .,aoe ta ta an .,0.7727272727272727
test_002707.png,one has to know something about fishing,he a ta a ae s .,0.7435897435897436
test_002708.png,I don't think I 'd go to Edinburgh un-,ahe ae ta a a . n . .,0.7894736842105263
test_002709.png,"take my pick , whereas in Yarmouth",ae a ann e .,0.7941176470588235
test_002710.png,"be a doctor , and I already know",he tae ae as .,0.75
test_002711.png,"home , or perhaps a student studying to",ahe a ta an s .,0.7435897435897436
test_002712.png,""" There are all sorts of wonder-",ta e a ae a tay .,0.71875
test_002713.png,less I was a Scot and wanting to get,h tae a ae tae .,0.75
test_002714.png,ful jobs in London and I could,h ta ae tae an .,0.7666666666666667
test_002715.png,and in Liverpool they 'd want sea-farers .,h ae tae ae tans .,0.7142857142857143
test_002716.png,"all about that . """,   .,0.9444444444444444
test_002717.png,"Sometimes they talked on the theme of "" when we get married "" ,",to t  y .,0.9047619047619048
test_002718.png,"and then all was wonderful , and perhaps it had only been",ao  a ta. . .,0.8421052631578947
test_002719.png,"that lark , I can tell you ! """,ahe ta ae. an n .,0.7
test_002720.png,"a slip of the tongue when Nigel had said , only last",aoe a a a  tay .,0.7884615384615384
test_002721.png,"She was engaged to Nigel , had been for two years .",he tae a ae tay .,0.7254901960784313
test_002722.png,"evening , "" If we get married , old girl , you 'll have to stop",ahe ae ae tae ta .,0.8095238095238095
test_002723.png,been standing in for Luke Parsons at his surgery in,te  tae t . .,0.8235294117647058
test_002724.png,Little Phelpham .,ae tan . .,0.7647058823529411
test_002725.png,She couldn't remember what they had been talking about or,ta ta t n . s .,0.8245614035087719
test_002726.png,"with it was coupled a disembodied fragment of information ,",th a th an ay .,0.8135593220338984
test_002727.png,"which ' lark ' she would have to stop , only that significant tiny",h a a ae ae .,0.8484848484848485
test_002728.png,which now took on an ominous significance : Nigel had been,ah tan . . .,0.8620689655172413
test_002729.png,"word shouted into her very soul a horn of warning , and",th n a tae a ae t .,0.8
test_002730.png,seen in Farlingham on an occasion he had sworn he had,te ae a ae t .,0.8113207547169812
test_002731.png,the situation would have been intolerable,ae ae e ae tay .,0.7560975609756098
test_002732.png,when she was not free ; this much they had,ah h aee e a ae an .,0.7142857142857143
test_002733.png,about their relationship . So when Nigel,ahe ae ta ae e t .,0.75
test_002734.png,Now Nigel had every right to go where he,h a ae ann . .,0.825
test_002735.png,had there not been some give and take,h ae th ae tae ae s .,0.6756756756756757
test_002736.png,liked during his off-duty periods,t y .,0.9090909090909091
test_002737.png,had told her about taking Luke's,ah ae th ae tae as .,0.71875
test_002738.png,conceded one to the other . They rarely,ta a a a an n .,0.8461538461538461
test_002739.png,"found they were off duty together , and",aoe ae ta ae a .,0.7435897435897436
test_002740.png,"evening surgery she had said ,",ao ae a ta tay .,0.7333333333333333
test_002741.png,"of variety and it 's a change . "" Nigel was the hospital's",tae t tae a  .,0.8275862068965517
test_002742.png,"he shrugged diffidently , "" I like the work . One gets plenty",ta tae .,0.9016393442622951
test_002743.png,asked hopefully ., y .,0.8235294117647058
test_002744.png,"suppose , to meet me for supper somewhere ? "" she had",ane a ae tae ae tos .,0.7735849056603774
test_002745.png,"Junior Medical Officer . "" You won't be free about nine , I",ah a a an . .,0.864406779661017
test_002746.png,""" Bless you ! I hope Luke is suitably grateful , darling . "" "" Oh , well , """,aoe a tae toy .,0.868421052631579
test_002747.png,"I 've got to see 'em . If I am free , though ,",he a e ah ae tas .,0.7608695652173914
test_002748.png,""" Hardly likely , my sweet . Luke's surgery goes on for",ahe a a ae ae tae s .,0.7636363636363637
test_002749.png,"I 'll give you a ring , O.K. ? "" O.K. , "" she had",a a ae ae ae .,0.8367346938775511
test_002750.png,replied readily . So how could Nigel have,ah a th a tae t .,0.8048780487804879
test_002751.png,dancing with a blonde at eight-thirty that,a ae ae ae ta. .,0.7619047619047619
test_002752.png,"hours . If they get in before eight-thirty , even",ah ae tan . . .,0.8367346938775511
test_002753.png,"though they 're standing on one another's toes ,",ahe an ae tae t .,0.7291666666666666
test_002754.png,"been at the Load of Trouble roadhouse ,",h ae tae tae s .,0.717948717948718
test_002755.png,very evening ?,ta a n .,0.7857142857142857
test_002756.png,"face , Di , but it certainly looked like",ah ae ae ae n .,0.825
test_002757.png,"NUF 121 . "" "" He probably loaned his car",ah ae a tae ae .,0.775
test_002758.png,""" No , "" she told Phil Gubbins , a junior",ah t t th tae an .,0.7804878048780488
test_002759.png,Nigel from the back . D.j. and all .,ahe a a tae a tans .,0.6666666666666666
test_002760.png,"Young Gubbins shrugged . "" I didn't see his",ahe a ta a e a s .,0.813953488372093
test_002761.png,"to somebody , Phil . He 's always doing that . """,te  ae a a tan s .,0.75
test_002762.png,"to go into the Load of Trouble . """,h ae a a a an . .,0.7352941176470589
test_002763.png,Of course such as I couldn't afford,he e ae a as .,0.8
test_002764.png,"houseman , "" it wasn't Nigel you saw ,",ae ae ae tae t .,0.7631578947368421
test_002765.png,"my lad . "" "" It was Nigel's car , anyway .",h a ae a a ans .,0.6904761904761905
test_002766.png,"With a blonde , too . Imagine ! "" Nigel was frowning . He",ta ta an .,0.8245614035087719
test_002767.png,"mouth , an act of devotion he didn't over-indulge .",ahe  tae tey .,0.8235294117647058
test_002768.png,"suddenly in an upsurging of relief , "" that stupid",a ae ta an t . .,0.84
test_002769.png,Gubbins boy thought he saw you at the Load of Trouble .,ahe a a s .,0.8363636363636363
test_002770.png,""" 5Ye-es ? "" he lowered his eyes and kissed her on the",ah a ae n s .,0.8333333333333334
test_002771.png,handsome at other times .,ta h ae ay .,0.72
test_002772.png,""" What about it , my sweet ? "" "" Well , "" she laughed",tae ae ta tay .,0.8490566037735849
test_002773.png,looked distinguished when he frowned ; boyishly,a a ta an t . .,0.851063829787234
test_002774.png,""" Gubbins ? Gubbins ? "" he fretted . "" Who 's he ? """,ae a ae ae s .,0.8461538461538461
test_002775.png,"he now demanded . "" What was he",t  ta ta . .,0.8064516129032258
test_002776.png,"member of the staff , distinguished or not ,",aoe a ta e .,0.8181818181818182
test_002777.png,Nigel often had to think hard to sort,tae ae a ae tae tas .,0.6756756756756757
test_002778.png,"doing at the Load of Trouble ? """,ae a ae a an . .,0.71875
test_002779.png,"them out . "" He 's the carrotty lad , isn't he ? """,h ah a a ae a s .,0.78
test_002780.png,Though Diana knew the name of every,ahe a an h tan s .,0.6857142857142857
test_002781.png,""" Don't be such a baby ! "" They were going",toe ae tay .,0.8333333333333334
test_002782.png,to have an open quarrel,h ae ae ae tan s .,0.6521739130434783
test_002783.png,"joking , Nigel . "" "" You shouldn't joke",ae ae tany .,0.8717948717948718
test_002784.png,""" But I want it ! "" she protested . "" It 's my ring . """,ah tae ae tan .,0.8
test_002785.png,""" You just gave it back to me . "" "" I",ahe ta  a ta .,0.7567567567567568
test_002786.png,didn't ! I was joking . You know I was,toe a ay .,0.8421052631578947
test_002787.png,"any minute , and she knew it .",a tae ae tan e .,0.6666666666666666
test_002788.png,"about serious things like engagements . """,ao  ts .,0.8292682926829268
test_002789.png,"Almost in desperation she appealed , "" Will you meet",ahe a ane an s .,0.8076923076923077
test_002790.png,"he told her , and suddenly seized her in an embrace",ahe a ae ae ans .,0.7843137254901961
test_002791.png,"kissing somebody else's girl , "" he decided wickedly ,",te e a s .,0.8888888888888888
test_002792.png,receive a sharp slap for his pains .,a a tae ae tae .,0.7222222222222222
test_002793.png,"me up for tea , of course . I just thought . "" "" I 'll see , """,he ae a ae ae t .,0.8225806451612904
test_002794.png,"me at the gate , four o'clock tomorrow ? "" "" Why ? "" he",ah a a ae a tae .,0.8181818181818182
test_002795.png,"enquired , combing his thick , tawny hair . "" To bring",ahe ta a ta. .,0.8333333333333334
test_002796.png,"which really hurt . "" Without your ring it 's just like",ah a ta n . .,0.8363636363636363
test_002797.png,"and kissed her again , somewhat startled to",th t a tae an . .,0.813953488372093
test_002798.png,"what you 'd get , "" she flashed at him , and",ahe ae ae an .,0.7727272727272727
test_002799.png,"out of his sight . "" Mine , "" Nigel Lester had",ae ae tan e .,0.8478260869565217
test_002800.png,"decided with a sigh of satisfaction , and",a n s .,0.8780487804878049
test_002801.png,then regarded the ring which he retrieved,ah e a a .,0.8536585365853658
test_002802.png,which had followed her slim young figure,ahe e an s .,0.825
test_002803.png,with some bitterness .,a an .,0.8181818181818182
test_002804.png,"so had left him , on her dignity and not",a e an n .,0.8
test_002805.png,""" If I were somebody else's girl that 's",tae tae tany .,0.85
test_002806.png,seeing the look of admiration and revelation,ae a an .,0.8409090909090909
test_002807.png,"from his pocket . "" At a price , "" he concluded ,",h ae a aen s .,0.8163265306122449
test_002808.png,"there was just time to smoke a cigarette ,",h ta e ae as .,0.7619047619047619
test_002809.png,hospital .,y .,0.8
test_002810.png,"They often had such a rendezvous , for",ah a ta a an . .,0.7368421052631579
test_002811.png,Sentence Database P03-189,t . .,0.88
test_002812.png,"if one walked slowly , between road and",ta tae ae tay .,0.7692307692307693
test_002813.png,steely . ' I see . ' Scorn lashed his,an ae tae an s .,0.7837837837837838
test_002814.png,badly - at any price . I hope,ae ae ta e ans .,0.7241379310344828
test_002815.png,"His mouth hardened , his eyes became",h an aee a e tay .,0.75
test_002816.png,Truth ! ' His gaze held hers,tae ae ae tae tay .,0.75
test_002817.png,you are satisfied . ',ao a tay .,0.6666666666666666
test_002818.png,words . ' I wonder you dared trust,an a a ae an .,0.7941176470588235
test_002819.png,him to my care . ' ' Nicholas - ',a a a an .,0.8181818181818182
test_002820.png,masterfully . ' You wanted it so,a an n . .,0.8125
test_002821.png,' Well ! At least I know the truth .,aoe a aee ae tany .,0.7222222222222222
test_002822.png,vulsion that was homicidal .,ae tae ta any .,0.7142857142857143
test_002823.png,"mantle , and said with such",ane tae tae ae tay .,0.7037037037037037
test_002824.png,"And as he spoke , the thought",a a ae an . .,0.7586206896551724
test_002825.png,he put back his professional,h ae ae ta ny .,0.7857142857142857
test_002826.png,tied . He dare not precipitate,aoe ta tan s .,0.8
test_002827.png,room filled him with a re-,aoe aae tan . . .,0.7307692307692307
test_002828.png,"icy politeness , such withdrawn",ae tan tan s .,0.8064516129032258
test_002829.png,"Even in that , his hands were",a n ae tan .,0.7241379310344828
test_002830.png,of Philip lying in the other,h ae ae any .,0.8214285714285714
test_002831.png,coronary . And in that second,tae ans .,0.8620689655172413
test_002832.png,what might well be another,ae tae ae tay .,0.7307692307692307
test_002833.png,will contact your new doctor,aoe tae ae ay .,0.7857142857142857
test_002834.png,"his # prescription pad , and",tan s .,0.8571428571428571
test_002835.png,"# scribble on it . Then ,",a  n as .,0.8
test_002836.png,' I will leave you the necessary pre-,an y .,0.8918918918918919
test_002837.png,"waistcoat pocket , take out",ta a ae .,0.7407407407407407
test_002838.png,he tore off the leaflet and,h ae ae ta ta an . .,0.6666666666666666
test_002839.png,"with a gesture she knew so well ,",ae ae ae tany .,0.7575757575757576
test_002840.png,scription for the sedatives . You,ta an n . .,0.8181818181818182
test_002841.png,when you reach your parents',ta ay .,0.8571428571428571
test_002842.png,house . ' She watched him flick,ta ae ae as .,0.7741935483870968
test_002843.png,his fountain-pen from his,ahe a a h .,0.8
test_002844.png,thing - not even friendship .,tae ae ae tan .,0.7241379310344828
test_002845.png,him . She couldn't hate him ...,aoe ta n . .,0.7419354838709677
test_002846.png,"him go , unable to speak , she",ae ta a .,0.7666666666666667
test_002847.png,felt that part of her was leaving,ahe a e ae an .,0.7272727272727273
test_002848.png,with a deadly finality . Watching,ahe ae ae tany .,0.7575757575757576
test_002849.png,"' Good-bye , Sandra , ' he said",ae ae a ae as .,0.7741935483870968
test_002850.png,If only he would have con-,ah e ta a a n .,0.7692307692307693
test_002851.png,"fided in her , given some expla-",ae tae a e ae any .,0.71875
test_002852.png,nation . Now there was no-,a ta a tae n .,0.7307692307692307
test_002853.png,a hand and grasped hers .,tae tay .,0.8
test_002854.png,solace in that fact at least .,ta e a  ay .,0.7
test_002855.png,"the word . Nicholas , Philip ...",ah a ae tan . .,0.75
test_002856.png,peace of mind ? Philip put out,toe tay .,0.9
test_002857.png,He needed her . She would find,ta  y .,0.9
test_002858.png,Love . She revolted against,toe tae ta tay .,0.7037037037037037
test_002859.png,"words : ' I love you - oh , you",a a tae n .,0.8387096774193549
test_002860.png,"where was happiness , or",ta .,0.9166666666666666
test_002861.png,She went back to Philip . But,ah a a tan . s .,0.6896551724137931
test_002862.png,know that well enough . ',ae ae a an . .,0.68
test_002863.png,all she could hear were Nicholas's,h e ae tae an y .,0.7941176470588235
test_002864.png,what they were saying . Sandra,to ta tay .,0.7666666666666667
test_002865.png,"given her . ' I 'm sorry , darling . '",tae tae ae tan . .,0.7631578947368421
test_002866.png,She had her truth . How much had built,ao ay .,0.868421052631579
test_002867.png,talking to Nicholas and wondering,ta tay .,0.8181818181818182
test_002868.png,I knew he was responsible for,ta y .,0.896551724137931
test_002869.png,said instinctively : ' I told him,ta tan .,0.8484848484848485
test_002870.png,"up from that first ideal , and how",a a tan . .,0.7941176470588235
test_002871.png,"little joy , or satisfaction , it had",toe a ny .,0.8378378378378378
test_002872.png,He looked nervous . It had been,ta a y .,0.8709677419354839
test_002873.png,Beryl's death . ',o   .,0.8823529411764706
test_002874.png,"hell lying there , knowing she was",ah ae tas .,0.8529411764705882
test_002875.png,you sure that she was telling the truth ? ',th  ay .,0.8837209302325582
test_002876.png,disbelieve the facts . ' Elation,tae a any .,0.8125
test_002877.png,no matter how one might want to,tae ay .,0.8387096774193549
test_002878.png,Her eyes darkened in torment . ' Are,to ae ay .,0.8333333333333334
test_002879.png,touched him after the cold wind,tae ae a e tay .,0.7096774193548387
test_002880.png,"' Good heavens , darling , why on earth",ah ta e tay .,0.8205128205128205
test_002881.png,to see what comes out at the inquest .,tany .,0.868421052631579
test_002882.png,"should she lie ? Besides , it wasn't just",tae e ae tany .,0.7560975609756098
test_002883.png,"her word . There was enough evidence ,",toe tay .,0.868421052631579
test_002884.png,of suspense . ' It will be interesting,te ae ta e tay .,0.7894736842105263
test_002885.png,will matter most . ' Strange how just,ae ae a any .,0.7837837837837838
test_002886.png,"will be truthful , but what he leaves out",ah y .,0.9024390243902439
test_002887.png,then Philip was so certain that Nicholas,ah ae a ay .,0.8
test_002888.png,Sandra too deeply to ruin her,to ta y .,0.7931034482758621
test_002889.png,origin of her recent illness . His notes,toe ay .,0.875
test_002890.png,future happiness . Had ever circum-,tae ae y .,0.8
test_002891.png,he 'll confine himself to the nervous,tae ay .,0.918918918918919
test_002892.png,would never betray him . He loved,ta ae ae ay .,0.7575757575757576
test_002893.png,Philip's spirits soared .,a an .,0.84
test_002894.png,What his story will be . I reckon,to ay .,0.8484848484848485
test_002895.png,stances conspired so cunningly ?,toe ta any .,0.75
test_002896.png,Something in Sandra's attitude struck,to ta n .,0.8648648648648649
test_002897.png,"can you ? ' ' Forgive is an unctuous ,",ao any .,0.8421052631578947
test_002898.png,He was better ; he had made a,a a a a n . .,0.7586206896551724
test_002899.png,miraculous recovery and Sandra would,tay .,0.9166666666666666
test_002900.png,' You can't forgive him for this -,an as .,0.8529411764705882
test_002901.png,"patronizing word , ' she replied . ' I despise",tae tae tay .,0.8695652173913043
test_002902.png,the deceit . The lies . ',  .,0.96
test_002903.png,certainly looked after his own .,ta tae ny .,0.75
test_002904.png,"him suddenly , making him say :",toy .,0.9354838709677419
test_002905.png,"soon be his wife . The Devil , he thought ,",ah ae a any .,0.8604651162790697
test_002906.png,purpose than the throwing of dust in his,ae ae a an n s .,0.75
test_002907.png,"the original colour of his own natural vowels ,",an ae ae ta an .,0.8297872340425532
test_002908.png,"His digressions too , seemed to have no other",ta tay .,0.8888888888888888
test_002909.png,a grey superimposition of respectability over,ahe ae an e .,0.8222222222222222
test_002910.png,"just dusty-grey but muddy , slimy even .",h a tae ta s .,0.775
test_002911.png,"the fake friend of the family , like the",tae ae ae tae a tn s .,0.65
test_002912.png,"client's eyes , the dust of fake security , of",a ae ta n n .,0.8260869565217391
test_002913.png,"the result being somehow as ineffective , not",a ae ann .,0.8666666666666667
test_002914.png,"His voice was like his black and pin-stripe ,",tae a e ae any .,0.7555555555555555
